ResourceID,brocade.id,card,order,Material Records
c285eabe-bdd8-5fa8-be09-e0d2398c5947,tg:mpmph:31,e73_MaterialRecords,1,"[{""resourceId"": ""001ccf13-ea5e-5182-902a-d87234a810c5"", ""ontologyProperty"": """", ""resourceXresourceId"": ""5bd02423-6624-4e2d-8e28-63cf29129073"", ""inverseOntologyProperty"": """"}]"
32b561ba-598d-5dbe-9489-35948ec95d3c,tg:mpmph:21,e73_MaterialRecords,1,"[{""resourceId"": ""44c64192-38c7-592c-bad7-d324bbe2cc23"", ""ontologyProperty"": """", ""resourceXresourceId"": ""d916e4aa-fe12-4d20-8dbc-35f39708247f"", ""inverseOntologyProperty"": """"}]"
037115d1-f4fd-5466-9669-a426c185e2ac,tg:mpmph:88,e73_MaterialRecords,1,"[{""resourceId"": ""e34d429a-2a8b-5fe9-a31e-b09e056a56d9"", ""ontologyProperty"": """", ""resourceXresourceId"": ""98b0f681-7b06-4f87-80d0-da84ac9bb8a6"", ""inverseOntologyProperty"": """"}]"
020d937c-b7b1-5ae0-9241-74fd925008ba,tg:mpmph:98,e73_MaterialRecords,1,"[{""resourceId"": ""fe30a6aa-d431-5847-9e14-02977c4b1be2"", ""ontologyProperty"": """", ""resourceXresourceId"": ""8c6e2c65-ca66-4a5e-a5f2-ac0051dafa5e"", ""inverseOntologyProperty"": """"}]"
e272703b-d5a8-58f6-99cc-7b327f7488d7,tg:mpmph:108,e73_MaterialRecords,1,"[{""resourceId"": ""79b70912-1571-534c-9854-e4a97180a755"", ""ontologyProperty"": """", ""resourceXresourceId"": ""0f4189cb-4eea-4918-85f8-329a097248ea"", ""inverseOntologyProperty"": """"}]"
48a416aa-fd0c-5b4d-88b8-8491c78d09c4,tg:mpmph:53,e73_MaterialRecords,1,"[{""resourceId"": ""9923cae1-3504-5e83-b3e0-c88424cb6e45"", ""ontologyProperty"": """", ""resourceXresourceId"": ""69a5e68e-812b-4ed0-b8b7-7cecefac017c"", ""inverseOntologyProperty"": """"}]"
7bdeae05-9a01-5c7a-baba-17b7d04d3200,tg:mpmph:43,e73_MaterialRecords,1,"[{""resourceId"": ""3a2fca02-413e-55d6-9884-53909ae05518"", ""ontologyProperty"": """", ""resourceXresourceId"": ""461d2a33-476a-440c-a0c5-1f1dc4f4a786"", ""inverseOntologyProperty"": """"}]"
cf10feed-9f60-5d97-9a97-6f221a03c746,tg:mpmph:101,e73_MaterialRecords,1,"[{""resourceId"": ""bb226f0f-bd14-5144-838a-8547f916a46c"", ""ontologyProperty"": """", ""resourceXresourceId"": ""10bcde7a-82d8-4715-828a-b8cd391cef7a"", ""inverseOntologyProperty"": """"}]"
69b8e859-4eb7-5bdb-ba34-76e65b9a26a3,tg:mpmph:28,e73_MaterialRecords,1,"[{""resourceId"": ""7c593b11-17ee-5c52-918e-2fc0f2fa9244"", ""ontologyProperty"": """", ""resourceXresourceId"": ""bb7276b8-893f-4b22-ad38-0843cf1411c5"", ""inverseOntologyProperty"": """"}]"
1f65494d-9c65-535d-bcb1-a04cf80de46f,tg:mpmph:38,e73_MaterialRecords,1,"[{""resourceId"": ""ec05a67f-760c-5f02-a723-d48b9bf3441f"", ""ontologyProperty"": """", ""resourceXresourceId"": ""1dc13ca2-93cc-4e4f-bc82-974f31b21629"", ""inverseOntologyProperty"": """"}]"
b2b20816-1148-5965-89d9-95c6cfe2d0ab,tg:mpmph:91,e73_MaterialRecords,1,"[{""resourceId"": ""bd89fb79-515d-5c68-91f9-502ff423fd9a"", ""ontologyProperty"": """", ""resourceXresourceId"": ""3df99607-b41b-4c03-b364-381ee8d7f67c"", ""inverseOntologyProperty"": """"}]"
05915d97-808a-5322-ab95-3721b82d4af5,tg:mpmph:81,e73_MaterialRecords,1,"[{""resourceId"": ""df382509-0db8-5e99-837f-966fcbc3e743"", ""ontologyProperty"": """", ""resourceXresourceId"": ""818ce917-6e48-44d4-9186-35cbde1fd7ef"", ""inverseOntologyProperty"": """"}]"
12f6e1a1-833b-5a83-84fa-b7faf7a7386e,tg:mpmph:75,e73_MaterialRecords,1,"[{""resourceId"": ""7ba7b2c9-768c-5148-98cd-5b5669f97f16"", ""ontologyProperty"": """", ""resourceXresourceId"": ""45eec944-4182-4c9c-a1d2-f1f88b17def9"", ""inverseOntologyProperty"": """"}]"
c6ce51c0-0db0-5a1f-9fb7-361349dd4840,tg:mpmph:65,e73_MaterialRecords,1,"[{""resourceId"": ""2c9fb700-6b31-54c6-a149-fb65a510cc6f"", ""ontologyProperty"": """", ""resourceXresourceId"": ""7837e2f0-23a6-4fe9-a73b-3bf0831f4fad"", ""inverseOntologyProperty"": """"}]"
f022dc4f-36b1-5a66-80aa-9944797a9e37,tg:mpmph:100,e73_MaterialRecords,1,"[{""resourceId"": ""4f444090-50f1-582a-9a2b-fa430307a70c"", ""ontologyProperty"": """", ""resourceXresourceId"": ""7e9cf339-3ec9-450d-af48-2e8cf4f2fd5a"", ""inverseOntologyProperty"": """"}]"
b4182975-61f9-5203-a727-dd5c0ad07f18,tg:mpmph:110,e73_MaterialRecords,1,"[{""resourceId"": ""70c21c45-3f92-5dc7-ae3c-8e650c96670a"", ""ontologyProperty"": """", ""resourceXresourceId"": ""253bcc53-59cb-4c2f-bfdb-3afe9245796c"", ""inverseOntologyProperty"": """"}]"
2d0bf567-5768-5791-b31c-86e0269b9dd9,tg:mpmph:80,e73_MaterialRecords,1,"[{""resourceId"": ""e2184164-9516-51e5-817a-db86425e2ad1"", ""ontologyProperty"": """", ""resourceXresourceId"": ""bef63c94-2369-4e1d-a79b-b1fbeb74ad89"", ""inverseOntologyProperty"": """"}]"
742c8708-ac9b-5dd4-aed5-96cfafdf58d6,tg:mpmph:90,e73_MaterialRecords,1,"[{""resourceId"": ""57a9ed2e-e46e-52ec-b3e1-68bb09d369b1"", ""ontologyProperty"": """", ""resourceXresourceId"": ""71c6d0b5-b24d-4796-96dc-d0b5ab6a4e54"", ""inverseOntologyProperty"": """"}]"
ca1cf717-87de-593d-879d-bbc322cc0af3,tg:mpmph:39,e73_MaterialRecords,1,"[{""resourceId"": ""39907cb5-f8d4-5341-b387-6d8aa2c722f2"", ""ontologyProperty"": """", ""resourceXresourceId"": ""78b3a613-d70d-424a-ab29-e9bb6f4f6f69"", ""inverseOntologyProperty"": """"}]"
98ede7e9-04cf-5572-9050-3c38ff08333c,tg:mpmph:29,e73_MaterialRecords,1,"[{""resourceId"": ""6b687c2b-864c-5ca0-b6ee-59f294a812e8"", ""ontologyProperty"": """", ""resourceXresourceId"": ""0d407e1f-6aaf-4e06-b6ac-3616af403110"", ""inverseOntologyProperty"": """"}]"
9ec5ab15-587a-5306-91c2-1fec1c22f42b,tg:mpmph:64,e73_MaterialRecords,1,"[{""resourceId"": ""53ec7d83-adc4-531a-9217-fe7d8ac4eb08"", ""ontologyProperty"": """", ""resourceXresourceId"": ""9964da0a-1bae-448a-ae52-d40577586fbb"", ""inverseOntologyProperty"": """"}]"
46878d5c-014a-56a9-a7f8-35748ffb9d8a,tg:mpmph:74,e73_MaterialRecords,1,"[{""resourceId"": ""24d14f81-9d39-5f8d-a31b-5f3c4e1645cb"", ""ontologyProperty"": """", ""resourceXresourceId"": ""99ff1869-7e69-4b43-a26f-cce642cca97d"", ""inverseOntologyProperty"": """"}]"
68a09ff2-b4bf-5cc1-979b-96655a7771a5,tg:mpmph:16,e73_MaterialRecords,1,"[{""resourceId"": ""441c824c-45cf-515d-a021-27e089d7928a"", ""ontologyProperty"": """", ""resourceXresourceId"": ""fa27b3ba-4717-4895-a7f1-33c0da9de11d"", ""inverseOntologyProperty"": """"}]"
bbe4a999-e119-5460-a0bd-2ef6005b0c19,tg:mpmph:99,e73_MaterialRecords,1,"[{""resourceId"": ""378a644e-0606-528a-843b-6e916bf39902"", ""ontologyProperty"": """", ""resourceXresourceId"": ""7a5bb046-8666-47a0-aff3-b7e4bb978e50"", ""inverseOntologyProperty"": """"}]"
136b5024-824a-5852-aade-a50bef89e1b1,tg:mpmph:89,e73_MaterialRecords,1,"[{""resourceId"": ""83d22bbb-ed76-5e38-b341-abea61ef1beb"", ""ontologyProperty"": """", ""resourceXresourceId"": ""1d68bcd9-9aa0-4706-a021-61cdf69a40f5"", ""inverseOntologyProperty"": """"}]"
81aaae21-7028-5bcd-9dbb-dbccaa22064f,tg:mpmph:20,e73_MaterialRecords,1,"[{""resourceId"": ""cb2d75af-a232-5ddd-b4af-234ee4d38556"", ""ontologyProperty"": """", ""resourceXresourceId"": ""58931ded-38c6-44fb-b152-af6cfc04d382"", ""inverseOntologyProperty"": """"}]"
446ac2b9-2e36-563c-9e73-2d747408702a,tg:mpmph:30,e73_MaterialRecords,1,"[{""resourceId"": ""153dd3ba-db9e-597c-8580-d4ba2fc79aa3"", ""ontologyProperty"": """", ""resourceXresourceId"": ""b89a04b5-33fd-4581-88ac-dcd0395609d5"", ""inverseOntologyProperty"": """"}]"
ad8368fa-2ee2-55e7-b70e-b62a812b56ae,tg:mpmph:42,e73_MaterialRecords,1,"[{""resourceId"": ""af803315-1e49-5c5f-ae15-eb2878d2dedc"", ""ontologyProperty"": """", ""resourceXresourceId"": ""f12f15b8-f3f9-4e92-b0eb-9734d56eead5"", ""inverseOntologyProperty"": """"}]"
22cdd8f7-6cf3-55fe-aa04-5b7efa7b9ff4,tg:mpmph:52,e73_MaterialRecords,1,"[{""resourceId"": ""03c8990c-ba3a-5c5e-9a2a-08360d5eb8e9"", ""ontologyProperty"": """", ""resourceXresourceId"": ""d800f187-9e66-4cbc-8c3b-49f6a4b6b12c"", ""inverseOntologyProperty"": """"}]"
1616a1ee-ecef-5dc0-a725-4482623bfc55,tg:mpmph:109,e73_MaterialRecords,1,"[{""resourceId"": ""66327336-304a-5178-94b7-50b003153994"", ""ontologyProperty"": """", ""resourceXresourceId"": ""a1422a85-27aa-40ee-bfa3-17d4c4830d69"", ""inverseOntologyProperty"": """"}]"
4d365fa2-2ad0-53e9-a168-01512accff50,tg:mpmph:92,e73_MaterialRecords,1,"[{""resourceId"": ""27cefa72-ec66-5eb1-a976-177cb107b710"", ""ontologyProperty"": """", ""resourceXresourceId"": ""ef1b389b-ba55-4d05-a035-54ef0c7b013c"", ""inverseOntologyProperty"": """"}]"
c417b291-2b00-5e32-8b8b-dbc7063baecb,tg:mpmph:82,e73_MaterialRecords,1,"[{""resourceId"": ""61fe8a24-d55f-5153-9b1c-8648e22e318c"", ""ontologyProperty"": """", ""resourceXresourceId"": ""54bec0f3-5616-42f5-96d8-a7621cade3dc"", ""inverseOntologyProperty"": """"}]"
88418fac-2c30-5ae1-b7f8-659da144e16c,tg:mpmph:49,e73_MaterialRecords,1,"[{""resourceId"": ""225c0427-0797-5af6-907b-9deae566cc07"", ""ontologyProperty"": """", ""resourceXresourceId"": ""caf58c0a-db33-436f-843a-122e56f5c5bf"", ""inverseOntologyProperty"": """"}]"
8e67ae5a-ecce-5684-aec6-c266ea6a8d35,tg:mpmph:59,e73_MaterialRecords,1,"[{""resourceId"": ""e6bfc5c3-6da1-5707-beec-1b71aaab4bf3"", ""ontologyProperty"": """", ""resourceXresourceId"": ""4c09551d-141e-4a0b-b33b-cc85ae6f83e1"", ""inverseOntologyProperty"": """"}]"
0601325c-d473-5b61-888a-cfab9bd292d6,tg:mpmph:102,e73_MaterialRecords,1,"[{""resourceId"": ""79a2ec62-c6aa-52e4-9625-17b25a00f7d1"", ""ontologyProperty"": """", ""resourceXresourceId"": ""bacad868-b8f6-433f-a841-9caaa3d1193a"", ""inverseOntologyProperty"": """"}]"
177dc347-eab9-5aa9-9bed-bcc55aa5c471,tg:mpmph:14,e73_MaterialRecords,1,"[{""resourceId"": ""c69d0e47-9009-53bb-ad77-2e33fd199b30"", ""ontologyProperty"": """", ""resourceXresourceId"": ""0718b8b4-3a47-4872-9f02-cf04e82bdc31"", ""inverseOntologyProperty"": """"}]"
dcc9188a-6856-50f7-b147-658bdb097ba6,tg:mpmph:76,e73_MaterialRecords,1,"[{""resourceId"": ""192f248d-5931-5938-864c-9627fc72eee7"", ""ontologyProperty"": """", ""resourceXresourceId"": ""a91da21e-d0eb-4513-a65a-13d57c9a2145"", ""inverseOntologyProperty"": """"}]"
446b3528-00c5-567d-b487-16c664daba1b,tg:mpmph:66,e73_MaterialRecords,1,"[{""resourceId"": ""443e33f1-6a69-5bbe-ae99-8a39337ad250"", ""ontologyProperty"": """", ""resourceXresourceId"": ""88c466e4-d715-4a87-b552-4a4c673a4d26"", ""inverseOntologyProperty"": """"}]"
633eb992-a5fd-5527-a534-d01b12ca13f7,tg:mpmph:50,e73_MaterialRecords,1,"[{""resourceId"": ""d5e81ead-eb24-55f5-8494-4afb69a8449a"", ""ontologyProperty"": """", ""resourceXresourceId"": ""d2a46a28-c8ce-45b0-930e-8f4c00fc3374"", ""inverseOntologyProperty"": """"}]"
89a03f1f-a849-54d1-bad7-0b3783be0323,tg:mpmph:40,e73_MaterialRecords,1,"[{""resourceId"": ""2ea0e18c-6b4e-57a5-8984-17507fbc1bbc"", ""ontologyProperty"": """", ""resourceXresourceId"": ""0e69e4f6-9e75-40af-b057-a1d25254aba3"", ""inverseOntologyProperty"": """"}]"
cf3016fe-7454-52a8-90e3-f1bd64f1d2ee,tg:mpmph:32,e73_MaterialRecords,1,"[{""resourceId"": ""623b504a-77f7-536b-b7c9-e98fef50725e"", ""ontologyProperty"": """", ""resourceXresourceId"": ""d9380d62-a928-4855-887f-c3b23254ecde"", ""inverseOntologyProperty"": """"}]"
2463587d-8d6e-5386-a2ff-5b722d676cf3,tg:mpmph:22,e73_MaterialRecords,1,"[{""resourceId"": ""876cda95-7079-519e-8833-198ab402dde6"", ""ontologyProperty"": """", ""resourceXresourceId"": ""0baca45f-c855-4bc1-8914-8df9ff0eb487"", ""inverseOntologyProperty"": """"}]"
eb9f60d8-3e27-5471-a2dd-90e2c3182af8,tg:mpmph:41,e73_MaterialRecords,1,"[{""resourceId"": ""9970a225-7f06-5b1b-b41b-c61045fbe4c8"", ""ontologyProperty"": """", ""resourceXresourceId"": ""5348cb27-2ca6-48e0-bafa-71a273b72783"", ""inverseOntologyProperty"": """"}]"
ce680aee-e5e6-55f0-80d3-6ea99cfa9014,tg:mpmph:51,e73_MaterialRecords,1,"[{""resourceId"": ""d3d677e7-467b-5ee8-b0d9-5592255c9743"", ""ontologyProperty"": """", ""resourceXresourceId"": ""487ade93-9fbd-4a09-b193-0706a4c25def"", ""inverseOntologyProperty"": """"}]"
78bb7a61-bdf1-5d4d-b658-8ff864536f1f,tg:mpmph:23,e73_MaterialRecords,1,"[{""resourceId"": ""2068392a-927a-5d44-90a6-24a88e138966"", ""ontologyProperty"": """", ""resourceXresourceId"": ""6e6c92ee-4340-47fd-874a-cb82e877f758"", ""inverseOntologyProperty"": """"}]"
8cba6c96-a1d7-539e-afab-09fb50291ff1,tg:mpmph:33,e73_MaterialRecords,1,"[{""resourceId"": ""0204e5c2-0ae8-50ac-9bac-c2822da7f068"", ""ontologyProperty"": """", ""resourceXresourceId"": ""34fa5613-bb67-47a0-8272-c9cc970fed8f"", ""inverseOntologyProperty"": """"}]"
a1a62dd7-888c-5852-bc7a-be4f1155f8ad,tg:mpmph:83,e73_MaterialRecords,1,"[{""resourceId"": ""0d44d7a5-175d-55f2-ac3c-3a1131f01dc3"", ""ontologyProperty"": """", ""resourceXresourceId"": ""1221eced-a61b-4780-bfc4-771d8d50cb44"", ""inverseOntologyProperty"": """"}]"
ec155823-5b37-5cd0-81b6-32f91ae379ad,tg:mpmph:93,e73_MaterialRecords,1,"[{""resourceId"": ""23bca651-65b9-5288-ab4a-4284d9d89489"", ""ontologyProperty"": """", ""resourceXresourceId"": ""ab675ec2-7548-45da-a9ee-99276c020476"", ""inverseOntologyProperty"": """"}]"
d5c19f67-3719-52d5-9e0f-b7768c9639da,tg:mpmph:103,e73_MaterialRecords,1,"[{""resourceId"": ""b2bded79-722b-5aa8-aa79-90732b5c42b4"", ""ontologyProperty"": """", ""resourceXresourceId"": ""36aba84d-283f-40f2-887b-0422d76a029d"", ""inverseOntologyProperty"": """"}]"
2b4d685e-b10d-53a0-805a-ca573233299a,tg:mpmph:58,e73_MaterialRecords,1,"[{""resourceId"": ""9fc7ca8e-7400-59ac-b5cc-df494dde9aae"", ""ontologyProperty"": """", ""resourceXresourceId"": ""0b4fbbba-1191-49d0-ab4a-e1d5735cf495"", ""inverseOntologyProperty"": """"}]"
060fb598-f865-592d-9c41-12499f172880,tg:mpmph:48,e73_MaterialRecords,1,"[{""resourceId"": ""b4d9ef64-04ff-53bd-b506-12ddcb55dcfa"", ""ontologyProperty"": """", ""resourceXresourceId"": ""3f1c00dd-f419-4aa0-b9d1-37d212d9aa2e"", ""inverseOntologyProperty"": """"}]"
b779d048-874d-5380-96a7-853bb262031e,tg:mpmph:15,e73_MaterialRecords,1,"[{""resourceId"": ""1615bb8e-58e5-5cb1-b72e-16386b716fed"", ""ontologyProperty"": """", ""resourceXresourceId"": ""b4c92f5e-9b02-4d00-abf9-3575835d5c48"", ""inverseOntologyProperty"": """"}]"
d3c74a90-9b57-55dd-8e93-fdfabc918202,tg:mpmph:67,e73_MaterialRecords,1,"[{""resourceId"": ""6b670bdf-141f-55e1-bb91-96466a4c5401"", ""ontologyProperty"": """", ""resourceXresourceId"": ""8f9db63f-c6f5-485c-b902-4db5507373a3"", ""inverseOntologyProperty"": """"}]"
5a37fe40-9a79-5043-bafe-b52608510cec,tg:mpmph:77,e73_MaterialRecords,1,"[{""resourceId"": ""6129afef-8767-53ff-9617-f575251b42cb"", ""ontologyProperty"": """", ""resourceXresourceId"": ""56a198e8-9b86-4bf5-9c17-42e8101fe1cc"", ""inverseOntologyProperty"": """"}]"
f6735e38-fcf9-526b-a8fd-9c717dd0689f,tg:mpmph:72,e73_MaterialRecords,1,"[{""resourceId"": ""5b04f684-bea6-5b5f-829c-6ab4572cbd95"", ""ontologyProperty"": """", ""resourceXresourceId"": ""47edb26d-97a7-44c2-b747-2b5f6a1b3966"", ""inverseOntologyProperty"": """"}]"
ca544464-175e-5f55-a753-ca7a95f2d15f,tg:mpmph:62,e73_MaterialRecords,1,"[{""resourceId"": ""c013fd2e-a012-5bc2-b37b-d5ba8ddff784"", ""ontologyProperty"": """", ""resourceXresourceId"": ""f786ecf9-a494-45e4-a57b-c66a2c14f27a"", ""inverseOntologyProperty"": """"}]"
5ca9f8d1-8de9-54c6-b967-9cced4c58b77,tg:mpmph:96,e73_MaterialRecords,1,"[{""resourceId"": ""c460fa86-0321-5a07-b7f0-b674cbe91a07"", ""ontologyProperty"": """", ""resourceXresourceId"": ""612d3b0e-3f79-4f38-9e6d-357bdc6d2fa7"", ""inverseOntologyProperty"": """"}]"
91de6a95-e16d-528e-b083-0aa0ec667874,tg:mpmph:86,e73_MaterialRecords,1,"[{""resourceId"": ""9fae7fb3-c06d-5338-8fa0-93b89e01309c"", ""ontologyProperty"": """", ""resourceXresourceId"": ""90e30728-b370-4dd5-8b20-3c7335051cd1"", ""inverseOntologyProperty"": """"}]"
d4acb776-c4b3-5fbe-afd9-fcdf48785a6a,tg:mpmph:106,e73_MaterialRecords,1,"[{""resourceId"": ""c88b47ee-c697-5a61-8537-0afdddf11c67"", ""ontologyProperty"": """", ""resourceXresourceId"": ""f88d4ad9-a342-4767-8242-64b687f00a05"", ""inverseOntologyProperty"": """"}]"
e3703fe5-15c2-517f-afc9-62c6281816db,tg:mpmph:54,e73_MaterialRecords,1,"[{""resourceId"": ""a3ec3b64-906c-5396-a92e-3f1a2a62977c"", ""ontologyProperty"": """", ""resourceXresourceId"": ""87bcaaa8-6321-4aa9-872f-56a49cd18e95"", ""inverseOntologyProperty"": """"}]"
da0d477e-791d-533c-920c-64439f8ca116,tg:mpmph:44,e73_MaterialRecords,1,"[{""resourceId"": ""c775f0a3-f2e9-590d-b1c9-226e6ddde9df"", ""ontologyProperty"": """", ""resourceXresourceId"": ""c0d35e9d-f854-4b86-a4e0-3644dda92a2f"", ""inverseOntologyProperty"": """"}]"
ab7ea7c7-fdd6-5872-a84e-1db5fbeae028,tg:mpmph:36,e73_MaterialRecords,1,"[{""resourceId"": ""5d99d07e-04e2-583d-9f4a-a43b6a55b85b"", ""ontologyProperty"": """", ""resourceXresourceId"": ""00c7399a-7638-4397-a75d-6368af5510d7"", ""inverseOntologyProperty"": """"}]"
7293a118-14f6-5e59-af92-ecc173466317,tg:mpmph:26,e73_MaterialRecords,1,"[{""resourceId"": ""deb92b88-6d36-5456-b5d6-2b104e0b110e"", ""ontologyProperty"": """", ""resourceXresourceId"": ""f599188f-74b7-4146-9aa6-1657ea3fb3f7"", ""inverseOntologyProperty"": """"}]"
542a5794-1416-5a8f-a546-f590aaf911d0,tg:mpmph:45,e73_MaterialRecords,1,"[{""resourceId"": ""ac70bb1d-3561-578b-a818-e1292a707db5"", ""ontologyProperty"": """", ""resourceXresourceId"": ""a6cc1fd0-43fc-4c74-8f5f-ebc0d79bcd09"", ""inverseOntologyProperty"": """"}]"
49d14bdd-d716-5a18-b3e3-cbefaff52d71,tg:mpmph:55,e73_MaterialRecords,1,"[{""resourceId"": ""4e9a0cde-2e8d-5ac4-bec5-ba74ac60f3e0"", ""ontologyProperty"": """", ""resourceXresourceId"": ""11af49c4-25ad-4175-9bc4-97e528c4a6d1"", ""inverseOntologyProperty"": """"}]"
3833b049-5858-5dce-902c-0b92c54c873c,tg:mpmph:27,e73_MaterialRecords,1,"[{""resourceId"": ""c742772f-722c-5542-8d47-7cb67e2ff15d"", ""ontologyProperty"": """", ""resourceXresourceId"": ""8a636c07-7aeb-4dc7-abc2-3ee5642e53d4"", ""inverseOntologyProperty"": """"}]"
e322f4c8-b54e-5bc7-b1a5-82271b976183,tg:mpmph:37,e73_MaterialRecords,1,"[{""resourceId"": ""de61939d-a386-57b6-bc78-0e5398d9ac5a"", ""ontologyProperty"": """", ""resourceXresourceId"": ""22270629-8e40-4429-be08-4f4bd33665c0"", ""inverseOntologyProperty"": """"}]"
839033c8-e69d-5629-948b-144adfab957f,tg:mpmph:11,e73_MaterialRecords,1,"[{""resourceId"": ""8f71b843-ee7e-5121-bd20-f1741e59f3ed"", ""ontologyProperty"": """", ""resourceXresourceId"": ""3149378a-94e7-468c-8d3f-3a0b57e19c59"", ""inverseOntologyProperty"": """"}]"
aff69bb9-ae90-59e5-a7dd-3293d880f3f3,tg:mpmph:63,e73_MaterialRecords,1,"[{""resourceId"": ""96ff3977-3550-55c5-9be7-1fef2c386782"", ""ontologyProperty"": """", ""resourceXresourceId"": ""4ffc9729-9f3b-410f-a56e-b3ea1eeecc03"", ""inverseOntologyProperty"": """"}]"
90cc73ca-423c-5ad4-9e01-1c4af23a3d45,tg:mpmph:73,e73_MaterialRecords,1,"[{""resourceId"": ""6a900618-d95f-5af0-8828-c6322d488122"", ""ontologyProperty"": """", ""resourceXresourceId"": ""8d513d4e-4651-49bb-ad7e-255e2c8c183e"", ""inverseOntologyProperty"": """"}]"
e379bea5-acc2-56b7-b925-c86833e5e0f7,tg:mpmph:87,e73_MaterialRecords,1,"[{""resourceId"": ""98442105-e29f-5633-a5bb-7f3caf420336"", ""ontologyProperty"": """", ""resourceXresourceId"": ""2b2e1a26-feea-4da4-a475-e13a00b31763"", ""inverseOntologyProperty"": """"}]"
532f07c7-65a3-5877-b8df-10a360ea13db,tg:mpmph:97,e73_MaterialRecords,1,"[{""resourceId"": ""2760e92a-f0f0-5771-aa50-5bfbf05ce051"", ""ontologyProperty"": """", ""resourceXresourceId"": ""83ffaef9-3ddd-4b96-ab45-639dc3bd708b"", ""inverseOntologyProperty"": """"}]"
f1acf235-9a61-5cf4-b3ee-4201be5ae731,tg:mpmph:107,e73_MaterialRecords,1,"[{""resourceId"": ""eb02884e-fecb-5e9f-b358-db40c8c28310"", ""ontologyProperty"": """", ""resourceXresourceId"": ""38427480-be65-47fb-a0aa-766b90b24581"", ""inverseOntologyProperty"": """"}]"
b9175eab-6809-5258-b666-b7d92cbd81f6,tg:mpmph:68,e73_MaterialRecords,1,"[{""resourceId"": ""d36dd28c-1ad2-5deb-a55e-98f65226748e"", ""ontologyProperty"": """", ""resourceXresourceId"": ""936c9841-be64-40a9-a484-03fe24e403e7"", ""inverseOntologyProperty"": """"}]"
7ad45804-4a27-5e19-b725-a63b0274f977,tg:mpmph:78,e73_MaterialRecords,1,"[{""resourceId"": ""f27ae1f3-0241-548e-921f-54ff32fd6726"", ""ontologyProperty"": """", ""resourceXresourceId"": ""974a82f1-c76e-43d3-a44d-8f827b9060d7"", ""inverseOntologyProperty"": """"}]"
ebb4dff4-5d75-5bc4-a4ec-68ac9960ebd9,tg:mpmph:35,e73_MaterialRecords,1,"[{""resourceId"": ""69a5c208-bbca-50d6-a51d-b3bab770b825"", ""ontologyProperty"": """", ""resourceXresourceId"": ""8e55658f-72f7-43a5-a805-3199c71c19e0"", ""inverseOntologyProperty"": """"}]"
c00b0094-8110-5701-b563-b3682d5d9830,tg:mpmph:25,e73_MaterialRecords,1,"[{""resourceId"": ""3136f499-daea-5675-88be-3feda866d8ba"", ""ontologyProperty"": """", ""resourceXresourceId"": ""dc83e050-b4b1-498f-a861-f0fdd430df4d"", ""inverseOntologyProperty"": """"}]"
4a84d2be-78bf-5112-bccf-849985bb9e41,tg:mpmph:57,e73_MaterialRecords,1,"[{""resourceId"": ""b32f857a-9586-5620-8ae1-e2ac82231036"", ""ontologyProperty"": """", ""resourceXresourceId"": ""9acb70b0-34e4-4630-89cc-0c97d473b4fd"", ""inverseOntologyProperty"": """"}]"
be985a73-618d-51f7-8dcd-8c76fd204cb8,tg:mpmph:47,e73_MaterialRecords,1,"[{""resourceId"": ""d2124053-2b48-50da-9eed-1955f07b1224"", ""ontologyProperty"": """", ""resourceXresourceId"": ""425b8172-fdb4-4412-adba-18ff5a27fde0"", ""inverseOntologyProperty"": """"}]"
b869cf72-6a08-5ca0-9ac7-b8ead7db247b,tg:mpmph:71,e73_MaterialRecords,1,"[{""resourceId"": ""d99c2dc7-b848-54a0-a691-539342498ece"", ""ontologyProperty"": """", ""resourceXresourceId"": ""740f370c-45a2-413d-ba20-c6a5d72c1e52"", ""inverseOntologyProperty"": """"}]"
8fd08c50-6813-56e4-9bb9-7acd19caa13d,tg:mpmph:61,e73_MaterialRecords,1,"[{""resourceId"": ""9b6661f0-3e18-5cfd-a0b2-b36235702fc2"", ""ontologyProperty"": """", ""resourceXresourceId"": ""c5733f83-971c-4280-8462-51eaed6aa8fd"", ""inverseOntologyProperty"": """"}]"
de60bf3e-8106-5377-b9d7-dfd48da0c477,tg:mpmph:13,e73_MaterialRecords,1,"[{""resourceId"": ""275be32b-b9df-5001-b75c-a275b2fd2fd6"", ""ontologyProperty"": """", ""resourceXresourceId"": ""a965c15f-63c2-4c9e-92dd-baa9a3bae188"", ""inverseOntologyProperty"": """"}]"
39449520-06f0-5e6b-99f2-6e8304614e49,tg:mpmph:105,e73_MaterialRecords,1,"[{""resourceId"": ""b64b4d07-57f2-5ab9-a713-289ee5fa62f2"", ""ontologyProperty"": """", ""resourceXresourceId"": ""43829ecc-82f3-4064-995c-4a5019a574bb"", ""inverseOntologyProperty"": """"}]"
722b81be-58eb-5ee1-afb2-fd90e1f689e0,tg:mpmph:95,e73_MaterialRecords,1,"[{""resourceId"": ""b41dd4b0-f790-5a39-bb13-3927b4cded51"", ""ontologyProperty"": """", ""resourceXresourceId"": ""ffdff162-8ff5-4e5c-b02f-dc4fbf4d365e"", ""inverseOntologyProperty"": """"}]"
b4a763ce-8d74-5371-8c61-5f1e51af8da7,tg:mpmph:85,e73_MaterialRecords,1,"[{""resourceId"": ""d6b252ef-ee08-5ecd-880d-16a33f37ae65"", ""ontologyProperty"": """", ""resourceXresourceId"": ""a69e6596-aeb4-4e4a-b18d-5d740c3e98de"", ""inverseOntologyProperty"": """"}]"
8aead454-2ce8-5c0b-87eb-221f9edfd0e7,tg:mpmph:60,e73_MaterialRecords,1,"[{""resourceId"": ""b09dc0df-97a1-58d6-859c-46d173698b9e"", ""ontologyProperty"": """", ""resourceXresourceId"": ""8f60090d-b17c-4289-9f92-b47ac0b80552"", ""inverseOntologyProperty"": """"}]"
a2118727-ee17-59e5-8ca7-365fd6cb0e76,tg:mpmph:70,e73_MaterialRecords,1,"[{""resourceId"": ""4fc8eb7b-fc29-5423-92de-0f4731fe7987"", ""ontologyProperty"": """", ""resourceXresourceId"": ""afa129e0-4966-4e68-9722-50cc78a152a2"", ""inverseOntologyProperty"": """"}]"
43fae41d-2b9c-5b34-b10c-e558dc89ae43,tg:mpmph:12,e73_MaterialRecords,1,"[{""resourceId"": ""12f3a9a8-81ed-568a-8189-70363a88718d"", ""ontologyProperty"": """", ""resourceXresourceId"": ""b48cc907-d328-4042-a277-c34a2a05eae0"", ""inverseOntologyProperty"": """"}]"
163fb131-447e-56b5-90ad-d131f8b511ed,tg:mpmph:104,e73_MaterialRecords,1,"[{""resourceId"": ""d64e3ec6-9a88-512b-b498-1256691440d2"", ""ontologyProperty"": """", ""resourceXresourceId"": ""e35bfa30-70f1-4410-8cc6-ad2bcf99563b"", ""inverseOntologyProperty"": """"}]"
0432b71a-5ff1-5f3f-a50a-2ddd4ba64778,tg:mpmph:84,e73_MaterialRecords,1,"[{""resourceId"": ""be378522-63d5-5484-8de7-4fd90cf5e0d2"", ""ontologyProperty"": """", ""resourceXresourceId"": ""134fc95d-69c4-403d-b68d-e3ae36976577"", ""inverseOntologyProperty"": """"}]"
a62d28af-de06-5e81-bafa-e0ad618874e4,tg:mpmph:94,e73_MaterialRecords,1,"[{""resourceId"": ""de7789cb-6773-576e-a376-c1a0078dd196"", ""ontologyProperty"": """", ""resourceXresourceId"": ""ad3ceaaa-2c21-4036-95cc-12845fde2eb3"", ""inverseOntologyProperty"": """"}]"
dc54db9b-5e1a-5ec0-b0fa-e841ee18ddd4,tg:mpmph:79,e73_MaterialRecords,1,"[{""resourceId"": ""37261aa0-60ca-598e-8430-76bd7268c647"", ""ontologyProperty"": """", ""resourceXresourceId"": ""cace6b3c-4782-4421-b4b0-605edd042f15"", ""inverseOntologyProperty"": """"}]"
f302ed82-628d-5aed-9fff-5b5988d4b907,tg:mpmph:69,e73_MaterialRecords,1,"[{""resourceId"": ""526f4764-8f08-515f-85c7-389282b006f5"", ""ontologyProperty"": """", ""resourceXresourceId"": ""da42f117-c5fc-48ad-ac64-3740c2d6c4f9"", ""inverseOntologyProperty"": """"}]"
646f1a58-cbb8-5ddb-bfa2-e0caee1a036f,tg:mpmph:24,e73_MaterialRecords,1,"[{""resourceId"": ""f7968ecf-9804-5d35-9090-7e2b9dcac010"", ""ontologyProperty"": """", ""resourceXresourceId"": ""e551948b-5f92-4cb3-8500-b4411429a384"", ""inverseOntologyProperty"": """"}]"
9bed1aae-f750-5292-b08d-0a4568e0ffca,tg:mpmph:34,e73_MaterialRecords,1,"[{""resourceId"": ""e65fbbc6-bf16-5bd2-9202-027996932153"", ""ontologyProperty"": """", ""resourceXresourceId"": ""e81cf399-09c4-4580-a7e8-1d530f01a087"", ""inverseOntologyProperty"": """"}]"
ea9728e0-875d-55d4-ac4b-03c5125b6707,tg:mpmph:46,e73_MaterialRecords,1,"[{""resourceId"": ""fef6ef86-f6e5-51c0-a3ed-59aa9e633960"", ""ontologyProperty"": """", ""resourceXresourceId"": ""21ee39b5-0405-4dc1-a8c2-6ad28b32343e"", ""inverseOntologyProperty"": """"}]"
028e6a97-ddf1-5311-86ec-ef5b357a7a4b,tg:mpmph:56,e73_MaterialRecords,1,"[{""resourceId"": ""7633b204-c437-548d-aff4-16bd8cfd4ff3"", ""ontologyProperty"": """", ""resourceXresourceId"": ""166e18fc-a22a-4649-aee3-555e44883193"", ""inverseOntologyProperty"": """"}]"
