ResourceID,brocade.id,card,order,source_field,source_code,Object Type
d5cea916-4875-5588-ac9b-9fcc8078746d,tg:rubgr:1130_#1,e22_ObjectTypes,1,kenmerken.rubedformgr,dtrvfo,photographs
f1a96fa2-0041-5e0c-af49-4c28d0f6ea63,tg:rubgr:1048_#1,e22_ObjectTypes,1,kenmerken.rubedformgr,dtrvfo,photographs
7f27ca98-3aa2-5935-a49b-88ec3a8bff29,tg:rubgr:2577_#1,e22_ObjectTypes,1,kenmerken.rubedformgr,dtrvfo,photographs
90126668-dcff-5779-b4bd-12131f643791,tg:rubgr:2601_#1,e22_ObjectTypes,1,kenmerken.rubedformgr,dtrvfo,photographs
0c4cd86a-dc59-5225-a2a0-430054225231,tg:rubgr:3436_#1,e22_ObjectTypes,1,kenmerken.rubedformgr,dtrvfo,photographs
f76b0bd7-8351-50d0-8c5d-755a7c4594a4,tg:rubgr:1397_#1,e22_ObjectTypes,1,kenmerken.rubedformgr,dtrvfo,photographs
1c842d6e-9a87-531a-a4a3-ac925907a7e2,tg:rubgr:1387_#1,e22_ObjectTypes,1,kenmerken.rubedformgr,dtrvfo,photographs
544136df-7e86-50e2-a2ef-a2edeab38768,tg:rubgr:374_#1,e22_ObjectTypes,2,kenmerken.rubedformgr,dtrvfo,photographs
be9fbdf2-a390-5af4-a25f-92642d888828,tg:rubgr:2291_#1,e22_ObjectTypes,2,kenmerken.rubedformgr,dtrvfo,photographs
07d2a9d9-7e89-52f7-8476-54361b98bd8b,tg:rubgr:3585_#1,e22_ObjectTypes,1,kenmerken.rubedformgr,dtrvfo,photographs
98187fee-92d7-59d3-96ba-0093c6ccf429,tg:rubgr:2673_#1,e22_ObjectTypes,1,kenmerken.rubedformgr,dtrvfo,photographs
c5d284a7-eeb7-5d51-a91e-434d433d9490,tg:rubgr:2515_#1,e22_ObjectTypes,1,kenmerken.rubedformgr,dtrvfo,photographs
70d5d210-0249-5665-819a-bd6eb6060e2f,tg:rubgr:2505_#1,e22_ObjectTypes,1,kenmerken.rubedformgr,dtrvfo,photographs
e8b2718e-47fd-5bfb-a9f7-56f2244da775,tg:rubgr:53_#1,e22_ObjectTypes,1,kenmerken.rubedformgr,dtrvfo,photographs
718e9099-deb2-59be-8161-58bb540b80f2,tg:rubgr:2687_#1,e22_ObjectTypes,1,kenmerken.rubedformgr,dtrvfo,photographs
89af0a17-791d-5de8-bb46-7fccb071810e,tg:rubgr:875_#1,e22_ObjectTypes,2,kenmerken.rubedformgr,dtrvfo,photographs
6197cde6-c79e-5bfb-b4da-535e26b60ae0,tg:rubgr:3324_#1,e22_ObjectTypes,1,kenmerken.rubedformgr,dtrvfo,photographs
f0e3104d-4f6e-5b5e-b396-b6bc39405053,tg:rubgr:3334_#1,e22_ObjectTypes,1,kenmerken.rubedformgr,dtrvfo,photographs
f2a29c56-a83f-598b-99e8-9e9a739be0fc,tg:rubgr:1279_#1,e22_ObjectTypes,1,kenmerken.rubedformgr,dtrvfo,photographs
d367c53c-2a69-511f-9523-5b59832ffb6c,tg:rubgr:3419_#1,e22_ObjectTypes,1,kenmerken.rubedformgr,dtrvfo,photographs
bdc3383d-9021-5809-b326-0dd2e4be85fa,tg:rubgr:2275_#1,e22_ObjectTypes,2,kenmerken.rubedformgr,dtrvfo,photographs
d345e085-0c36-5ff4-8a42-34fc65b900bb,tg:rubgr:4641_#1,e22_ObjectTypes,1,kenmerken.rubedformgr,dtrvfo,photographs
74143821-e695-51e5-952f-2aedb2fb47da,tg:rubgr:2430_#1,e22_ObjectTypes,1,kenmerken.rubedformgr,dtrvtp,transparencies
dc5c3974-25b6-51ed-ad55-7cd9f9d5832e,tg:rubgr:2548_#1,e22_ObjectTypes,1,kenmerken.rubedformgr,dtrvfo,photographs
81f66281-8b6b-57a2-b0bf-a09a0acfbcb8,tg:rubgr:2420_#1,e22_ObjectTypes,1,kenmerken.rubedformgr,dtrvfo,photographs
f95e70bb-0e86-5f2d-8dd2-5931bf0221f4,tg:rubgr:2161_#1,e22_ObjectTypes,1,kenmerken.rubedformgr,dtrvfo,photographs
e03aedba-3d8a-5cc6-af78-7216604496f0,tg:rubgr:2171_#1,e22_ObjectTypes,2,kenmerken.rubedformgr,dtrvfo,photographs
5521d356-617e-5156-8ad4-377790630ebd,tg:rubgr:1363_#1,e22_ObjectTypes,2,kenmerken.rubedformgr,dtrvfo,photographs
68b2ae08-eb91-5593-bd58-d9017335f947,tg:rubgr:2734_#1,e22_ObjectTypes,1,kenmerken.rubedformgr,dtrvfo,photographs
9566415d-eca6-50a9-b9b4-bef0e2c0190d,tg:rubgr:4310_#1,e22_ObjectTypes,1,kenmerken.rubedformgr,dtrvfo,photographs
37a2db72-365c-51e8-8863-43b581b87a00,tg:rubgr:3287_#1,e22_ObjectTypes,1,kenmerken.rubedformgr,dtrvfo,photographs
a25dd7f7-7077-54f7-8b8c-6bb64c3befe3,tg:rubgr:2298_#1,e22_ObjectTypes,2,kenmerken.rubedformgr,dtrvfo,photographs
d34f89c2-005d-5f23-8a82-3e7a916c8cb4,tg:rubgr:2288_#1,e22_ObjectTypes,2,kenmerken.rubedformgr,dtrvfo,photographs
72f0f742-00a7-5355-ac04-dc9c4364438d,tg:rubgr:1284_#1,e22_ObjectTypes,1,kenmerken.rubedformgr,dtrvfo,photographs
b0650569-4063-56db-a0fd-67cf9ec1781a,tg:rubgr:754_#1,e22_ObjectTypes,1,kenmerken.rubedformgr,dtrvfo,photographs
8ac18a6c-6be0-5c7d-bf66-6329bbda58e6,tg:rubgr:2157_#1,e22_ObjectTypes,1,kenmerken.rubedformgr,dtrvfo,photographs
95dcc2c6-0f7c-54cd-92aa-b6378778951f,tg:rubgr:4563_#1,e22_ObjectTypes,1,kenmerken.rubedformgr,dtrvfo,photographs
7208c257-572a-57cf-8058-0ecb59078397,tg:rubgr:3360_#1,e22_ObjectTypes,1,kenmerken.rubedformgr,dtrvfo,photographs
5bd03bb6-01a3-5c0f-b759-80f0e15201e0,tg:rubgr:2359_#1,e22_ObjectTypes,2,kenmerken.rubedformgr,dtrvfo,photographs
c1bee496-b08c-5144-82ba-cf9adedc8bea,tg:rubgr:3302_#1,e22_ObjectTypes,1,kenmerken.rubedformgr,dtrvfo,photographs
6d950caf-7959-5ca8-bec3-469af400d68e,tg:rubgr:2618_#1,e22_ObjectTypes,1,kenmerken.rubedformgr,dtrvfo,photographs
a4307c49-4da5-5cb2-848f-be36d417fe6e,tg:rubgr:3557_#1,e22_ObjectTypes,1,kenmerken.rubedformgr,dtrvfo,photographs
496126eb-cd4e-57f6-b5c7-f1aea5fa3de8,tg:rubgr:1327_#1,e22_ObjectTypes,1,kenmerken.rubedformgr,dtrvfo,photographs
99d12e53-c3a7-57bb-bc0b-20b21707fd9c,tg:rubgr:2382_#1,e22_ObjectTypes,1,kenmerken.rubedformgr,dtrvfo,photographs
978b807a-79ed-55e5-99dc-858245a16fad,tg:rubgr:3151_#1,e22_ObjectTypes,2,kenmerken.rubedformgr,dtrvfo,photographs
e995dde1-e372-5be3-9732-9554fb87fd9c,tg:rubgr:2523_#1,e22_ObjectTypes,1,kenmerken.rubedformgr,dtrvfo,photographs
1c374c32-6300-5e32-bdf9-5b48856f0b01,tg:rubgr:1649_#1,e22_ObjectTypes,1,kenmerken.rubedformgr,dtrvfo,photographs
88b8fb28-c878-5c47-aee4-0df2d01027ce,tg:rubgr:2366_#1,e22_ObjectTypes,2,kenmerken.rubedformgr,dtrvfo,photographs
c8416b9e-5382-5e06-b6d9-13cd31fb1022,tg:rubgr:2376_#1,e22_ObjectTypes,1,kenmerken.rubedformgr,dtrvtp,transparencies
8ccd232e-ec45-5226-a222-5e5e2112bf29,tg:rubgr:2655_#1,e22_ObjectTypes,1,kenmerken.rubedformgr,dtrvfo,photographs
c7a1fe06-9e35-564f-9dc1-a0b844da3402,tg:rubgr:187_#1,e22_ObjectTypes,1,kenmerken.rubedformgr,dtrvfo,photographs
eaab4b3f-91ce-5b2e-86a7-a88f8369c4d2,tg:rubgr:2645_#1,e22_ObjectTypes,1,kenmerken.rubedformgr,dtrvfo,photographs
37d1f5c8-23c6-5caa-8e61-ba2a1cfe0bcd,tg:rubgr:1596_#1,e22_ObjectTypes,1,kenmerken.rubedformgr,dtrvfo,photographs
53a58070-2952-5e45-a88e-8a397c397a38,tg:rubgr:2637_#1,e22_ObjectTypes,1,kenmerken.rubedformgr,dtrvfo,photographs
bf650aa1-4a71-56f3-989b-e293c8cd7a31,tg:rubgr:2627_#1,e22_ObjectTypes,1,kenmerken.rubedformgr,dtrvfo,photographs
c17afd2f-114b-54bb-9fe4-3c340d7a23e5,tg:rubgr:2062_#1,e22_ObjectTypes,2,kenmerken.rubedformgr,dtrvfo,photographs
04c2a01e-04b7-5d48-86c1-0cf50bf26b4b,tg:rubgr:3400_#1,e22_ObjectTypes,1,kenmerken.rubedformgr,dtrvfo,photographs
96ce862d-8506-53fe-9f5d-fcf2ae163f0b,tg:rubgr:1260_#1,e22_ObjectTypes,1,kenmerken.rubedformgr,dtrvfo,photographs
cafccef6-17fd-5ba4-810b-de2edbdac6cf,tg:rubgr:2072_#1,e22_ObjectTypes,1,kenmerken.rubedformgr,dtrvfo,photographs
f05ee606-e372-5efc-9ca2-69df9343b594,tg:rubgr:1318_#1,e22_ObjectTypes,2,kenmerken.rubedformgr,dtrvfo,photographs
c6e00ada-9d71-5c1b-84dd-4a727231c63b,tg:rubgr:2304_#1,e22_ObjectTypes,2,kenmerken.rubedformgr,dtrvfo,photographs
3edfc090-7dc7-52b9-b633-a023caf7ab26,tg:rubgr:2314_#1,e22_ObjectTypes,1,kenmerken.rubedformgr,dtrvfo,photographs
9aad8322-88e4-57ad-b44f-b32c31ac5ad4,tg:rubgr:2429_#1,e22_ObjectTypes,2,kenmerken.rubedformgr,dtrvfo,photographs
e77e6a75-d99b-589b-a197-80654a18f3d0,tg:rubgr:1753_#1,e22_ObjectTypes,1,kenmerken.rubedformgr,dtrvfo,photographs
fbe32736-0373-52ca-b6b7-5c5a0282f23b,tg:rubgr:283_#1,e22_ObjectTypes,1,kenmerken.rubedformgr,dtrvfo,photographs
112948b9-1fde-54e0-bb9a-37f94ff70431,tg:rubgr:958_#1,e22_ObjectTypes,1,kenmerken.rubedformgr,dtrvfo,photographs
e1256858-7a53-55b2-9f46-5b2ef9fd9f58,tg:rubgr:2156_#1,e22_ObjectTypes,1,kenmerken.rubedformgr,dtrvfo,photographs
ceefef08-e321-5410-bf1a-400bcca1dbcb,tg:rubgr:2348_#1,e22_ObjectTypes,3,kenmerken.rubedformgr,dtrvfo,photographs
dcf22855-ecbb-5093-b2a3-07008f69e229,tg:rubgr:3793_#1,e22_ObjectTypes,1,kenmerken.rubedformgr,dtrvfo,photographs
274d82ec-278b-5774-84fb-158021b1a4dd,tg:rubgr:2393_#1,e22_ObjectTypes,2,kenmerken.rubedformgr,dtrvfo,photographs
9c4f36a5-17e9-5b2a-8d85-e9943e3656c0,tg:rubgr:2383_#1,e22_ObjectTypes,1,kenmerken.rubedformgr,dtrvfo,photographs
4f2b8682-18a8-58ea-a24e-4b86a90a5303,tg:rubgr:1326_#1,e22_ObjectTypes,3,kenmerken.rubedformgr,dtrvfo,photographs
a31284b5-3fa6-5adc-9a64-eff562f926cb,tg:rubgr:3313_#1,e22_ObjectTypes,1,kenmerken.rubedformgr,dtrvfo,photographs
bb1da5fd-1a69-58cd-963f-6ccdc1e50c95,tg:rubgr:2619_#1,e22_ObjectTypes,1,kenmerken.rubedformgr,dtrvfo,photographs
bba2cbff-45d2-530c-b4ea-2e002c271832,tg:rubgr:4692_#1,e22_ObjectTypes,1,kenmerken.rubedformgr,dtrvfo,photographs
3e0acee3-cbfb-5f9d-be80-f51f202f2e54,tg:rubgr:1789_#1,e22_ObjectTypes,1,kenmerken.rubedformgr,dtrvfo,photographs
61c179c9-4e47-535e-8d62-81c5a064f416,tg:rubgr:2377_#1,e22_ObjectTypes,1,kenmerken.rubedformgr,dtrvfo,photographs
a2bd908c-ef86-58aa-892b-b094db5cac76,tg:rubgr:2367_#1,e22_ObjectTypes,2,kenmerken.rubedformgr,dtrvfo,photographs
2e62648b-5264-533a-aad9-08a4645cab67,tg:rubgr:2522_#1,e22_ObjectTypes,1,kenmerken.rubedformgr,dtrvfo,photographs
6a99995e-e7a0-5df3-a89f-bb1e8ec43ffa,tg:rubgr:1648_#1,e22_ObjectTypes,1,kenmerken.rubedformgr,dtrvfo,photographs
3ee68b87-9947-560c-88fb-df0904b5ec22,tg:rubgr:2644_#1,e22_ObjectTypes,1,kenmerken.rubedformgr,dtrvfo,photographs
1f1b31f3-6164-52f8-9664-77125fbc13cc,tg:rubgr:2654_#1,e22_ObjectTypes,1,kenmerken.rubedformgr,dtrvfo,photographs
ad612df1-4bee-5be7-9c4b-cb3017344e06,tg:rubgr:2179_#1,e22_ObjectTypes,2,kenmerken.rubedformgr,dtrvfo,photographs
d6bdba22-446a-5262-b49f-ec5ee6d77c6f,tg:rubgr:3401_#1,e22_ObjectTypes,1,kenmerken.rubedformgr,dtrvfo,photographs
b0673801-5103-525f-b285-1ad4b01939d7,tg:rubgr:1261_#1,e22_ObjectTypes,1,kenmerken.rubedformgr,dtrvfo,photographs
2355a4ca-6041-57b0-a9d1-efb77d837651,tg:rubgr:2063_#1,e22_ObjectTypes,2,kenmerken.rubedformgr,dtrvfo,photographs
6e12f50e-7d67-5ed7-b0bf-4a33b371fed8,tg:rubgr:2626_#1,e22_ObjectTypes,1,kenmerken.rubedformgr,dtrvfo,photographs
4d1b544a-782a-5d8f-bb32-68a12bb99949,tg:rubgr:2438_#1,e22_ObjectTypes,1,kenmerken.rubedformgr,dtrvfo,photographs
0757b6b4-e614-5722-add8-774ef6c10674,tg:rubgr:2315_#1,e22_ObjectTypes,2,kenmerken.rubedformgr,dtrvfo,photographs
5239b816-0830-525b-a1e2-27aef7d9663a,tg:rubgr:2305_#1,e22_ObjectTypes,3,kenmerken.rubedformgr,dtrvfo,photographs
8d7a5ee2-3634-5d92-bf0a-cb0a2e589818,tg:rubgr:1827_#1,e22_ObjectTypes,2,kenmerken.rubedformgr,dtrvfo,photographs
1833c4cd-5e6d-5c6a-ba40-856fdeeef062,tg:rubgr:708_#1,e22_ObjectTypes,1,kenmerken.rubedformgr,dtrvfo,photographs
421e55f3-53ce-5c4e-9881-328418612599,tg:rubgr:2194_#1,e22_ObjectTypes,1,kenmerken.rubedformgr,dtrvfo,photographs
5fbc85b8-5f9f-53c0-8fda-5c8276739340,tg:rubgr:375_#1,e22_ObjectTypes,1,kenmerken.rubedformgr,dtrvfo,photographs
c18c2940-4d63-525c-8e15-107a49a3d112,tg:rubgr:2576_#1,e22_ObjectTypes,1,kenmerken.rubedformgr,dtrvfo,photographs
346b4978-c6c2-5bd5-babd-129105251f0d,tg:rubgr:2333_#1,e22_ObjectTypes,3,kenmerken.rubedformgr,dtrvfo,photographs
d8695570-8076-5c08-9f44-c47010c0cc7d,tg:rubgr:797_#1,e22_ObjectTypes,2,kenmerken.rubedformgr,dtrvfo,photographs
8facb45e-974d-5d59-9a42-8a7b0bef60bb,tg:rubgr:2045_#1,e22_ObjectTypes,2,kenmerken.rubedformgr,dtrvfo,photographs
01f15b6d-acdd-5e4d-b1e1-4924f3640849,tg:rubgr:2600_#1,e22_ObjectTypes,1,kenmerken.rubedformgr,dtrvfo,photographs
650b6256-e30d-5f56-a4b0-e2ff677a1bc9,tg:rubgr:2662_#1,e22_ObjectTypes,1,kenmerken.rubedformgr,dtrvfo,photographs
cafdc824-8f34-55c9-ac93-5d97580def17,tg:rubgr:2672_#1,e22_ObjectTypes,1,kenmerken.rubedformgr,dtrvfo,photographs
73fad1ee-6bdc-5191-9541-16604a70438e,tg:rubgr:52_#1,e22_ObjectTypes,1,kenmerken.rubedformgr,dtrvfo,photographs
584df8cd-416e-5724-9073-e08406fd278c,tg:rubgr:2504_#1,e22_ObjectTypes,1,kenmerken.rubedformgr,dtrvfo,photographs
4b64bb4a-2921-527c-8674-7d5effd762e0,tg:rubgr:2514_#1,e22_ObjectTypes,1,kenmerken.rubedformgr,dtrvfo,photographs
d19d366a-ff90-5c8b-96b2-c42c60a78009,tg:rubgr:2280_#1,e22_ObjectTypes,2,kenmerken.rubedformgr,dtrvfo,photographs
59b7f449-d7c4-5813-9cdd-85b215f44fd0,tg:rubgr:4189_#1,e22_ObjectTypes,1,kenmerken.rubedformgr,dtrvfo,photographs
9c6c53dc-5644-59ee-91b2-165f8313b6c1,tg:rubgr:2559_#1,e22_ObjectTypes,1,kenmerken.rubedformgr,dtrvfo,photographs
efd4e8b6-3dbb-54a2-ac00-a84958147c73,tg:rubgr:4015_#1,e22_ObjectTypes,1,kenmerken.rubedformgr,dtrvfo,photographs
cf275c86-c6dc-56ae-b390-848e7c8920dd,tg:rubgr:2498_#1,e22_ObjectTypes,1,kenmerken.rubedformgr,dtrvfo,photographs
50727534-4eff-547a-bda4-38eb83977e83,tg:rubgr:232_#1,e22_ObjectTypes,1,kenmerken.rubedformgr,dtrvfo,photographs
7612529c-be98-5777-a592-fefcf85b119a,tg:rubgr:2686_#1,e22_ObjectTypes,1,kenmerken.rubedformgr,dtrvfo,photographs
874c45de-20be-56b6-b656-8d6c051705d8,tg:rubgr:2696_#1,e22_ObjectTypes,1,kenmerken.rubedformgr,dtrvfo,photographs
d8cea225-0c82-51d0-a599-86f80eb62e89,tg:rubgr:3286_#1,e22_ObjectTypes,1,kenmerken.rubedformgr,dtrvfo,photographs
19dab813-87fb-5f57-b1f8-cd07d0b1c9ac,tg:rubgr:1790_#1,e22_ObjectTypes,1,kenmerken.rubedformgr,dtrvfo,photographs
fb31034c-3c25-50c4-9da8-0a6415e935de,tg:rubgr:4632_#1,e22_ObjectTypes,1,kenmerken.rubedformgr,dtrvfo,photographs
adb59890-fc53-5568-b63a-fffa3bbb41d5,tg:rubgr:3357_#1,e22_ObjectTypes,1,kenmerken.rubedformgr,dtrvfo,photographs
3c9873bd-d54f-596c-9579-5fc7dc0a9e2d,tg:rubgr:2735_#1,e22_ObjectTypes,1,kenmerken.rubedformgr,dtrvfo,photographs
d593eb96-354d-5fd2-a819-05142d0a0a02,tg:rubgr:1362_#1,e22_ObjectTypes,1,kenmerken.rubedformgr,dtrvfo,photographs
04373bf9-6515-5060-913e-f47b5cb2ddbb,tg:rubgr:2160_#1,e22_ObjectTypes,1,kenmerken.rubedformgr,dtrvfo,photographs
4f65a8ea-49d2-5aa3-b117-1ab1d222e35f,tg:rubgr:2381_#1,e22_ObjectTypes,1,kenmerken.rubedformgr,dtrvfo,photographs
704a0c29-761a-59c4-9a0f-b3aaa30f37a8,tg:rubgr:3301_#1,e22_ObjectTypes,1,kenmerken.rubedformgr,dtrvfo,photographs
b337985a-013e-5223-93d0-b1f1d6a39eac,tg:rubgr:3279_#1,e22_ObjectTypes,1,kenmerken.rubedformgr,dtrvfo,photographs
f7ee9fe7-1ca8-5312-ab28-beb3b4f3aa1d,tg:rubgr:1334_#1,e22_ObjectTypes,2,kenmerken.rubedformgr,dtrvfo,photographs
bd97f8cd-2cea-56a4-b96c-fb6c0c848b1d,tg:rubgr:1324_#1,e22_ObjectTypes,2,kenmerken.rubedformgr,dtrvfo,photographs
379cb58d-0cba-5099-a8cb-c5414dcd7eda,tg:rubgr:1052_#1,e22_ObjectTypes,1,kenmerken.rubedformgr,dtrvfo,photographs
385eaa7e-9719-52fe-895b-38aeecf7396e,tg:rubgr:2415_#1,e22_ObjectTypes,1,kenmerken.rubedformgr,dtrvfo,photographs
04383a0a-583f-5f79-9bfd-9f2ed88a6c8b,tg:rubgr:2467_#1,e22_ObjectTypes,1,kenmerken.rubedformgr,dtrvfo,photographs
b31d3851-131a-592e-aa42-4ed0762c95f4,tg:rubgr:49_#1,e22_ObjectTypes,1,kenmerken.rubedformgr,dtrvfo,photographs
dd555c46-4569-5f68-936f-7a0ebffdd1cf,tg:rubgr:2222_#1,e22_ObjectTypes,2,kenmerken.rubedformgr,dtrvfo,photographs
af0ebedb-8fef-50ef-a493-12cd356a9a73,tg:rubgr:1148_#1,e22_ObjectTypes,1,kenmerken.rubedformgr,dtrvfo,photographs
d68b5158-61f7-51b1-be28-8a264d63a2bd,tg:rubgr:2154_#1,e22_ObjectTypes,2,kenmerken.rubedformgr,dtrvfo,photographs
0c5fa5db-e5b5-5ee9-ad24-3e2425a783d1,tg:rubgr:2669_#1,e22_ObjectTypes,1,kenmerken.rubedformgr,dtrvfo,photographs
00671b29-156f-569d-8494-04589ccf2bc3,tg:rubgr:2679_#1,e22_ObjectTypes,1,kenmerken.rubedformgr,dtrvfo,photographs
2cb077be-0da3-5b72-84c8-b56686d43804,tg:rubgr:2085_#1,e22_ObjectTypes,3,kenmerken.rubedformgr,dtrvfo,photographs
09bec36d-2257-59fa-b871-69ccc47b9398,tg:rubgr:2307_#1,e22_ObjectTypes,2,kenmerken.rubedformgr,dtrvfo,photographs
e54422cc-2daa-5f84-ade3-ba731e877c68,tg:rubgr:2317_#1,e22_ObjectTypes,2,kenmerken.rubedformgr,dtrvfo,photographs
661fae6c-c0ae-5f36-8d9d-ac660be68fe0,tg:rubgr:1740_#1,e22_ObjectTypes,1,kenmerken.rubedformgr,dtrvfo,photographs
4a827f16-7996-5daf-88bf-382ccc94988f,tg:rubgr:1750_#1,e22_ObjectTypes,1,kenmerken.rubedformgr,dtrvfo,photographs
9af932cd-a991-58e9-86e6-e3cb6c868e24,tg:rubgr:229_#1,e22_ObjectTypes,1,kenmerken.rubedformgr,dtrvfo,photographs
1c23079a-987e-56b9-98e9-183823c81b3c,tg:rubgr:2646_#1,e22_ObjectTypes,1,kenmerken.rubedformgr,dtrvfo,photographs
5afd9b0a-142e-59cd-948e-ea5fd1d1f4d4,tg:rubgr:184_#1,e22_ObjectTypes,1,kenmerken.rubedformgr,dtrvfo,photographs
f383b65f-f489-5fbb-a206-72a73998e500,tg:rubgr:2448_#1,e22_ObjectTypes,2,kenmerken.rubedformgr,dtrvfo,photographs
d02999c4-f889-5146-9b89-1fd529bd35e3,tg:rubgr:2375_#1,e22_ObjectTypes,3,kenmerken.rubedformgr,dtrvfo,photographs
99d2974a-478c-5b3d-b294-b92528a75dcf,tg:rubgr:2516_#1,e22_ObjectTypes,1,kenmerken.rubedformgr,dtrvfo,photographs
fa1dc637-ad78-5778-b7a8-860626c1fbef,tg:rubgr:2343_#1,e22_ObjectTypes,1,kenmerken.rubedformgr,dtrvfo,photographs
8eb0b4ca-af8f-5459-b14e-d0a46c24cae7,tg:rubgr:50_#1,e22_ObjectTypes,1,kenmerken.rubedformgr,dtrvfo,photographs
cba1c6d1-0ed0-58d8-ab3c-20a60145d2d8,tg:rubgr:2670_#1,e22_ObjectTypes,1,kenmerken.rubedformgr,dtrvfo,photographs
0f80c1fc-3b06-55d8-8985-4df941ff61c8,tg:rubgr:953_#1,e22_ObjectTypes,1,kenmerken.rubedformgr,dtrvfo,photographs
b66e426d-70ca-543e-b619-0a51be2ed737,tg:rubgr:2660_#1,e22_ObjectTypes,1,kenmerken.rubedformgr,dtrvfo,photographs
24feb119-cf8b-54c9-adc0-c69bc63c7e17,tg:rubgr:2388_#1,e22_ObjectTypes,1,kenmerken.rubedformgr,dtrvfo,photographs
d6e58063-7346-5cc3-b566-b5f600f0e229,tg:rubgr:179_#1,e22_ObjectTypes,1,kenmerken.rubedformgr,dtrvfo,photographs
70ba9f40-7938-53eb-b82a-bc919aeeb279,tg:rubgr:3318_#1,e22_ObjectTypes,1,kenmerken.rubedformgr,dtrvfo,photographs
ff0b6a85-f7f3-5804-b158-ff861ae469c0,tg:rubgr:2602_#1,e22_ObjectTypes,1,kenmerken.rubedformgr,dtrvfo,photographs
15a952b5-3136-5a24-975a-5aa91a5ce745,tg:rubgr:3435_#1,e22_ObjectTypes,1,kenmerken.rubedformgr,dtrvfo,photographs
c2af25f7-329c-540c-85c5-c96024a40d32,tg:rubgr:2057_#1,e22_ObjectTypes,1,kenmerken.rubedformgr,dtrvfo,photographs
fc15a8eb-47e2-59d5-86c8-3808043aa4bf,tg:rubgr:2574_#1,e22_ObjectTypes,1,kenmerken.rubedformgr,dtrvfo,photographs
4ec4ed5e-ae32-5177-bbd6-bde02b601570,tg:rubgr:3294_#1,e22_ObjectTypes,1,kenmerken.rubedformgr,dtrvfo,photographs
c09db428-7191-5e70-9fe0-4882cad10aa0,tg:rubgr:2737_#1,e22_ObjectTypes,1,kenmerken.rubedformgr,dtrvfo,photographs
e786be08-c984-518f-9437-aa5bcb9f97d8,tg:rubgr:2539_#1,e22_ObjectTypes,1,kenmerken.rubedformgr,dtrvfo,photographs
58f311a0-f17f-554e-ae77-a3608ce3440a,tg:rubgr:2433_#1,e22_ObjectTypes,3,kenmerken.rubedformgr,dtrvfo,photographs
fc05f216-363f-5bde-9c0e-d2be71fc1d92,tg:rubgr:1749_#1,e22_ObjectTypes,1,kenmerken.rubedformgr,dtrvfo,photographs
b72312e5-d2fd-59df-af3e-80f268f3031a,tg:rubgr:3327_#1,e22_ObjectTypes,1,kenmerken.rubedformgr,dtrvfo,photographs
f37752e5-5fdd-531b-a570-3f8371ada570,tg:rubgr:866_#1,e22_ObjectTypes,2,kenmerken.rubedformgr,dtrvfo,photographs
852acc8e-fbf9-5737-8801-8271437f3964,tg:rubgr:2684_#1,e22_ObjectTypes,1,kenmerken.rubedformgr,dtrvfo,photographs
7080bb8c-68e2-5606-80a7-403c502dcb8a,tg:rubgr:1944_#1,e22_ObjectTypes,2,kenmerken.rubedformgr,dtrvfo,photographs
6551a14e-2af0-577a-ae7b-9c5610b02522,tg:rubgr:1698_#1,e22_ObjectTypes,2,kenmerken.rubedformgr,dtrvfo,photographs
d553bdfb-8ced-500c-9e61-4b0458acdb7a,tg:rubgr:348_#1,e22_ObjectTypes,1,kenmerken.rubedformgr,dtrvfo,photographs
edc0b00e-bf05-5cf8-80fb-e07c0b5cd3e3,tg:rubgr:883_#1,e22_ObjectTypes,2,kenmerken.rubedformgr,dtrvfo,photographs
3adf00fa-fbe4-52bf-a404-8ee8404ea6d8,tg:rubgr:2293_#1,e22_ObjectTypes,2,kenmerken.rubedformgr,dtrvfo,photographs
a32c4b93-948a-5dc9-a329-baf59ee436bd,tg:rubgr:541_#1,e22_ObjectTypes,1,kenmerken.rubedformgr,dtrvfo,photographs
a13688b7-a652-5692-8e9d-4e2386a8bf6f,tg:rubgr:1150_#1,e22_ObjectTypes,1,kenmerken.rubedformgr,dtrvfo,photographs
a4a52a0d-9254-59f1-85ce-91472ab1d452,tg:rubgr:51_#1,e22_ObjectTypes,1,kenmerken.rubedformgr,dtrvfo,photographs
8d33de62-9668-5a40-8279-451345b1ca75,tg:rubgr:2507_#1,e22_ObjectTypes,1,kenmerken.rubedformgr,dtrvfo,photographs
641c4e0b-f897-508a-accf-51bf4dac825a,tg:rubgr:2517_#1,e22_ObjectTypes,1,kenmerken.rubedformgr,dtrvfo,photographs
edf8d58b-5aa4-570b-8124-9a8808cc8a3f,tg:rubgr:3434_#1,e22_ObjectTypes,1,kenmerken.rubedformgr,dtrvfo,photographs
d15da21a-9580-59e2-aaaa-2fede12f863a,tg:rubgr:3319_#1,e22_ObjectTypes,1,kenmerken.rubedformgr,dtrvfo,photographs
211e3b75-5127-58dd-af12-0e129d8232e5,tg:rubgr:2565_#1,e22_ObjectTypes,1,kenmerken.rubedformgr,dtrvfo,photographs
33733393-78e4-5fa2-a4ca-f2158a28c2f4,tg:rubgr:1395_#1,e22_ObjectTypes,1,kenmerken.rubedformgr,dtrvfo,photographs
ff344514-21aa-593e-9203-272b52f685c2,tg:rubgr:3354_#1,e22_ObjectTypes,1,kenmerken.rubedformgr,dtrvfo,photographs
3b4d9b17-b036-5127-843a-75c3108f716f,tg:rubgr:2736_#1,e22_ObjectTypes,1,kenmerken.rubedformgr,dtrvfo,photographs
b59488bf-a57b-5bd9-93df-e9d754bc573e,tg:rubgr:3344_#1,e22_ObjectTypes,1,kenmerken.rubedformgr,dtrvfo,photographs
366bcdcd-e1ab-5da5-bc91-4574169c1f82,tg:rubgr:1524_#1,e22_ObjectTypes,1,kenmerken.rubedformgr,dtrvfo,photographs
53bb47b1-a50f-5cfa-8fc2-b494a4085ce0,tg:rubgr:2538_#1,e22_ObjectTypes,1,kenmerken.rubedformgr,dtrvfo,photographs
849d39e9-2390-555d-8487-83d35ede507c,tg:rubgr:2528_#1,e22_ObjectTypes,1,kenmerken.rubedformgr,dtrvfo,photographs
7a1dc0b5-881f-5896-87a6-88bb3aec96a6,tg:rubgr:2685_#1,e22_ObjectTypes,1,kenmerken.rubedformgr,dtrvfo,photographs
41162191-9f7e-5f2b-b274-ab34715a50b8,tg:rubgr:2695_#1,e22_ObjectTypes,1,kenmerken.rubedformgr,dtrvfo,photographs
2fa76426-2a14-5c8e-9a59-84751fcc9513,tg:rubgr:231_#1,e22_ObjectTypes,1,kenmerken.rubedformgr,dtrvfo,photographs
7b2990b8-8463-58da-ac3f-ccde569c02b7,tg:rubgr:349_#1,e22_ObjectTypes,1,kenmerken.rubedformgr,dtrvfo,photographs
9e3783d2-c157-5d38-925a-7af9b063f571,tg:rubgr:1699_#1,e22_ObjectTypes,2,kenmerken.rubedformgr,dtrvfo,photographs
923c4c66-0ee8-52ee-b8e6-0ec2080d3760,tg:rubgr:1945_#1,e22_ObjectTypes,2,kenmerken.rubedformgr,dtrvfo,photographs
287655fa-8046-5cf2-ad93-13cab3b4d2de,tg:rubgr:2432_#1,e22_ObjectTypes,2,kenmerken.rubedformgr,dtrvfo,photographs
5a16b3d7-946d-563a-aa5f-1a9be1f4820c,tg:rubgr:1884_#1,e22_ObjectTypes,2,kenmerken.rubedformgr,dtrvfo,photographs
3c8077e1-b050-597a-99e8-9541a69df2d9,tg:rubgr:1546_#1,e22_ObjectTypes,1,kenmerken.rubedformgr,dtrvfo,photographs
1ca0f423-f1fa-5279-b1f1-88153acf2a3e,tg:rubgr:3326_#1,e22_ObjectTypes,1,kenmerken.rubedformgr,dtrvfo,photographs
ba7851dd-6c74-5faa-a536-c5f84e88382e,tg:rubgr:3310_#1,e22_ObjectTypes,1,kenmerken.rubedformgr,dtrvfo,photographs
038b153e-3860-5631-b65b-202fefb56144,tg:rubgr:3278_#1,e22_ObjectTypes,1,kenmerken.rubedformgr,dtrvfo,photographs
fe967e64-903b-51ef-9e5d-506b0666e6d9,tg:rubgr:3300_#1,e22_ObjectTypes,1,kenmerken.rubedformgr,dtrvfo,photographs
c41b1947-ff07-5279-b04e-4732ceee7706,tg:rubgr:2251_#1,e22_ObjectTypes,2,kenmerken.rubedformgr,dtrvfo,photographs
65eadaab-0e66-5751-9d94-ce8a25a25b11,tg:rubgr:1182_#1,e22_ObjectTypes,1,kenmerken.rubedformgr,dtrvfo,photographs
2f37da78-c5fd-5d8a-b341-e680e93e978c,tg:rubgr:2084_#1,e22_ObjectTypes,2,kenmerken.rubedformgr,dtrvfo,photographs
89dac23b-6397-5567-ba0c-ebea95c1de7b,tg:rubgr:1901_#1,e22_ObjectTypes,1,kenmerken.rubedformgr,dtrvfo,photographs
15bf91f7-232c-551e-92c7-cdb89f5ff7e1,tg:rubgr:2668_#1,e22_ObjectTypes,1,kenmerken.rubedformgr,dtrvfo,photographs
38a47a2e-93b0-5966-9e9a-fade59b2691e,tg:rubgr:2155_#1,e22_ObjectTypes,2,kenmerken.rubedformgr,dtrvfo,photographs
b7646db0-b37f-59ca-9657-d503d4a6e282,tg:rubgr:3396_#1,e22_ObjectTypes,1,kenmerken.rubedformgr,dtrvfo,photographs
30bf27c0-7799-594c-ae3c-a1d0e7151b0d,tg:rubgr:3386_#1,e22_ObjectTypes,1,kenmerken.rubedformgr,dtrvfo,photographs
db23149b-07f6-5ffd-ac62-502824d1fbc0,tg:rubgr:228_#1,e22_ObjectTypes,1,kenmerken.rubedformgr,dtrvfo,photographs
524b1919-6e83-5215-ad54-09e1f9273b9b,tg:rubgr:350_#1,e22_ObjectTypes,1,kenmerken.rubedformgr,dtrvfo,photographs
2b5fdc5a-f29a-5670-86d3-7ac79327bab3,tg:rubgr:1751_#1,e22_ObjectTypes,1,kenmerken.rubedformgr,dtrvfo,photographs
47f2b533-13c4-520a-bba5-f87980f2d822,tg:rubgr:2316_#1,e22_ObjectTypes,1,kenmerken.rubedformgr,dtrvfo,photographs
8ddf2660-7f3c-5ef1-804c-ce9a5828a788,tg:rubgr:2306_#1,e22_ObjectTypes,2,kenmerken.rubedformgr,dtrvfo,photographs
e880c255-e456-59af-b05e-e9ebc7848b82,tg:rubgr:3402_#1,e22_ObjectTypes,1,kenmerken.rubedformgr,dtrvfo,photographs
ac5b8349-2bbf-5268-b73e-1cba0a779bbd,tg:rubgr:2060_#1,e22_ObjectTypes,2,kenmerken.rubedformgr,dtrvfo,photographs
caeb3b92-5666-5c0c-8bca-3c8b5e7953b5,tg:rubgr:185_#1,e22_ObjectTypes,1,kenmerken.rubedformgr,dtrvfo,photographs
408790ea-bd6b-5cc8-8d7c-bd5fc225ddb8,tg:rubgr:964_#1,e22_ObjectTypes,1,kenmerken.rubedformgr,dtrvfo,photographs
d3242fb5-0a5b-5919-9f5c-d38184a31bb0,tg:rubgr:2647_#1,e22_ObjectTypes,1,kenmerken.rubedformgr,dtrvfo,photographs
311b3d91-d6cd-5bcb-9424-fab357cf6106,tg:rubgr:2657_#1,e22_ObjectTypes,1,kenmerken.rubedformgr,dtrvfo,photographs
ccf725ba-9c34-5366-8eb0-5bc2b8d2f846,tg:rubgr:2374_#1,e22_ObjectTypes,2,kenmerken.rubedformgr,dtrvfo,photographs
3221e1d3-3df2-5e40-aee8-16b9e37d4081,tg:rubgr:4115_#1,e22_ObjectTypes,1,kenmerken.rubedformgr,dtrvfo,photographs
c69131d8-725c-5c05-a819-b9bcb26350ce,tg:rubgr:2598_#1,e22_ObjectTypes,1,kenmerken.rubedformgr,dtrvfo,photographs
ff484264-0d7e-5f04-9107-52f7be87bf42,tg:rubgr:2075_#1,e22_ObjectTypes,1,kenmerken.rubedformgr,dtrvfo,photographs
6d3a6ebf-a04b-5e12-9064-7b7228b7a61b,tg:rubgr:2630_#1,e22_ObjectTypes,1,kenmerken.rubedformgr,dtrvfo,photographs
ad748f1c-049d-51a0-8638-c4c07cd5738a,tg:rubgr:2620_#1,e22_ObjectTypes,1,kenmerken.rubedformgr,dtrvfo,photographs
1bcd6f2e-291e-5319-ac12-fa081cff7c2a,tg:rubgr:1754_#1,e22_ObjectTypes,2,kenmerken.rubedformgr,dtrvfo,photographs
685f370a-3883-510d-bf3d-cae006167dce,tg:rubgr:2303_#1,e22_ObjectTypes,2,kenmerken.rubedformgr,dtrvfo,photographs
9705f696-afdf-5cef-a6d6-ee2cf35b06e7,tg:rubgr:2313_#1,e22_ObjectTypes,1,kenmerken.rubedformgr,dtrvfo,photographs
f129787f-2e57-5163-8c57-976935816aeb,tg:rubgr:2361_#1,e22_ObjectTypes,2,kenmerken.rubedformgr,dtrvfo,photographs
891aa20a-0a6d-5959-8760-61db4a9c4785,tg:rubgr:3358_#1,e22_ObjectTypes,1,kenmerken.rubedformgr,dtrvfo,photographs
5484e522-6b49-5fff-a0df-e0d5609879d3,tg:rubgr:180_#1,e22_ObjectTypes,1,kenmerken.rubedformgr,dtrvfo,photographs
9c88a360-63d7-5f09-bb7e-9503e1f8189a,tg:rubgr:819_#1,e22_ObjectTypes,1,kenmerken.rubedformgr,dtrvfo,photographs
c6752122-50b0-5f39-8764-501fa7201058,tg:rubgr:2642_#1,e22_ObjectTypes,1,kenmerken.rubedformgr,dtrvfo,photographs
2066bfe8-d039-5dbf-b7a3-c5b24d759fda,tg:rubgr:3087_#1,e22_ObjectTypes,1,kenmerken.rubedformgr,dtrvfo,photographs
cc518e0b-c8cc-5635-a45b-baa2d6853b85,tg:rubgr:2411_#1,e22_ObjectTypes,3,kenmerken.rubedformgr,dtrvfo,photographs
eab2e62c-11de-57c7-b28c-8d6ead9f1786,tg:rubgr:586_#1,e22_ObjectTypes,1,kenmerken.rubedformgr,dtrvfo,photographs
b2b18f80-1c0b-5e7d-b92b-94113bad1ba0,tg:rubgr:1320_#1,e22_ObjectTypes,1,kenmerken.rubedformgr,dtrvfo,photographs
07bf8939-5375-5126-abe0-1be09f64fa35,tg:rubgr:3315_#1,e22_ObjectTypes,1,kenmerken.rubedformgr,dtrvfo,photographs
1afc746f-7cbf-510d-97b9-ad3f4bb2756a,tg:rubgr:1399_#1,e22_ObjectTypes,1,kenmerken.rubedformgr,dtrvfo,photographs
c024f403-012c-54f6-a4a4-92eff873da2b,tg:rubgr:174_#1,e22_ObjectTypes,1,kenmerken.rubedformgr,dtrvrf,radiographs
0f9f68e8-ec3e-5833-9d6c-56872e061a4e,tg:rubgr:2385_#1,e22_ObjectTypes,1,kenmerken.rubedformgr,dtrvfo,photographs
25277524-815a-5268-af5c-9503f4c717fb,tg:rubgr:2395_#1,e22_ObjectTypes,2,kenmerken.rubedformgr,dtrvfo,photographs
f42399df-9874-5c44-a08a-862c9d87b462,tg:rubgr:753_#1,e22_ObjectTypes,1,kenmerken.rubedformgr,dtrvfo,photographs
7136c8e9-144d-55b9-a809-6e9348d4abc9,tg:rubgr:1283_#1,e22_ObjectTypes,2,kenmerken.rubedformgr,dtrvfo,photographs
74015ef1-7699-58b9-b66b-a4500d0f547b,tg:rubgr:4574_#1,e22_ObjectTypes,1,kenmerken.rubedformgr,dtrvfo,photographs
85863045-9df0-5cc0-aad5-27a0d5bfab70,tg:rubgr:2150_#1,e22_ObjectTypes,2,kenmerken.rubedformgr,dtrvfo,photographs
7f61a70b-a51a-5346-a876-cd55cce0f9a9,tg:rubgr:2378_#1,e22_ObjectTypes,1,kenmerken.rubedformgr,dtrvfo,photographs
8dd0d252-8e45-5cf4-b800-8f58d96edb9b,tg:rubgr:2368_#1,e22_ObjectTypes,2,kenmerken.rubedformgr,dtrvfo,photographs
d65755e7-9b6d-5237-aea3-1a3ac336be71,tg:rubgr:1647_#1,e22_ObjectTypes,3,kenmerken.rubedformgr,dtrvfo,photographs
211adecb-79aa-503c-a19d-b3724836a2b2,tg:rubgr:2166_#1,e22_ObjectTypes,2,kenmerken.rubedformgr,dtrvfo,photographs
915c9434-6feb-55ed-affc-d3d7ee64785e,tg:rubgr:3280_#1,e22_ObjectTypes,1,kenmerken.rubedformgr,dtrvfo,photographs
85fc825f-e258-5676-bde5-34e580ab3013,tg:rubgr:3290_#1,e22_ObjectTypes,1,kenmerken.rubedformgr,dtrvfo,photographs
7d891a79-eaff-5ce9-96e4-113003d7c0cd,tg:rubgr:1828_#1,e22_ObjectTypes,1,kenmerken.rubedformgr,dtrvfo,photographs
2b97cd9b-27a9-5be9-a34e-ed6e03e6ab69,tg:rubgr:4787_#1,e22_ObjectTypes,1,kenmerken.rubedformgr,dtrvfo,photographs
7b43f681-0d62-5e7a-873c-e88d387aa116,tg:rubgr:2680_#1,e22_ObjectTypes,1,kenmerken.rubedformgr,dtrvfo,photographs
9a86f990-073f-5d71-9296-cc74c9ab70e0,tg:rubgr:1316_#1,e22_ObjectTypes,3,kenmerken.rubedformgr,dtrvtp,transparencies
5e3b5e65-1b42-506a-bfbc-6007927efb7d,tg:rubgr:3323_#1,e22_ObjectTypes,1,kenmerken.rubedformgr,dtrvfo,photographs
6cca4d55-1f25-5770-951a-5bac7cb0c059,tg:rubgr:862_#1,e22_ObjectTypes,1,kenmerken.rubedformgr,dtrvfo,photographs
b2d07b6e-9a86-54d5-ad7f-ad923f3ae598,tg:rubgr:3333_#1,e22_ObjectTypes,1,kenmerken.rubedformgr,dtrvfo,photographs
ba80a900-34b5-59be-af2c-c2260cad207e,tg:rubgr:2639_#1,e22_ObjectTypes,1,kenmerken.rubedformgr,dtrvfo,photographs
878382dd-2437-5ac2-bd63-600549c63f3d,tg:rubgr:2262_#1,e22_ObjectTypes,1,kenmerken.rubedformgr,dtrvfo,photographs
dfdfb6b3-06c1-519d-9687-1e73e1025342,tg:rubgr:2664_#1,e22_ObjectTypes,1,kenmerken.rubedformgr,dtrvfo,photographs
68bdb500-592a-5269-954c-77bd22cb0793,tg:rubgr:485_#1,e22_ObjectTypes,1,kenmerken.rubedformgr,dtrvfo,photographs
ca74efc0-ea71-5adb-b2d7-ee3ceb94f099,tg:rubgr:2347_#1,e22_ObjectTypes,3,kenmerken.rubedformgr,dtrvfo,photographs
5ad36b2f-2e17-5c78-8fbf-c18451679114,tg:rubgr:54_#1,e22_ObjectTypes,1,kenmerken.rubedformgr,dtrvfo,photographs
ffc2dcee-a616-5947-af9c-0ee7777c2c8b,tg:rubgr:5301_#1,e22_ObjectTypes,1,kenmerken.rubedformgr,dtrvfo,photographs
3c09bcbb-cf59-5d74-8e4d-b7c10d1d244d,tg:rubgr:2357_#1,e22_ObjectTypes,2,kenmerken.rubedformgr,dtrvfo,photographs
e1aa9c83-d806-5f9b-916f-d723146926ee,tg:rubgr:2418_#1,e22_ObjectTypes,1,kenmerken.rubedformgr,dtrvfo,photographs
fb55ba10-8a73-5f76-ac3d-9a7587d0bb02,tg:rubgr:3274_#1,e22_ObjectTypes,1,kenmerken.rubedformgr,dtrvfo,photographs
4b4d3eb2-2313-550f-989b-0aa921978bde,tg:rubgr:2606_#1,e22_ObjectTypes,1,kenmerken.rubedformgr,dtrvfo,photographs
f8a4651b-af53-5f76-8012-e9057c4b0c69,tg:rubgr:2192_#1,e22_ObjectTypes,1,kenmerken.rubedformgr,dtrvfo,photographs
2aeaedd7-d59e-5fb7-9d96-8d62177bf951,tg:rubgr:3281_#1,e22_ObjectTypes,1,kenmerken.rubedformgr,dtrvfo,photographs
4400364d-5f89-5b54-9ff7-6a79f895930f,tg:rubgr:2585_#1,e22_ObjectTypes,1,kenmerken.rubedformgr,dtrvfo,photographs
05a0ca7e-5959-5fce-98bf-cfbad4e25df1,tg:rubgr:1646_#1,e22_ObjectTypes,2,kenmerken.rubedformgr,dtrvfo,photographs
0e31bd5b-8d96-5e37-a6ec-eba31dd75151,tg:rubgr:2201_#1,e22_ObjectTypes,1,kenmerken.rubedformgr,dtrvfo,photographs
b1e87f0d-c0f8-5e48-bf99-2ee3a34845d7,tg:rubgr:2167_#1,e22_ObjectTypes,2,kenmerken.rubedformgr,dtrvfo,photographs
96c8311b-4e05-507f-9078-e1569073177b,tg:rubgr:3340_#1,e22_ObjectTypes,1,kenmerken.rubedformgr,dtrvfo,photographs
f4555a4f-7c16-5f34-b566-7aaf45dbb790,tg:rubgr:811_#1,e22_ObjectTypes,1,kenmerken.rubedformgr,dtrvfo,photographs
5e574afb-a810-5672-9ead-9f6bcdc17226,tg:rubgr:2638_#1,e22_ObjectTypes,1,kenmerken.rubedformgr,dtrvfo,photographs
3935aea7-c7d1-5c13-8510-8d5abfc1db35,tg:rubgr:3332_#1,e22_ObjectTypes,1,kenmerken.rubedformgr,dtrvfo,photographs
a4cd66ef-04b8-571b-a48c-22b8d4d8c27a,tg:rubgr:3322_#1,e22_ObjectTypes,1,kenmerken.rubedformgr,dtrvfo,photographs
052dbb9b-0830-59d6-9ce7-821ef68d7b72,tg:rubgr:1890_#1,e22_ObjectTypes,1,kenmerken.rubedformgr,dtrvfo,photographs
a3259cd1-0d27-5378-be4b-041b1079dcb4,tg:rubgr:2263_#1,e22_ObjectTypes,1,kenmerken.rubedformgr,dtrvfo,photographs
e78fadf8-1043-512a-9c88-ee5e3ad8ac5d,tg:rubgr:2436_#1,e22_ObjectTypes,2,kenmerken.rubedformgr,dtrvfo,photographs
97ae6031-45c0-5f2c-b6f5-9ab393efc7dd,tg:rubgr:1951_#1,e22_ObjectTypes,1,kenmerken.rubedformgr,dtrvfo,photographs
5e3ae487-f0fb-5eae-a7c1-e27841b6a637,tg:rubgr:235_#1,e22_ObjectTypes,1,kenmerken.rubedformgr,dtrvfo,photographs
e5fcbe96-428a-51f0-972a-23fbdf0de20f,tg:rubgr:2681_#1,e22_ObjectTypes,1,kenmerken.rubedformgr,dtrvfo,photographs
900de8dc-91de-5a5e-a2e5-1ab31b625911,tg:rubgr:1222_#1,e22_ObjectTypes,1,kenmerken.rubedformgr,dtrvfo,photographs
32742813-29eb-57c9-98e5-aa2e7177340d,tg:rubgr:2513_#1,e22_ObjectTypes,1,kenmerken.rubedformgr,dtrvfo,photographs
478d2862-985b-58bd-9f23-e64ed80dcfc0,tg:rubgr:2356_#1,e22_ObjectTypes,2,kenmerken.rubedformgr,dtrvfo,photographs
a7d37a8e-71ff-557f-920a-ec3943dd6a03,tg:rubgr:55_#1,e22_ObjectTypes,2,kenmerken.rubedformgr,dtrvfo,photographs
6a5b752b-8cda-53a4-8cb7-8fb8d21e71e2,tg:rubgr:1154_#1,e22_ObjectTypes,1,kenmerken.rubedformgr,dtrvfo,photographs
5fee3cf8-8c01-5438-8631-bd77e29bf92e,tg:rubgr:2287_#1,e22_ObjectTypes,1,kenmerken.rubedformgr,dtrvfo,photographs
7c8c5d28-cdb8-5cbe-9ce7-5e5120a16ef1,tg:rubgr:2193_#1,e22_ObjectTypes,2,kenmerken.rubedformgr,dtrvfo,photographs
453bfb45-b145-5526-9641-4d842c03c459,tg:rubgr:2183_#1,e22_ObjectTypes,3,kenmerken.rubedformgr,dtrvfo,photographs
1da3af84-8f7b-5d3b-9336-54dc9476723e,tg:rubgr:2617_#1,e22_ObjectTypes,1,kenmerken.rubedformgr,dtrvfo,photographs
bf2a7a66-4a04-58fb-99bb-d83d16a2b631,tg:rubgr:3430_#1,e22_ObjectTypes,1,kenmerken.rubedformgr,dtrvfo,photographs
c81cec2a-f6c0-52d5-a18c-bc094d440caf,tg:rubgr:1250_#1,e22_ObjectTypes,1,kenmerken.rubedformgr,dtrvfo,photographs
6fb97e16-6228-5edb-87d9-2fdb46f6d94e,tg:rubgr:4476_#1,e22_ObjectTypes,1,kenmerken.rubedformgr,dtrvfo,photographs
c4c8f622-2529-54f1-bc7e-92515c8c0669,tg:rubgr:2621_#1,e22_ObjectTypes,1,kenmerken.rubedformgr,dtrvfo,photographs
b949ac7f-fb07-5eb5-bda9-21bbd2ee8fc0,tg:rubgr:3406_#1,e22_ObjectTypes,1,kenmerken.rubedformgr,dtrvfo,photographs
113bc9ca-bc1c-526c-b61c-c5b4216780bb,tg:rubgr:2312_#1,e22_ObjectTypes,2,kenmerken.rubedformgr,dtrvfo,photographs
02f54e6d-2a29-5f74-8058-62efac5d19a6,tg:rubgr:2302_#1,e22_ObjectTypes,2,kenmerken.rubedformgr,dtrvfo,photographs
e242f23c-93fe-5c76-9f6d-66f5226b56a7,tg:rubgr:1889_#1,e22_ObjectTypes,3,kenmerken.rubedformgr,dtrvfo,photographs
f08405d4-0282-5e0f-ac55-89d295849e9b,tg:rubgr:285_#1,e22_ObjectTypes,1,kenmerken.rubedformgr,dtrvfo,photographs
2f66fd67-cfe5-52ba-9ebb-8f40a4bb086d,tg:rubgr:1694_#1,e22_ObjectTypes,2,kenmerken.rubedformgr,dtrvfo,photographs
9ea1540b-5912-5b65-9560-20d34e355317,tg:rubgr:667_#1,e22_ObjectTypes,2,kenmerken.rubedformgr,dtrvfo,photographs
3638c44b-288a-5559-af68-81d5bac2b640,tg:rubgr:3298_#1,e22_ObjectTypes,1,kenmerken.rubedformgr,dtrvfo,photographs
304487cc-83af-597a-a6d3-0320a4151ca9,tg:rubgr:3086_#1,e22_ObjectTypes,1,kenmerken.rubedformgr,dtrvfo,photographs
4b436751-b9a0-5475-9d42-ca7f38bacc61,tg:rubgr:1852_#1,e22_ObjectTypes,1,kenmerken.rubedformgr,dtrvfo,photographs
f05a6a91-e7f0-5fe1-b9d9-ca70b6a001dd,tg:rubgr:2360_#1,e22_ObjectTypes,2,kenmerken.rubedformgr,dtrvfo,photographs
190c5fe1-6802-59c9-9e23-a910afb9ccbd,tg:rubgr:2643_#1,e22_ObjectTypes,1,kenmerken.rubedformgr,dtrvfo,photographs
65f5dcbd-8fd0-5961-bfdd-140c70a488c0,tg:rubgr:181_#1,e22_ObjectTypes,1,kenmerken.rubedformgr,dtrvfo,photographs
5427bf48-a117-5e08-85b0-ca703b24aa74,tg:rubgr:2653_#1,e22_ObjectTypes,1,kenmerken.rubedformgr,dtrvfo,photographs
99e06c0f-2260-514f-9ac8-f6b4af2b7adc,tg:rubgr:3359_#1,e22_ObjectTypes,1,kenmerken.rubedformgr,dtrvfo,photographs
b08fd405-0b66-560b-928f-035716f37263,tg:rubgr:1398_#1,e22_ObjectTypes,1,kenmerken.rubedformgr,dtrvfo,photographs
ea5bfc38-1452-5545-a217-7ba3c92426ac,tg:rubgr:2384_#1,e22_ObjectTypes,1,kenmerken.rubedformgr,dtrvfo,photographs
398ebf62-f6c0-51d0-b51d-1dcf4b9ee33d,tg:rubgr:4661_#1,e22_ObjectTypes,1,kenmerken.rubedformgr,dtrvfo,photographs
9fe50a17-352f-560a-b69d-d8ac48d73e53,tg:rubgr:597_#1,e22_ObjectTypes,1,kenmerken.rubedformgr,dtrvfo,photographs
b934fb26-8cd5-5bb6-933c-d08bdffceb75,tg:rubgr:2255_#1,e22_ObjectTypes,3,kenmerken.rubedformgr,dtrvfo,photographs
c54b7463-e34b-5b26-8cee-4b77f8c311da,tg:rubgr:3314_#1,e22_ObjectTypes,1,kenmerken.rubedformgr,dtrvfo,photographs
0a59f40f-388e-5244-9257-e6fd2075a131,tg:rubgr:1321_#1,e22_ObjectTypes,1,kenmerken.rubedformgr,dtrvfo,photographs
cf95669b-3826-53f5-89c5-331760b0ea91,tg:rubgr:3523_#1,e22_ObjectTypes,1,kenmerken.rubedformgr,dtrvfo,photographs
c1472533-a4da-5b03-9964-9bcbbd1a7fd7,tg:rubgr:2151_#1,e22_ObjectTypes,2,kenmerken.rubedformgr,dtrvfo,photographs
5b740f4e-ce4b-591e-b33a-595cbb447bb7,tg:rubgr:2472_#1,e22_ObjectTypes,1,kenmerken.rubedformgr,dtrvfo,photographs
93a00fc9-335d-558d-bad7-00294c8815de,tg:rubgr:3848_#1,e22_ObjectTypes,1,kenmerken.rubedformgr,dtrvfo,photographs
88497f69-bb70-5b8c-a021-42b991564d25,tg:rubgr:752_#1,e22_ObjectTypes,1,kenmerken.rubedformgr,dtrvfo,photographs
86105fb1-af9c-513b-81b9-87243c252fd8,tg:rubgr:2261_#1,e22_ObjectTypes,1,kenmerken.rubedformgr,dtrvfo,photographs
f9b50b68-8ac0-561c-9a2f-82fc43ef392f,tg:rubgr:2309_#1,e22_ObjectTypes,2,kenmerken.rubedformgr,dtrvfo,photographs
0a78dc94-f0c7-5ba5-bd30-7f50d9f384bf,tg:rubgr:1315_#1,e22_ObjectTypes,2,kenmerken.rubedformgr,dtrvfo,photographs
73fe5989-bf03-518c-b2c7-5e0e06cac9d0,tg:rubgr:3320_#1,e22_ObjectTypes,1,kenmerken.rubedformgr,dtrvfo,photographs
6072b365-ebc6-58e7-953b-a9af08bcdfd1,tg:rubgr:3330_#1,e22_ObjectTypes,1,kenmerken.rubedformgr,dtrvfo,photographs
48308a78-3ce9-569c-b5fa-88296fd7fbc7,tg:rubgr:2693_#1,e22_ObjectTypes,1,kenmerken.rubedformgr,dtrvfo,photographs
3f247449-4ea2-5e83-b193-b4a04d55fb49,tg:rubgr:2683_#1,e22_ObjectTypes,1,kenmerken.rubedformgr,dtrvfo,photographs
eef466d4-029b-5845-8566-c5e96b497d16,tg:rubgr:3389_#1,e22_ObjectTypes,3,kenmerken.rubedformgr,dtrvfo,photographs
3f42b57f-675c-5bd9-bbfd-28de419b4587,tg:rubgr:1859_#1,e22_ObjectTypes,1,kenmerken.rubedformgr,dtrvfo,photographs
0b83ee77-8fac-5a4b-8f32-729285122a41,tg:rubgr:3283_#1,e22_ObjectTypes,1,kenmerken.rubedformgr,dtrvfo,photographs
0efc2562-e45a-5211-8207-ef23f50e7847,tg:rubgr:3293_#1,e22_ObjectTypes,1,kenmerken.rubedformgr,dtrvfo,photographs
6a99e213-3af5-5d68-bae9-7f35f403c60d,tg:rubgr:3342_#1,e22_ObjectTypes,1,kenmerken.rubedformgr,dtrvfo,photographs
c345ad99-7638-5a4d-ac21-b35b4a86ad02,tg:rubgr:4314_#1,e22_ObjectTypes,1,kenmerken.rubedformgr,dtrvfo,photographs
dd1b02fe-f086-594d-b2e1-5d44ad07f4a1,tg:rubgr:2658_#1,e22_ObjectTypes,1,kenmerken.rubedformgr,dtrvfo,photographs
f095c739-38bb-5f40-8e88-465e52e8c8ab,tg:rubgr:2165_#1,e22_ObjectTypes,2,kenmerken.rubedformgr,dtrvfo,photographs
739a2581-7480-5561-aee1-92898fdbb37f,tg:rubgr:1179_#1,e22_ObjectTypes,1,kenmerken.rubedformgr,dtrvfo,photographs
ba636cfb-e2c3-5068-a626-0c721c81f853,tg:rubgr:1644_#1,e22_ObjectTypes,2,kenmerken.rubedformgr,dtrvfo,photographs
07dabf67-f5d0-5c66-bf41-b0d7034ced22,tg:rubgr:2446_#1,e22_ObjectTypes,2,kenmerken.rubedformgr,dtrvfo,photographs
2c191639-f0e0-597b-905d-04c42a6177c9,tg:rubgr:2191_#1,e22_ObjectTypes,1,kenmerken.rubedformgr,dtrvfo,photographs
5e07938c-9cad-5e46-b013-f5c32d13cc94,tg:rubgr:926_#1,e22_ObjectTypes,2,kenmerken.rubedformgr,dtrvfo,photographs
9fd35af6-c06d-5788-9ed2-c8badc6318ea,tg:rubgr:2605_#1,e22_ObjectTypes,1,kenmerken.rubedformgr,dtrvfo,photographs
d3de3ebc-30ac-5c67-8c83-80277fcf9198,tg:rubgr:3277_#1,e22_ObjectTypes,1,kenmerken.rubedformgr,dtrvfo,photographs
8d5ea37c-63a3-5556-942d-2e8b10606e02,tg:rubgr:2511_#1,e22_ObjectTypes,1,kenmerken.rubedformgr,dtrvfo,photographs
a5674621-a145-5bf0-a980-b344e8280c53,tg:rubgr:749_#1,e22_ObjectTypes,1,kenmerken.rubedformgr,dtrvfo,photographs
c027e619-abdb-58bb-91cb-f34ce57014e2,tg:rubgr:2295_#1,e22_ObjectTypes,2,kenmerken.rubedformgr,dtrvfo,photographs
aff02b58-8b62-584f-84d5-27e5fc83b5e3,tg:rubgr:409_#1,e22_ObjectTypes,1,kenmerken.rubedformgr,dtrvfo,photographs
abfdf035-45f2-5f84-9592-32c01dc8563b,tg:rubgr:2651_#1,e22_ObjectTypes,1,kenmerken.rubedformgr,dtrvfo,photographs
6a1788a9-0188-5165-bcc1-69adbca2cebe,tg:rubgr:2641_#1,e22_ObjectTypes,1,kenmerken.rubedformgr,dtrvfo,photographs
d772871b-813f-5436-9561-e585aacc7181,tg:rubgr:2739_#1,e22_ObjectTypes,1,kenmerken.rubedformgr,dtrvfo,photographs
76709336-83bf-538b-8dad-ccd47fc528f5,tg:rubgr:183_#1,e22_ObjectTypes,1,kenmerken.rubedformgr,dtrvfo,photographs
0a511734-b113-5eeb-8c92-3fdcc926ae36,tg:rubgr:71_#1,e22_ObjectTypes,1,kenmerken.rubedformgr,dtrvif,photographs
080560e3-e3aa-58df-af8b-494f8bdedefd,tg:rubgr:2527_#1,e22_ObjectTypes,1,kenmerken.rubedformgr,dtrvfo,photographs
fda596b4-5eb5-535c-bf19-32668e60e2ae,tg:rubgr:1747_#1,e22_ObjectTypes,3,kenmerken.rubedformgr,dtrvfo,photographs
a2816df0-852a-558a-9091-3ab8a31ea298,tg:rubgr:2545_#1,e22_ObjectTypes,1,kenmerken.rubedformgr,dtrvfo,photographs
7c7e7958-13a1-59ec-8c57-44e484cbd53b,tg:rubgr:2300_#1,e22_ObjectTypes,1,kenmerken.rubedformgr,dtrvfo,photographs
85efea62-a586-56b3-8127-418c7616c1ce,tg:rubgr:2278_#1,e22_ObjectTypes,2,kenmerken.rubedformgr,dtrvfo,photographs
c5162606-636f-5177-8e46-a42c5f1b2dcc,tg:rubgr:2310_#1,e22_ObjectTypes,1,kenmerken.rubedformgr,dtrvfo,photographs
a5da158f-788a-5b44-bf4e-25053e34f191,tg:rubgr:2076_#1,e22_ObjectTypes,1,kenmerken.rubedformgr,dtrvfo,photographs
5b74cc87-6b2a-5b90-9a57-e62818eaf520,tg:rubgr:2633_#1,e22_ObjectTypes,1,kenmerken.rubedformgr,dtrvfo,photographs
e2c0a8b1-342b-53fe-a820-e2de33eea6d3,tg:rubgr:3329_#1,e22_ObjectTypes,1,kenmerken.rubedformgr,dtrvfo,photographs
3816a742-6804-50d4-b07f-bab1bb534cc0,tg:rubgr:3390_#1,e22_ObjectTypes,1,kenmerken.rubedformgr,dtrvfo,photographs
9df8232d-f54f-5ec6-ad71-67e0f8961512,tg:rubgr:2484_#1,e22_ObjectTypes,1,kenmerken.rubedformgr,dtrvfo,photographs
9493c548-e4a4-5f5b-813d-6fc2817b9f4c,tg:rubgr:2235_#1,e22_ObjectTypes,1,kenmerken.rubedformgr,dtrvif,photographs
50538056-c1d1-54e0-ad9f-fb71acce479f,tg:rubgr:2508_#1,e22_ObjectTypes,1,kenmerken.rubedformgr,dtrvfo,photographs
69181d68-277c-5d85-a257-d1c29c4cae51,tg:rubgr:691_#1,e22_ObjectTypes,2,kenmerken.rubedformgr,dtrvfo,photographs
074b7832-2cb0-597d-8460-993a67033e11,tg:rubgr:2153_#1,e22_ObjectTypes,2,kenmerken.rubedformgr,dtrvfo,photographs
aed2f538-38a9-54b5-83bd-8d6fb8544c95,tg:rubgr:1239_#1,e22_ObjectTypes,1,kenmerken.rubedformgr,dtrvfo,photographs
53b5ac18-1300-512f-bee5-8e01cb829829,tg:rubgr:750_#1,e22_ObjectTypes,1,kenmerken.rubedformgr,dtrvfo,photographs
e37c8c35-4361-5a3c-9636-c0430c09f78d,tg:rubgr:1280_#1,e22_ObjectTypes,1,kenmerken.rubedformgr,dtrvfo,photographs
ec3b6f3f-6bb6-536a-a4c9-87f279aa2a41,tg:rubgr:3828_#1,e22_ObjectTypes,1,kenmerken.rubedformgr,dtrvfo,photographs
2338cdd9-d081-5626-8e6e-dcbe466e79db,tg:rubgr:2386_#1,e22_ObjectTypes,1,kenmerken.rubedformgr,dtrvfo,photographs
f8a02258-e28d-5c95-809e-bd692f5c5be6,tg:rubgr:2396_#1,e22_ObjectTypes,2,kenmerken.rubedformgr,dtrvfo,photographs
929f6abf-4d71-5381-a06e-f8cd9bd32c0a,tg:rubgr:2198_#1,e22_ObjectTypes,1,kenmerken.rubedformgr,dtrvfo,photographs
6ebd7da3-17ce-530c-b96a-d536301d6071,tg:rubgr:2188_#1,e22_ObjectTypes,1,kenmerken.rubedformgr,dtrvfo,photographs
31d1f57d-5d14-55d7-84be-2b6180bd5478,tg:rubgr:2059_#1,e22_ObjectTypes,1,kenmerken.rubedformgr,dtrvfo,photographs
44868f11-a497-5ab3-85f0-6121919a86b5,tg:rubgr:1333_#1,e22_ObjectTypes,2,kenmerken.rubedformgr,dtrvfo,photographs
54ac8347-5407-53e7-ac3d-332027d9d2e7,tg:rubgr:3316_#1,e22_ObjectTypes,1,kenmerken.rubedformgr,dtrvfo,photographs
8b694b5e-e4a8-567d-bec5-e93cbead78f2,tg:rubgr:1600_#1,e22_ObjectTypes,2,kenmerken.rubedformgr,dtrvfo,photographs
7e40752d-9e02-5e66-adbc-91c594587537,tg:rubgr:182_#1,e22_ObjectTypes,1,kenmerken.rubedformgr,dtrvfo,photographs
97a442d3-39b1-5585-9f81-bc2a59a4b3c8,tg:rubgr:2640_#1,e22_ObjectTypes,1,kenmerken.rubedformgr,dtrvfo,photographs
78ed673f-d42d-54ce-a53a-b2dfc8f19259,tg:rubgr:2650_#1,e22_ObjectTypes,1,kenmerken.rubedformgr,dtrvfo,photographs
8f7ce421-d5b2-5bf1-875b-87429ba9fee5,tg:rubgr:2526_#1,e22_ObjectTypes,1,kenmerken.rubedformgr,dtrvfo,photographs
2c2e3858-13ba-5213-ba1a-f105badb23d8,tg:rubgr:70_#1,e22_ObjectTypes,1,kenmerken.rubedformgr,dtrvfo,photographs
d8b25548-6d21-5927-a2d1-b750bce723f2,tg:rubgr:3085_#1,e22_ObjectTypes,1,kenmerken.rubedformgr,dtrvfo,photographs
b61e69ec-c4fb-5755-a20a-fae923535648,tg:rubgr:2311_#1,e22_ObjectTypes,2,kenmerken.rubedformgr,dtrvfo,photographs
4a553eb0-d8c0-5a10-a7d1-17f2f254000c,tg:rubgr:2279_#1,e22_ObjectTypes,2,kenmerken.rubedformgr,dtrvfo,photographs
7b1c8542-7da9-5974-8365-f77a60c115ab,tg:rubgr:2301_#1,e22_ObjectTypes,1,kenmerken.rubedformgr,dtrvfo,photographs
d3ba2f6f-9e6c-5d75-9fdd-4bf6f1cb057d,tg:rubgr:1756_#1,e22_ObjectTypes,1,kenmerken.rubedformgr,dtrvtp,transparencies
abde79a1-67a9-5362-9dca-8eafa5087399,tg:rubgr:3328_#1,e22_ObjectTypes,1,kenmerken.rubedformgr,dtrvfo,photographs
356a59f6-8b27-503d-a901-1e6d902f054d,tg:rubgr:751_#1,e22_ObjectTypes,2,kenmerken.rubedformgr,dtrvfo,photographs
509dbbea-3831-52cc-a62e-de518d359ec9,tg:rubgr:629_#1,e22_ObjectTypes,1,kenmerken.rubedformgr,dtrvfo,photographs
8bd15ee0-4096-5b34-b4c9-b9ee337898d9,tg:rubgr:3589_#1,e22_ObjectTypes,1,kenmerken.rubedformgr,dtrvfo,photographs
4c489a3e-6e3e-5ab9-8cf4-481c92dc3da0,tg:rubgr:4184_#1,e22_ObjectTypes,1,kenmerken.rubedformgr,dtrvfo,photographs
3ff1e329-f394-52c1-b693-31bf4580afcf,tg:rubgr:4965_#1,e22_ObjectTypes,1,kenmerken.rubedformgr,dtrvfo,photographs
3b763260-7979-5bfd-9ae2-ff931f6bac50,tg:rubgr:2509_#1,e22_ObjectTypes,1,kenmerken.rubedformgr,dtrvfo,photographs
2c663923-b399-5792-8990-838bde4086e6,tg:rubgr:2224_#1,e22_ObjectTypes,1,kenmerken.rubedformgr,dtrvfo,photographs
8d6de037-8d8f-53bb-a7c1-b4ba7067b52e,tg:rubgr:2152_#1,e22_ObjectTypes,2,kenmerken.rubedformgr,dtrvfo,photographs
eda9d21b-8aa3-5f90-8951-fa1ebe6c7587,tg:rubgr:1228_#1,e22_ObjectTypes,1,kenmerken.rubedformgr,dtrvfo,photographs
86ee7e24-947d-5158-82c1-8f481374c4e0,tg:rubgr:3317_#1,e22_ObjectTypes,1,kenmerken.rubedformgr,dtrvfo,photographs
1adb94d4-4850-550d-b35d-896c8249212f,tg:rubgr:2058_#1,e22_ObjectTypes,3,kenmerken.rubedformgr,dtrvfo,photographs
5b8bef73-e195-5759-90ca-b1ef85e05b9d,tg:rubgr:1601_#1,e22_ObjectTypes,2,kenmerken.rubedformgr,dtrvfo,photographs
b5578709-b5e1-5199-bb7b-92620e80bae2,tg:rubgr:1185_#1,e22_ObjectTypes,1,kenmerken.rubedformgr,dtrvfo,photographs
4d01cf28-4592-573e-b408-c9273c238c9e,tg:rubgr:2189_#1,e22_ObjectTypes,2,kenmerken.rubedformgr,dtrvfo,photographs
fc1692ce-9efd-593e-ac78-08e7e78f12cf,tg:rubgr:3388_#1,e22_ObjectTypes,1,kenmerken.rubedformgr,dtrvfo,photographs
6c95cfa5-8427-5474-9865-fce5935cdb01,tg:rubgr:2682_#1,e22_ObjectTypes,1,kenmerken.rubedformgr,dtrvfo,photographs
4f57393b-e7a9-5c41-b0d3-3865e68dadab,tg:rubgr:1480_#1,e22_ObjectTypes,1,kenmerken.rubedformgr,dtrvfo,photographs
0573ee08-00a9-5487-a85b-15dcb8e18298,tg:rubgr:3398_#1,e22_ObjectTypes,1,kenmerken.rubedformgr,dtrvfo,photographs
48192019-f587-5f02-8b17-4b6c6045eb53,tg:rubgr:226_#1,e22_ObjectTypes,1,kenmerken.rubedformgr,dtrvfo,photographs
ee243845-8b76-5cef-8b32-1192583c6658,tg:rubgr:2308_#1,e22_ObjectTypes,2,kenmerken.rubedformgr,dtrvfo,photographs
568d5117-e0b4-52db-b508-19310687c852,tg:rubgr:4011_#1,e22_ObjectTypes,1,kenmerken.rubedformgr,dtrvfo,photographs
878f7761-58e6-5d08-b6fa-8d94b5c6fbc8,tg:rubgr:1637_#1,e22_ObjectTypes,1,kenmerken.rubedformgr,dtrvfo,photographs
7894ad89-e69d-503b-96fa-a637b302ed4e,tg:rubgr:3331_#1,e22_ObjectTypes,1,kenmerken.rubedformgr,dtrvfo,photographs
ed7b5e62-708f-50d2-b5e9-25554d3b9d4c,tg:rubgr:908_#1,e22_ObjectTypes,1,kenmerken.rubedformgr,dtrvfo,photographs
1dd5e396-e5e0-5853-b45d-48c9cc7c4ad9,tg:rubgr:3321_#1,e22_ObjectTypes,1,kenmerken.rubedformgr,dtrvfo,photographs
c96573bf-37fd-52ae-ad8d-072c66cba560,tg:rubgr:1314_#1,e22_ObjectTypes,2,kenmerken.rubedformgr,dtrvfo,photographs
e4ce0acf-5fbd-528f-a106-e6e7ee98dda7,tg:rubgr:2174_#1,e22_ObjectTypes,2,kenmerken.rubedformgr,dtrvfo,photographs
63bb2af5-5b3f-5f8f-919b-4354d5030487,tg:rubgr:2164_#1,e22_ObjectTypes,2,kenmerken.rubedformgr,dtrvfo,photographs
10d04884-0bdc-523f-9180-27aadac78ef3,tg:rubgr:2659_#1,e22_ObjectTypes,1,kenmerken.rubedformgr,dtrvfo,photographs
4ccc09a2-ebf6-5830-bbc7-e42cfe5598f1,tg:rubgr:2649_#1,e22_ObjectTypes,1,kenmerken.rubedformgr,dtrvfo,photographs
dbd290bb-b273-5f74-8cca-f20e77e8fbfa,tg:rubgr:3343_#1,e22_ObjectTypes,1,kenmerken.rubedformgr,dtrvfo,photographs
a0b79c07-8456-5dd3-86a8-cc094f18828d,tg:rubgr:2447_#1,e22_ObjectTypes,1,kenmerken.rubedformgr,dtrvfo,photographs
0c9f7d4d-422b-5142-892d-152f29d7886e,tg:rubgr:1645_#1,e22_ObjectTypes,2,kenmerken.rubedformgr,dtrvfo,photographs
a123d216-abbd-5ee9-b830-aeb010618b0e,tg:rubgr:2212_#1,e22_ObjectTypes,2,kenmerken.rubedformgr,dtrvfo,photographs
b91cb9f6-727a-5977-800a-e3ca2e1a020e,tg:rubgr:69_#1,e22_ObjectTypes,2,kenmerken.rubedformgr,dtrvfo,photographs
3a9e994d-be69-5875-a8ac-42122805dcc4,tg:rubgr:2586_#1,e22_ObjectTypes,1,kenmerken.rubedformgr,dtrvfo,photographs
ca96b022-da84-5652-a35b-7e24f95146af,tg:rubgr:1848_#1,e22_ObjectTypes,1,kenmerken.rubedformgr,dtrvfo,photographs
57e6d45f-af68-5987-b1e6-7c7d6c8221c6,tg:rubgr:3282_#1,e22_ObjectTypes,1,kenmerken.rubedformgr,dtrvfo,photographs
14c4ab88-b16e-5ef0-b18d-ae788012da72,tg:rubgr:3276_#1,e22_ObjectTypes,1,kenmerken.rubedformgr,dtrvfo,photographs
d9823b4f-1c70-5eb2-ad83-acd4599d132f,tg:rubgr:2614_#1,e22_ObjectTypes,1,kenmerken.rubedformgr,dtrvfo,photographs
d1000bc3-0e57-58cf-b72e-53b3f2e32940,tg:rubgr:2337_#1,e22_ObjectTypes,1,kenmerken.rubedformgr,dtrvfo,photographs
877ad4f6-9a3c-5b23-9687-da0c0860fcda,tg:rubgr:2190_#1,e22_ObjectTypes,2,kenmerken.rubedformgr,dtrvfo,photographs
e19e52da-cbcf-5d69-aa30-3abd8149dc21,tg:rubgr:2180_#1,e22_ObjectTypes,2,kenmerken.rubedformgr,dtrvfo,photographs
10a268f3-91e5-5bf9-b54c-2a5df4338bce,tg:rubgr:748_#1,e22_ObjectTypes,1,kenmerken.rubedformgr,dtrvfo,photographs
4220144c-76f5-5005-8643-1104f80a38ae,tg:rubgr:3590_#1,e22_ObjectTypes,1,kenmerken.rubedformgr,dtrvfo,photographs
49870794-26cd-5813-a0e9-803cd33add55,tg:rubgr:4804_#1,e22_ObjectTypes,1,kenmerken.rubedformgr,dtrvfo,photographs
87311fc4-0e79-5e61-a864-377c0d2d0692,tg:rubgr:1147_#1,e22_ObjectTypes,1,kenmerken.rubedformgr,dtrvfo,photographs
