ResourceID,brocade.id,card,order,source_field,External Relation URL Prefix,External Relation URL,External Relation,External Relation URL Type
9e45e323-ac08-5613-a52b-d4923ec9a28f,tg:rubgr:1130,e73_ExternalRelationsExtras,a::rub.26,ow.link,https://rkd.nl/nl/explore/images/,261005,online catalogs,RKDimages
68671868-8c15-5c97-a88d-451a6bd1a5a1,tg:rubgr:1397,e73_ExternalRelationsExtras,a::rub.38,ow.link,https://rkd.nl/nl/explore/images/,54753,online catalogs,RKDimages
41646104-061b-58e2-97c7-d75526d2557f,tg:rubgr:1387,e73_ExternalRelationsExtras,a::rub.37,ow.link,https://rkd.nl/nl/explore/images/,261051,online catalogs,RKDimages
41e38a9a-6f5e-5bf8-98c6-f32568556140,tg:rubgr:374,e73_ExternalRelationsExtras,a::rub.11,ow.link,https://rkd.nl/nl/explore/images/,111680,online catalogs,RKDimages
d6e771e8-1e58-5e6d-9000-d239ea086b59,tg:rubgr:875,e73_ExternalRelationsExtras,a::rub.23,ow.link,https://rkd.nl/nl/explore/images/,260966,online catalogs,RKDimages
61208dac-8a8e-5bd2-891b-c9dac4248092,tg:rubgr:1279,e73_ExternalRelationsExtras,a::rub.34:1,ow.link,https://rkd.nl/nl/explore/images/,261048,online catalogs,RKDimages
ddc618c4-b2dc-5f55-a936-9783958df595,tg:rubgr:1363,e73_ExternalRelationsExtras,a::rub.36,ow.link,https://rkd.nl/nl/explore/images/,261053,online catalogs,RKDimages
07aed2ec-fdbe-5ba6-9a16-08d4e656671f,tg:rubgr:4310,e73_ExternalRelationsExtras,a::rub.7,ow.link,https://rkd.nl/nl/explore/images/,262344,online catalogs,RKDimages
89818d9d-a687-5d7c-9a41-de39006a0f4c,tg:rubgr:1284,e73_ExternalRelationsExtras,a::rub.34,ow.link,https://rkd.nl/nl/explore/images/,261048,online catalogs,RKDimages
379c31fe-8604-5592-b341-57c7d71fc6f1,tg:rubgr:754,e73_ExternalRelationsExtras,a::rub.21,ow.link,https://rkd.nl/nl/explore/images/,241870,online catalogs,RKDimages
82e77afb-293f-5e22-868f-cbde64e16366,tg:rubgr:1327,e73_ExternalRelationsExtras,a::rub.35,ow.link,https://rkd.nl/nl/explore/images/,219317,online catalogs,RKDimages
8229ad8d-2663-5f87-921a-d8a4d779cba4,tg:rubgr:1649,e73_ExternalRelationsExtras,a::rub.45,ow.link,https://rkd.nl/nl/explore/images/,53946,online catalogs,RKDimages
1c79fab5-84da-5f36-b982-24f79a4e6dd9,tg:rubgr:2366,e73_ExternalRelationsExtras,a::rub.49,ow.link,https://rkd.nl/nl/explore/images/,57129,online catalogs,RKDimages
5a3db888-9512-5944-bcc7-2a03a5f972bb,tg:rubgr:187,e73_ExternalRelationsExtras,a::rub.7,ow.link,https://rkd.nl/nl/explore/images/,262344,online catalogs,RKDimages
bd2ee536-76cd-5968-a2eb-2f58722b3154,tg:rubgr:1596,e73_ExternalRelationsExtras,a::rub.43,ow.link,https://rkd.nl/nl/explore/images/,54558,online catalogs,RKDimages
3a9f1d7c-4091-5592-bf28-4c55e52eba26,tg:rubgr:1318,e73_ExternalRelationsExtras,a::rub.35,ow.link,https://rkd.nl/nl/explore/images/,219317,online catalogs,RKDimages
2e8255db-80f3-551d-86a3-09dca678188a,tg:rubgr:2304,e73_ExternalRelationsExtras,a::rub.44,ow.link,https://rkd.nl/nl/explore/images/,261057,online catalogs,RKDimages
eea910ee-ccf3-5b6f-8214-504278058042,tg:rubgr:283,e73_ExternalRelationsExtras,a::rub.9,ow.link,https://rkd.nl/nl/explore/images/,260960,online catalogs,RKDimages
f94f1b80-e964-5b7f-bc6e-dfeca8fd9573,tg:rubgr:958,e73_ExternalRelationsExtras,a::rub.25:1,ow.link,https://rkd.nl/nl/explore/images/,60114,online catalogs,RKDimages
2f740096-4fcd-5b8f-8fc5-6aa789509a1b,tg:rubgr:1326,e73_ExternalRelationsExtras,a::rub.35,ow.link,https://rkd.nl/nl/explore/images/,219317,online catalogs,RKDimages
ada0f3ea-52a4-5de6-bde5-910d69adf19e,tg:rubgr:2377,e73_ExternalRelationsExtras,a::rub.13,ow.link,https://rkd.nl/nl/explore/images/,56714,online catalogs,RKDimages
24e99f58-7a24-5009-addf-a2286849e5b2,tg:rubgr:1648,e73_ExternalRelationsExtras,a::rub.45,ow.link,https://rkd.nl/nl/explore/images/,53946,online catalogs,RKDimages
493dcdaa-3c8c-5f54-9b9c-1668f0e0fb0a,tg:rubgr:2179,e73_ExternalRelationsExtras,a::rub.51,ow.link,https://rkd.nl/nl/explore/images/,57436,online catalogs,RKDimages
3ae93005-502b-5adb-b644-d5a9c2f8cf08,tg:rubgr:1827,e73_ExternalRelationsExtras,a::rub.47,ow.link,https://rkd.nl/nl/explore/images/,261060,online catalogs,RKDimages
2d87282f-cc45-5ed7-8873-2a64b5bf17b3,tg:rubgr:708,e73_ExternalRelationsExtras,a::rub.21,ow.link,https://rkd.nl/nl/explore/images/,241870,online catalogs,RKDimages
b9f43f2b-27dd-50d8-b2e9-7b8d565bed3b,tg:rubgr:375,e73_ExternalRelationsExtras,a::rub.11,ow.link,https://rkd.nl/nl/explore/images/,111680,online catalogs,RKDimages
4fb2b437-4544-5320-aefc-0b96d55d3601,tg:rubgr:797,e73_ExternalRelationsExtras,a::rub.21,ow.link,https://rkd.nl/nl/explore/images/,241870,online catalogs,RKDimages
4d7fe1c5-01ec-59ed-a087-5726bab1f73b,tg:rubgr:4015,e73_ExternalRelationsExtras,a::rub.11,ow.link,https://rkd.nl/nl/explore/images/,111680,online catalogs,RKDimages
4d7fe1c5-01ec-59ed-a087-5726bab1f73b,tg:rubgr:4015,e73_ExternalRelationsExtras,a::rub.21,ow.link,https://rkd.nl/nl/explore/images/,241870,online catalogs,RKDimages
4d7fe1c5-01ec-59ed-a087-5726bab1f73b,tg:rubgr:4015,e73_ExternalRelationsExtras,a::rub.23,ow.link,https://rkd.nl/nl/explore/images/,260966,online catalogs,RKDimages
4d7fe1c5-01ec-59ed-a087-5726bab1f73b,tg:rubgr:4015,e73_ExternalRelationsExtras,a::rub.28,ow.link,https://rkd.nl/nl/explore/images/,54306,online catalogs,RKDimages
4d7fe1c5-01ec-59ed-a087-5726bab1f73b,tg:rubgr:4015,e73_ExternalRelationsExtras,a::rub.34,ow.link,https://rkd.nl/nl/explore/images/,261048,online catalogs,RKDimages
4d7fe1c5-01ec-59ed-a087-5726bab1f73b,tg:rubgr:4015,e73_ExternalRelationsExtras,a::rub.37,ow.link,https://rkd.nl/nl/explore/images/,261051,online catalogs,RKDimages
4d7fe1c5-01ec-59ed-a087-5726bab1f73b,tg:rubgr:4015,e73_ExternalRelationsExtras,a::rub.9,ow.link,https://rkd.nl/nl/explore/images/,260960,online catalogs,RKDimages
094b1e6a-fb10-5f5b-9cfc-f1a1a512634b,tg:rubgr:232,e73_ExternalRelationsExtras,a::rub.8,ow.link,https://rkd.nl/nl/explore/images/,262343,online catalogs,RKDimages
fe892939-784f-56c4-8dbf-0c769c5ca7d5,tg:rubgr:1362,e73_ExternalRelationsExtras,a::rub.36,ow.link,https://rkd.nl/nl/explore/images/,261053,online catalogs,RKDimages
62a18e27-4942-5e62-8349-628c609a730e,tg:rubgr:3301,e73_ExternalRelationsExtras,a::rub.15,ow.link,https://rkd.nl/nl/explore/images/,261160  ,online catalogs,RKDimages
ca38b0fa-c16e-511f-a489-5efbd547255c,tg:rubgr:1334,e73_ExternalRelationsExtras,a::rub.35,ow.link,https://rkd.nl/nl/explore/images/,219317,online catalogs,RKDimages
099bdc25-6a29-5a27-a2a6-9f1c6eaf8cfe,tg:rubgr:1324,e73_ExternalRelationsExtras,a::rub.35,ow.link,https://rkd.nl/nl/explore/images/,219317,online catalogs,RKDimages
c975d680-fd4e-5a3f-bd11-4980b875bb40,tg:rubgr:1148,e73_ExternalRelationsExtras,a::rub.26,ow.link,https://rkd.nl/nl/explore/images/,261005,online catalogs,RKDimages
21307d07-41c5-58e9-8c44-e6521dacf068,tg:rubgr:229,e73_ExternalRelationsExtras,a::rub.8,ow.link,https://rkd.nl/nl/explore/images/,262343,online catalogs,RKDimages
d2369d68-31ea-5a6c-bbe3-d2ae4093c2cf,tg:rubgr:184,e73_ExternalRelationsExtras,a::rub.7,ow.link,https://rkd.nl/nl/explore/images/,262344,online catalogs,RKDimages
68c96a1d-6e16-55f9-b38e-aa29a07ff7dd,tg:rubgr:2375,e73_ExternalRelationsExtras,a::rub.23,ow.link,https://rkd.nl/nl/explore/images/,260966,online catalogs,RKDimages
f715bcfd-faf9-5f78-9baa-551d4a990414,tg:rubgr:953,e73_ExternalRelationsExtras,a::rub.25,ow.link,https://rkd.nl/nl/explore/images/,60114,online catalogs,RKDimages
7ad9e225-a8f2-5c48-a589-d217c7fe1728,tg:rubgr:179,e73_ExternalRelationsExtras,a::rub.7:1,ow.link,https://rkd.nl/nl/explore/images/,262344,online catalogs,RKDimages
85daac65-0bdc-5c07-9bb9-8ebb1d060295,tg:rubgr:866,e73_ExternalRelationsExtras,a::rub.23,ow.link,https://rkd.nl/nl/explore/images/,260966,online catalogs,RKDimages
df189aed-1b3e-5489-af24-97b5737459de,tg:rubgr:348,e73_ExternalRelationsExtras,a::rub.10,ow.link,https://rkd.nl/nl/explore/images/,260959,online catalogs,RKDimages
29b31f8d-19f8-552b-a7b1-02a44fff02ef,tg:rubgr:883,e73_ExternalRelationsExtras,a::rub.23,ow.link,https://rkd.nl/nl/explore/images/,260966,online catalogs,RKDimages
5bf668b5-1a06-5aa5-9d10-de174b9361ca,tg:rubgr:541,e73_ExternalRelationsExtras,a::rub.14,ow.link,https://rkd.nl/nl/explore/images/,54556,online catalogs,RKDimages
9950af38-4752-5899-a524-e94e8ad9da60,tg:rubgr:1150,e73_ExternalRelationsExtras,a::rub.27,ow.link,https://rkd.nl/nl/explore/images/,261010,online catalogs,RKDimages
931e776c-4cde-5a59-8092-a24eb9b837bb,tg:rubgr:1395,e73_ExternalRelationsExtras,a::rub.38,ow.link,https://rkd.nl/nl/explore/images/,54753,online catalogs,RKDimages
dc763e5a-6bcf-593f-aa9a-48b1fa36f32e,tg:rubgr:1524,e73_ExternalRelationsExtras,a::rub.40,ow.link,https://rkd.nl/nl/explore/images/,260965,online catalogs,RKDimages
fcb9061a-6de6-5007-9932-c937b7042d63,tg:rubgr:231,e73_ExternalRelationsExtras,a::rub.8,ow.link,https://rkd.nl/nl/explore/images/,262343,online catalogs,RKDimages
9930ba41-eedf-586f-b895-260dcd4b0f41,tg:rubgr:349,e73_ExternalRelationsExtras,a::rub.10,ow.link,https://rkd.nl/nl/explore/images/,260959,online catalogs,RKDimages
2194ea8b-0a85-503f-9eee-e9972556acda,tg:rubgr:1546,e73_ExternalRelationsExtras,a::rub.41,ow.link,https://rkd.nl/nl/explore/images/,221181,online catalogs,RKDimages
a88518c4-e145-5ce7-892c-68b6bca6cbed,tg:rubgr:1182,e73_ExternalRelationsExtras,a::rub.30,ow.link,https://rkd.nl/nl/explore/images/,221183,online catalogs,RKDimages
1b592d00-21b3-5f2c-960a-602561c351d0,tg:rubgr:2084,e73_ExternalRelationsExtras,a::rub.41,ow.link,https://rkd.nl/nl/explore/images/,221181,online catalogs,RKDimages
1c09a48b-507d-58e6-9466-6cd5c0d36557,tg:rubgr:228,e73_ExternalRelationsExtras,a::rub.8,ow.link,https://rkd.nl/nl/explore/images/,262343,online catalogs,RKDimages
b6387191-2593-55bb-bf10-ea1950f589ee,tg:rubgr:350,e73_ExternalRelationsExtras,a::rub.10,ow.link,https://rkd.nl/nl/explore/images/,260959,online catalogs,RKDimages
18a729da-e127-5283-8e39-9dc52038d8b3,tg:rubgr:185,e73_ExternalRelationsExtras,a::rub.7,ow.link,https://rkd.nl/nl/explore/images/,262344,online catalogs,RKDimages
13ed4e87-4215-5c52-a594-fd7ede674dbd,tg:rubgr:964,e73_ExternalRelationsExtras,a::rub.25,ow.link,https://rkd.nl/nl/explore/images/,60114,online catalogs,RKDimages
ff824a8e-6eb1-53ee-bf5c-9ca5114c653f,tg:rubgr:180,e73_ExternalRelationsExtras,a::rub.7:1,ow.link,https://rkd.nl/nl/explore/images/,262344,online catalogs,RKDimages
78ebc03a-4dc4-5bb2-bd54-75d1e5bf94d3,tg:rubgr:819,e73_ExternalRelationsExtras,a::rub.22,ow.link,https://rkd.nl/nl/explore/images/,26043,online catalogs,RKDimages
97af1d09-fbb7-5c75-8de1-d3c5976d1574,tg:rubgr:586,e73_ExternalRelationsExtras,a::rub.15,ow.link,https://rkd.nl/nl/explore/images/,261160  ,online catalogs,RKDimages
9f27c1ad-1ab1-54f9-8d28-1801a3ed6afe,tg:rubgr:1320,e73_ExternalRelationsExtras,a::rub.35,ow.link,https://rkd.nl/nl/explore/images/,219317,online catalogs,RKDimages
708ed429-392e-5eca-8a18-65eae43c07fe,tg:rubgr:1399,e73_ExternalRelationsExtras,a::rub.38,ow.link,https://rkd.nl/nl/explore/images/,54753,online catalogs,RKDimages
22671933-0ed5-578a-87c8-7988aeed42f8,tg:rubgr:174,e73_ExternalRelationsExtras,a::rub.7:1,ow.link,https://rkd.nl/nl/explore/images/,262344,online catalogs,RKDimages
338e189f-50c6-5ac9-8e2b-8ebc8f16d49c,tg:rubgr:753,e73_ExternalRelationsExtras,a::rub.21,ow.link,https://rkd.nl/nl/explore/images/,241870,online catalogs,RKDimages
57a86521-224c-565c-a6d3-a170094b045d,tg:rubgr:1283,e73_ExternalRelationsExtras,a::rub.34,ow.link,https://rkd.nl/nl/explore/images/,261048,online catalogs,RKDimages
c4e4d9cb-f698-5d91-a7d9-3ac9b9c863b8,tg:rubgr:2378,e73_ExternalRelationsExtras,a::rub.13,ow.link,https://rkd.nl/nl/explore/images/,56714,online catalogs,RKDimages
2da92245-dd1c-50a4-9895-6f9116343b76,tg:rubgr:1647,e73_ExternalRelationsExtras,a::rub.45,ow.link,https://rkd.nl/nl/explore/images/,53946,online catalogs,RKDimages
b2a78232-f076-568a-8911-fd18013dd2ec,tg:rubgr:1828,e73_ExternalRelationsExtras,a::rub.48,ow.link,https://rkd.nl/nl/explore/images/,56037,online catalogs,RKDimages
810e529c-4cfb-5f36-9b0e-339276216d32,tg:rubgr:1316,e73_ExternalRelationsExtras,a::rub.35:1,ow.link,https://rkd.nl/nl/explore/images/,219317,online catalogs,RKDimages
282c2ac7-eb0a-5378-9852-b706fa79a949,tg:rubgr:862,e73_ExternalRelationsExtras,a::rub.23,ow.link,https://rkd.nl/nl/explore/images/,260966,online catalogs,RKDimages
282c2ac7-eb0a-5378-9852-b706fa79a949,tg:rubgr:862,e73_ExternalRelationsExtras,a::rub.41,ow.link,https://rkd.nl/nl/explore/images/,221181,online catalogs,RKDimages
3a44b4df-d5bc-559f-bc79-e99a2b007397,tg:rubgr:485,e73_ExternalRelationsExtras,a::rub.13,ow.link,https://rkd.nl/nl/explore/images/,56714,online catalogs,RKDimages
248fd077-40fa-5978-a103-71d6b813317d,tg:rubgr:2192,e73_ExternalRelationsExtras,a::rub.52,ow.link,https://rkd.nl/nl/explore/images/,260958,online catalogs,RKDimages
922f50c6-f2a7-5ba4-aa80-6fc860aafa64,tg:rubgr:1646,e73_ExternalRelationsExtras,a::rub.45,ow.link,https://rkd.nl/nl/explore/images/,53946,online catalogs,RKDimages
ec285ce3-28af-52dd-b8ed-2288c8889793,tg:rubgr:811,e73_ExternalRelationsExtras,a::rub.21,ow.link,https://rkd.nl/nl/explore/images/,241870,online catalogs,RKDimages
cdeb7067-b99f-5a09-92d6-17d2fdf373a9,tg:rubgr:235,e73_ExternalRelationsExtras,a::rub.8:1,ow.link,https://rkd.nl/nl/explore/images/,262343,online catalogs,RKDimages
3af3fc64-23ee-553b-a791-3890b9053df3,tg:rubgr:1154,e73_ExternalRelationsExtras,a::rub.27,ow.link,https://rkd.nl/nl/explore/images/,261010,online catalogs,RKDimages
acd147e9-2051-5b99-a0b3-099b9b5c84ac,tg:rubgr:2193,e73_ExternalRelationsExtras,a::rub.52,ow.link,https://rkd.nl/nl/explore/images/,260958,online catalogs,RKDimages
5b4191e2-42f7-5ec0-8687-1d47b5e88dd2,tg:rubgr:2183,e73_ExternalRelationsExtras,a::rub.51,ow.link,https://rkd.nl/nl/explore/images/,57436,online catalogs,RKDimages
1662eee3-6a37-51f7-9d1c-3c626d046a41,tg:rubgr:1250,e73_ExternalRelationsExtras,a::rub.32,ow.link,https://rkd.nl/nl/explore/images/,261049,online catalogs,RKDimages
b41619e2-542f-54ae-8c07-e343aa17f7ca,tg:rubgr:4476,e73_ExternalRelationsExtras,a::rub.25,ow.link,https://rkd.nl/nl/explore/images/,60114,online catalogs,RKDimages
3284df85-3d3e-525e-824d-3b5458cfdc71,tg:rubgr:285,e73_ExternalRelationsExtras,a::rub.9,ow.link,https://rkd.nl/nl/explore/images/,260960,online catalogs,RKDimages
569486e9-f421-5c70-b873-6923405a270b,tg:rubgr:1694,e73_ExternalRelationsExtras,a::rub.45,ow.link,https://rkd.nl/nl/explore/images/,53946,online catalogs,RKDimages
c190da6f-c557-5b54-a9af-690240693b2c,tg:rubgr:667,e73_ExternalRelationsExtras,a::rub.19,ow.link,https://rkd.nl/nl/explore/images/,259911,online catalogs,RKDimages
d5915b48-c8ee-5597-95c8-1f5d00d2d371,tg:rubgr:1852,e73_ExternalRelationsExtras,a::rub.49,ow.link,https://rkd.nl/nl/explore/images/,57129,online catalogs,RKDimages
cf465dec-4dd5-5e28-bd54-34d0c63c6789,tg:rubgr:181,e73_ExternalRelationsExtras,a::rub.7,ow.link,https://rkd.nl/nl/explore/images/,262344,online catalogs,RKDimages
c651bea7-e6c7-5a5f-b2f3-c4df55e6f3cc,tg:rubgr:1398,e73_ExternalRelationsExtras,a::rub.38,ow.link,https://rkd.nl/nl/explore/images/,54753,online catalogs,RKDimages
769cbdf6-e68b-5a4e-91c7-318804797c9b,tg:rubgr:597,e73_ExternalRelationsExtras,a::rub.16,ow.link,https://rkd.nl/nl/explore/images/,260964,online catalogs,RKDimages
0dd33f22-6022-54eb-b09e-eaa4186c4846,tg:rubgr:1321,e73_ExternalRelationsExtras,a::rub.35,ow.link,https://rkd.nl/nl/explore/images/,219317,online catalogs,RKDimages
85442c1e-b453-5a1d-a2f2-0706d61b5df0,tg:rubgr:752,e73_ExternalRelationsExtras,a::rub.21,ow.link,https://rkd.nl/nl/explore/images/,241870,online catalogs,RKDimages
2febb1fc-d862-5bb0-a421-5e76a03529e0,tg:rubgr:1315,e73_ExternalRelationsExtras,a::rub.35,ow.link,https://rkd.nl/nl/explore/images/,219317,online catalogs,RKDimages
3ec16a80-779f-55b1-ab75-b67ae04188f7,tg:rubgr:1859,e73_ExternalRelationsExtras,a::rub.49,ow.link,https://rkd.nl/nl/explore/images/,57129,online catalogs,RKDimages
43f1d295-fced-5d6c-9a0c-dcd91d4afd7f,tg:rubgr:1179,e73_ExternalRelationsExtras,a::rub.29,ow.link,https://rkd.nl/nl/explore/images/,54294,online catalogs,RKDimages
4fa9643d-e296-549e-9932-84a73acd50de,tg:rubgr:1644,e73_ExternalRelationsExtras,a::rub.44,ow.link,https://rkd.nl/nl/explore/images/,261057,online catalogs,RKDimages
cf5ac61e-9264-5a7c-b283-28ec2a8c84e7,tg:rubgr:2191,e73_ExternalRelationsExtras,a::rub.52,ow.link,https://rkd.nl/nl/explore/images/,260958,online catalogs,RKDimages
6d447429-85a8-567e-8387-142cb0625760,tg:rubgr:926,e73_ExternalRelationsExtras,a::rub.25,ow.link,https://rkd.nl/nl/explore/images/,60114,online catalogs,RKDimages
dd716db3-acb4-5860-baa3-44900cc45ba0,tg:rubgr:749,e73_ExternalRelationsExtras,a::rub.21,ow.link,https://rkd.nl/nl/explore/images/,241870,online catalogs,RKDimages
c8a69b94-fe29-5607-8b04-ba7cb219a936,tg:rubgr:2295,e73_ExternalRelationsExtras,a::rub.38,ow.link,https://rkd.nl/nl/explore/images/,54753,online catalogs,RKDimages
4550300f-9711-5aa9-97a2-7cae1a86e58f,tg:rubgr:409,e73_ExternalRelationsExtras,a::rub.12,ow.link,https://rkd.nl/nl/explore/images/,260962  ,online catalogs,RKDimages
03b574ab-218f-505e-bfab-98ae1b7d7a11,tg:rubgr:183,e73_ExternalRelationsExtras,a::rub.7,ow.link,https://rkd.nl/nl/explore/images/,262344,online catalogs,RKDimages
b00e3e7d-9dd4-5966-9628-c8deed0cdb59,tg:rubgr:71,e73_ExternalRelationsExtras,a::rub.6,ow.link,https://rkd.nl/nl/explore/images/,261198,online catalogs,RKDimages
7fdc3a92-d820-5f53-b01a-8a3fe4bb2e74,tg:rubgr:691,e73_ExternalRelationsExtras,a::rub.20,ow.link,https://rkd.nl/nl/explore/images/,54041,online catalogs,RKDimages
cafb098b-c775-5106-a890-a60c5396815a,tg:rubgr:1239,e73_ExternalRelationsExtras,a::rub.31:1,ow.link,https://rkd.nl/nl/explore/images/,221184,online catalogs,RKDimages
2d2d64ca-d378-50de-b728-2c7a48e6c50b,tg:rubgr:750,e73_ExternalRelationsExtras,a::rub.21,ow.link,https://rkd.nl/nl/explore/images/,241870,online catalogs,RKDimages
b6831597-3187-56a7-aafe-c41b21ab7f8a,tg:rubgr:1280,e73_ExternalRelationsExtras,a::rub.34,ow.link,https://rkd.nl/nl/explore/images/,261048,online catalogs,RKDimages
1fe0af91-d0d6-5d5c-a2eb-ad5ec544a1c9,tg:rubgr:2188,e73_ExternalRelationsExtras,a::rub.52,ow.link,https://rkd.nl/nl/explore/images/,260958,online catalogs,RKDimages
bb26df9f-54d2-51bd-afce-9316c08c6e91,tg:rubgr:1333,e73_ExternalRelationsExtras,a::rub.35,ow.link,https://rkd.nl/nl/explore/images/,219317,online catalogs,RKDimages
c1188e32-f56f-53a2-a74a-4e89fffcd21f,tg:rubgr:1600,e73_ExternalRelationsExtras,a::rub.44,ow.link,https://rkd.nl/nl/explore/images/,261057,online catalogs,RKDimages
70b737b4-71f7-5d9b-9480-3f4d993993c2,tg:rubgr:182,e73_ExternalRelationsExtras,a::rub.7:1,ow.link,https://rkd.nl/nl/explore/images/,262344,online catalogs,RKDimages
dd2893a2-9360-5982-b7b9-b91d64e15eb4,tg:rubgr:70,e73_ExternalRelationsExtras,a::rub.6,ow.link,https://rkd.nl/nl/explore/images/,261198,online catalogs,RKDimages
e70c7306-8412-58aa-8bd7-db2c66f18832,tg:rubgr:751,e73_ExternalRelationsExtras,a::rub.21,ow.link,https://rkd.nl/nl/explore/images/,241870,online catalogs,RKDimages
8b8be39a-e470-537f-b220-92a45eea442c,tg:rubgr:629,e73_ExternalRelationsExtras,a::rub.17,ow.link,https://rkd.nl/nl/explore/images/,64155,online catalogs,RKDimages
7020c844-259c-5cc4-a316-7993bdddccca,tg:rubgr:2224,e73_ExternalRelationsExtras,a::rub.56,ow.link,https://rkd.nl/nl/explore/images/,220071,online catalogs,RKDimages
0e271133-2775-51bb-b8c8-bf39ae7a85f1,tg:rubgr:1601,e73_ExternalRelationsExtras,a::rub.44,ow.link,https://rkd.nl/nl/explore/images/,261057,online catalogs,RKDimages
231da017-61e4-5f94-bdbc-4696482fca45,tg:rubgr:1185,e73_ExternalRelationsExtras,a::rub.30,ow.link,https://rkd.nl/nl/explore/images/,221183,online catalogs,RKDimages
2b42041e-fa5d-5a03-b391-c5b23a05fbea,tg:rubgr:2189,e73_ExternalRelationsExtras,a::rub.52,ow.link,https://rkd.nl/nl/explore/images/,260958,online catalogs,RKDimages
99e04a98-4ac2-52c7-b64f-da4222e200ca,tg:rubgr:1480,e73_ExternalRelationsExtras,a::rub.39,ow.link,https://rkd.nl/nl/explore/images/,56605,online catalogs,RKDimages
f76b6914-8bd7-5405-bf57-af80c1dabb98,tg:rubgr:226,e73_ExternalRelationsExtras,a::rub.8:1,ow.link,https://rkd.nl/nl/explore/images/,262343,online catalogs,RKDimages
55bd0770-8d2f-5309-a553-ad2ddeda8161,tg:rubgr:1637,e73_ExternalRelationsExtras,a::rub.44,ow.link,https://rkd.nl/nl/explore/images/,261057,online catalogs,RKDimages
a72a1a6a-c98a-5410-b745-43abfdd72cdf,tg:rubgr:908,e73_ExternalRelationsExtras,a::rub.24,ow.link,https://rkd.nl/nl/explore/images/,260968,online catalogs,RKDimages
27f8d9cc-6b3c-5501-8b69-d65faef9ecfb,tg:rubgr:1314,e73_ExternalRelationsExtras,a::rub.35,ow.link,https://rkd.nl/nl/explore/images/,219317,online catalogs,RKDimages
dabf88e3-ea8f-5b95-a6f9-308aedd28788,tg:rubgr:2174,e73_ExternalRelationsExtras,a::rub.39,ow.link,https://rkd.nl/nl/explore/images/,56605,online catalogs,RKDimages
6cdf19b3-066b-5698-ab61-c22938999f31,tg:rubgr:2164,e73_ExternalRelationsExtras,a::rub.15,ow.link,https://rkd.nl/nl/explore/images/,261160  ,online catalogs,RKDimages
d1747915-90a9-50d5-80a9-b2ffd1e7f4c8,tg:rubgr:1645,e73_ExternalRelationsExtras,a::rub.45,ow.link,https://rkd.nl/nl/explore/images/,53946,online catalogs,RKDimages
e30b0447-8732-5fb7-99a0-2bebdc885e5b,tg:rubgr:2212,e73_ExternalRelationsExtras,a::rub.55,ow.link,https://rkd.nl/nl/explore/images/,54560,online catalogs,RKDimages
594ec211-c9fc-5dde-bcd5-8828f6df077b,tg:rubgr:69,e73_ExternalRelationsExtras,a::rub.6,ow.link,https://rkd.nl/nl/explore/images/,261198,online catalogs,RKDimages
90d27da2-694b-5040-9044-15da4ab3cf81,tg:rubgr:1848,e73_ExternalRelationsExtras,a::rub.49,ow.link,https://rkd.nl/nl/explore/images/,57129,online catalogs,RKDimages
4ef3efa1-6a95-5846-9040-626b22161aea,tg:rubgr:2190,e73_ExternalRelationsExtras,a::rub.52,ow.link,https://rkd.nl/nl/explore/images/,260958,online catalogs,RKDimages
52b7229d-bfb4-5fdc-b35a-30c2b1065ed4,tg:rubgr:2180,e73_ExternalRelationsExtras,a::rub.51,ow.link,https://rkd.nl/nl/explore/images/,57436,online catalogs,RKDimages
e7e2ea61-d663-57e0-8c6a-c292d8678095,tg:rubgr:748,e73_ExternalRelationsExtras,a::rub.21:1,ow.link,https://rkd.nl/nl/explore/images/,241870,online catalogs,RKDimages
85357ec8-ad78-52db-8cb5-a71febd4d4ee,tg:rubgr:1147,e73_ExternalRelationsExtras,a::rub.26,ow.link,https://rkd.nl/nl/explore/images/,261005,online catalogs,RKDimages
