ResourceID,brocade.id,card,order,source_field,Keyword
41d4d044-8bd2-5b13-9e1c-68858e7f8a99,tg:rubgr:1048,e73_Keywords,1,kenmerken.rubkeyword,"Bening, Simon"
41d4d044-8bd2-5b13-9e1c-68858e7f8a99,tg:rubgr:1048,e73_Keywords,2,kenmerken.rubkeyword,"Francken, Frans II"
41d4d044-8bd2-5b13-9e1c-68858e7f8a99,tg:rubgr:1048,e73_Keywords,3,kenmerken.rubkeyword,"Grimmer, Abel"
41d4d044-8bd2-5b13-9e1c-68858e7f8a99,tg:rubgr:1048,e73_Keywords,4,kenmerken.rubkeyword,"Valckenborch, Maerten van"
41d4d044-8bd2-5b13-9e1c-68858e7f8a99,tg:rubgr:1048,e73_Keywords,5,kenmerken.rubkeyword,"Londen, British Library"
41d4d044-8bd2-5b13-9e1c-68858e7f8a99,tg:rubgr:1048,e73_Keywords,6,kenmerken.rubkeyword,"Londen, The Warburg Institute Library"
16efc67f-124a-530c-b828-2d56a75d7263,tg:rubgr:2577,e73_Keywords,1,kenmerken.rubkeyword,"Karling, Sten"
1feb38a0-4184-57f3-92a5-449b8900a94d,tg:rubgr:2601,e73_Keywords,1,kenmerken.rubkeyword,"Münz, Ludwig"
1feb38a0-4184-57f3-92a5-449b8900a94d,tg:rubgr:2601,e73_Keywords,2,kenmerken.rubkeyword,"Seilern, Antoine"
1feb38a0-4184-57f3-92a5-449b8900a94d,tg:rubgr:2601,e73_Keywords,3,kenmerken.rubkeyword,"München, Staatliche Graphische Sammlung"
c23be030-75eb-5731-8394-dc8f7b74e304,tg:rubgr:3436,e73_Keywords,1,kenmerken.rubkeyword,tekenkunst
c23be030-75eb-5731-8394-dc8f7b74e304,tg:rubgr:3436,e73_Keywords,2,kenmerken.rubkeyword,"San Diego, San Diego Museum of Art"
68671868-8c15-5c97-a88d-451a6bd1a5a1,tg:rubgr:1397,e73_Keywords,1,kenmerken.rubkeyword,"Bonn, Rheinisches Landesmuseum Bonn"
41646104-061b-58e2-97c7-d75526d2557f,tg:rubgr:1387,e73_Keywords,1,kenmerken.rubkeyword,"Goldscheider, Ludwig"
41e38a9a-6f5e-5bf8-98c6-f32568556140,tg:rubgr:374,e73_Keywords,1,kenmerken.rubkeyword,tekenkunst
41e38a9a-6f5e-5bf8-98c6-f32568556140,tg:rubgr:374,e73_Keywords,2,kenmerken.rubkeyword,"Mongan, Agnes"
41e38a9a-6f5e-5bf8-98c6-f32568556140,tg:rubgr:374,e73_Keywords,3,kenmerken.rubkeyword,"Cambridge (MA), Fogg Art Museum"
403e04e0-99d1-5eb1-84f2-0fd960b6ad7c,tg:rubgr:2291,e73_Keywords,1,kenmerken.rubkeyword,"Kraus, Julia"
403e04e0-99d1-5eb1-84f2-0fd960b6ad7c,tg:rubgr:2291,e73_Keywords,2,kenmerken.rubkeyword,"Koetser, David"
3f4882e7-2156-50ad-a957-b12c1adb704d,tg:rubgr:2673,e73_Keywords,1,kenmerken.rubkeyword,"Edinburgh, National Gallery of Scotland"
1b56e8c9-f703-5ea8-89a7-522b24958aa5,tg:rubgr:2515,e73_Keywords,1,kenmerken.rubkeyword,Deutsche Dokumentationszentrum für Kunstgeschichte – Bildarchiv Foto Marburg
1b56e8c9-f703-5ea8-89a7-522b24958aa5,tg:rubgr:2515,e73_Keywords,2,kenmerken.rubkeyword,"Pommersfelden, Schloss Weissenstein"
76bcbd31-48ff-5795-a470-2bde7a197ac1,tg:rubgr:2505,e73_Keywords,1,kenmerken.rubkeyword,"Breughel, Pieter III"
76bcbd31-48ff-5795-a470-2bde7a197ac1,tg:rubgr:2505,e73_Keywords,2,kenmerken.rubkeyword,"Cleve, Marten van (I)"
76bcbd31-48ff-5795-a470-2bde7a197ac1,tg:rubgr:2505,e73_Keywords,3,kenmerken.rubkeyword,Toeschrijvingsproblematiek
b40a3314-d12e-5182-b572-f9b4c6a3b02e,tg:rubgr:53,e73_Keywords,1,kenmerken.rubkeyword,"Duitsland, Aschbach"
d5ab01e5-834f-5d86-93ed-bd48d18a7b4a,tg:rubgr:2687,e73_Keywords,1,kenmerken.rubkeyword,"Berlijn, Kupferstichkabinett"
5927e9c6-d540-5b52-a837-253e2c1c8c6f,tg:rubgr:3419,e73_Keywords,1,kenmerken.rubkeyword,"Anderlecht, Sint Pieter- en Sint Guidokerk"
ea58ae57-3beb-5687-a3c3-7dde4b31653c,tg:rubgr:2275,e73_Keywords,1,kenmerken.rubkeyword,"Londen, William Hallsborough Gallery"
3ac99a10-14b5-56e2-b1f0-b960ec33ed93,tg:rubgr:4641,e73_Keywords,1,kenmerken.rubkeyword,tekenkunst
3ac99a10-14b5-56e2-b1f0-b960ec33ed93,tg:rubgr:4641,e73_Keywords,2,kenmerken.rubkeyword,"Chatsworth, privé-collectie"
741a0ead-6c6a-5bc8-ad4f-a0eddbf5e38d,tg:rubgr:2548,e73_Keywords,1,kenmerken.rubkeyword,"Cleve, Marten van (I)"
741a0ead-6c6a-5bc8-ad4f-a0eddbf5e38d,tg:rubgr:2548,e73_Keywords,2,kenmerken.rubkeyword,"Saint-Germain-en-Laye, Musée Municipal"
741a0ead-6c6a-5bc8-ad4f-a0eddbf5e38d,tg:rubgr:2548,e73_Keywords,3,kenmerken.rubkeyword,"Londen, Witt Library"
80aa5f23-1c0e-5a47-b16f-5b6097f5c1f6,tg:rubgr:2161,e73_Keywords,1,kenmerken.rubkeyword,Materieel-technisch onderzoek
b7769732-1102-575a-97b1-9f9e27c2732d,tg:rubgr:2171,e73_Keywords,1,kenmerken.rubkeyword,"Klauner, Friderike"
b7769732-1102-575a-97b1-9f9e27c2732d,tg:rubgr:2171,e73_Keywords,2,kenmerken.rubkeyword,"Pulitzer, Henry F."
ddc618c4-b2dc-5f55-a936-9783958df595,tg:rubgr:1363,e73_Keywords,1,kenmerken.rubkeyword,"Londen, Colnaghi"
c1fab97a-12c9-5836-9e2b-810db3ae52e3,tg:rubgr:2734,e73_Keywords,1,kenmerken.rubkeyword,"Grimmer, Abel"
07aed2ec-fdbe-5ba6-9a16-08d4e656671f,tg:rubgr:4310,e73_Keywords,1,kenmerken.rubkeyword,Franciabigio
07aed2ec-fdbe-5ba6-9a16-08d4e656671f,tg:rubgr:4310,e73_Keywords,2,kenmerken.rubkeyword,"Selig, Manfred"
07aed2ec-fdbe-5ba6-9a16-08d4e656671f,tg:rubgr:4310,e73_Keywords,3,kenmerken.rubkeyword,"Florence, Chiostro dello Scalzo"
1fa17693-cbd8-5182-93f6-14a1b39ad5f6,tg:rubgr:2298,e73_Keywords,1,kenmerken.rubkeyword,"Londen, William Hallsborough Gallery"
70b41165-9e3b-5ff3-8df6-783b5b71d41a,tg:rubgr:2288,e73_Keywords,1,kenmerken.rubkeyword,"Kraus, Julia"
379c31fe-8604-5592-b341-57c7d71fc6f1,tg:rubgr:754,e73_Keywords,1,kenmerken.rubkeyword,"Pauw, Charles de"
379c31fe-8604-5592-b341-57c7d71fc6f1,tg:rubgr:754,e73_Keywords,2,kenmerken.rubkeyword,"Londen, William Hallsborough Gallery"
582b1ab1-7c33-5f62-ae37-cce4d41cb24f,tg:rubgr:2618,e73_Keywords,1,kenmerken.rubkeyword,"Bloch, Vitale"
5de2b479-2291-57ec-b131-20cc80c593ac,tg:rubgr:3557,e73_Keywords,1,kenmerken.rubkeyword,tekenkunst
5de2b479-2291-57ec-b131-20cc80c593ac,tg:rubgr:3557,e73_Keywords,2,kenmerken.rubkeyword,"Seilern, Antoine"
72e1f7c5-e5ed-5f07-8319-f05a652dd555,tg:rubgr:2382,e73_Keywords,1,kenmerken.rubkeyword,"New York, The Metropolitan Museum of Art"
77cc2bdd-4788-5c63-ba14-f60e706e9a76,tg:rubgr:3151,e73_Keywords,1,kenmerken.rubkeyword,"Jacobs van Merlen, Louis"
77cc2bdd-4788-5c63-ba14-f60e706e9a76,tg:rubgr:3151,e73_Keywords,2,kenmerken.rubkeyword,"Bordeaux, Musée des Beaux-Arts"
e5687395-a8e7-5e3f-a011-a1079ebb8c9b,tg:rubgr:2523,e73_Keywords,1,kenmerken.rubkeyword,"Hahn, Emeric"
5a3db888-9512-5944-bcc7-2a03a5f972bb,tg:rubgr:187,e73_Keywords,1,kenmerken.rubkeyword,"Savery, Jacob (I)"
16e1dee2-135a-5ea2-87e8-73755c94bfa9,tg:rubgr:2645,e73_Keywords,1,kenmerken.rubkeyword,Meester van het Errera-Schetsboek
16e1dee2-135a-5ea2-87e8-73755c94bfa9,tg:rubgr:2645,e73_Keywords,2,kenmerken.rubkeyword,"Koch, Robert A."
16e1dee2-135a-5ea2-87e8-73755c94bfa9,tg:rubgr:2645,e73_Keywords,3,kenmerken.rubkeyword,"Berlijn, Kupferstichkabinett"
e0749c78-ded1-5ac0-beca-1236f7d719b4,tg:rubgr:2637,e73_Keywords,1,kenmerken.rubkeyword,"Arndt, Karl"
e0749c78-ded1-5ac0-beca-1236f7d719b4,tg:rubgr:2637,e73_Keywords,2,kenmerken.rubkeyword,"Milaan, Pinacoteca Ambrosiana"
98da2d0d-af1a-50e0-986a-541e1fece9ea,tg:rubgr:2627,e73_Keywords,1,kenmerken.rubkeyword,"Hondius, Hendrik I"
98da2d0d-af1a-50e0-986a-541e1fece9ea,tg:rubgr:2627,e73_Keywords,2,kenmerken.rubkeyword,"Jowett, Alfred"
7ff44e61-e01f-5e16-ba7f-dffec65b46ff,tg:rubgr:3400,e73_Keywords,1,kenmerken.rubkeyword,"Pannemaker, Willem de"
7ff44e61-e01f-5e16-ba7f-dffec65b46ff,tg:rubgr:3400,e73_Keywords,2,kenmerken.rubkeyword,"Vermeyen, Jan Cornelisz."
7ff44e61-e01f-5e16-ba7f-dffec65b46ff,tg:rubgr:3400,e73_Keywords,3,kenmerken.rubkeyword,wandtapijten
7ff44e61-e01f-5e16-ba7f-dffec65b46ff,tg:rubgr:3400,e73_Keywords,4,kenmerken.rubkeyword,"Madrid, Palacio Real"
3a9f1d7c-4091-5592-bf28-4c55e52eba26,tg:rubgr:1318,e73_Keywords,1,kenmerken.rubkeyword,"Borchard Metzger, Evelyn"
2e8255db-80f3-551d-86a3-09dca678188a,tg:rubgr:2304,e73_Keywords,1,kenmerken.rubkeyword,"Washington, National Gallery of Art"
0aa63493-e46a-5a31-83a6-a085c760ce5e,tg:rubgr:2314,e73_Keywords,1,kenmerken.rubkeyword,"Washington, National Gallery of Art"
69f08c39-b838-57b1-98b6-0d04ac59ebf9,tg:rubgr:2429,e73_Keywords,1,kenmerken.rubkeyword,"Green, Richard"
f94f1b80-e964-5b7f-bc6e-dfeca8fd9573,tg:rubgr:958,e73_Keywords,1,kenmerken.rubkeyword,"Bernald, Eugene"
b4c4b984-8752-5ac4-a6be-afbaaf29dcfa,tg:rubgr:2156,e73_Keywords,1,kenmerken.rubkeyword,"Wierix, Antoon II"
5c9fae6f-2718-58ca-bcfe-c825f51fc4aa,tg:rubgr:3793,e73_Keywords,1,kenmerken.rubkeyword,"Londen, Witt Library"
33e6cb98-f088-5610-aa3a-346865cb1d69,tg:rubgr:2393,e73_Keywords,1,kenmerken.rubkeyword,"Kordovsky, Josef"
0fc429d5-3926-59eb-b6fe-5aebd50a05be,tg:rubgr:2383,e73_Keywords,1,kenmerken.rubkeyword,"New York, The Metropolitan Museum of Art"
2f740096-4fcd-5b8f-8fc5-6aa789509a1b,tg:rubgr:1326,e73_Keywords,1,kenmerken.rubkeyword,"Cleve, Marten van (I)"
2f740096-4fcd-5b8f-8fc5-6aa789509a1b,tg:rubgr:1326,e73_Keywords,2,kenmerken.rubkeyword,"Ludwig, Fritz"
a182423b-dd22-5922-9e27-cdf5dfcc7788,tg:rubgr:2619,e73_Keywords,1,kenmerken.rubkeyword,"Bloch, Vitale"
64a6edb3-3a42-562c-98b2-4fbaf3dcddb7,tg:rubgr:2522,e73_Keywords,1,kenmerken.rubkeyword,"Philadelphia, Philadelphia Museum of Art"
cc85858b-fd77-58e1-b4dd-a3753b829db7,tg:rubgr:2644,e73_Keywords,1,kenmerken.rubkeyword,Meester van het Errera-Schetsboek
cc85858b-fd77-58e1-b4dd-a3753b829db7,tg:rubgr:2644,e73_Keywords,2,kenmerken.rubkeyword,Meester van de Vrouwelijke halffiguren
3514c717-244d-55a9-a6a6-0d9d6922fd06,tg:rubgr:2654,e73_Keywords,1,kenmerken.rubkeyword,"Stevens, Pieter"
493dcdaa-3c8c-5f54-9b9c-1668f0e0fb0a,tg:rubgr:2179,e73_Keywords,1,kenmerken.rubkeyword,"Enschede, Rijksmuseum Twenthe"
c5201587-071f-54b0-8cfb-5dd9fa5163a3,tg:rubgr:3401,e73_Keywords,1,kenmerken.rubkeyword,Rafael
c5201587-071f-54b0-8cfb-5dd9fa5163a3,tg:rubgr:3401,e73_Keywords,2,kenmerken.rubkeyword,"Raimondi, Marcantonio"
c2e95891-d5fe-5e42-9bd9-2ab2f9d9c2b8,tg:rubgr:2626,e73_Keywords,1,kenmerken.rubkeyword,"Savery, Jacob (I)"
c2e95891-d5fe-5e42-9bd9-2ab2f9d9c2b8,tg:rubgr:2626,e73_Keywords,2,kenmerken.rubkeyword,toeschrijving
c2e95891-d5fe-5e42-9bd9-2ab2f9d9c2b8,tg:rubgr:2626,e73_Keywords,3,kenmerken.rubkeyword,"Tietze, Hans"
c2e95891-d5fe-5e42-9bd9-2ab2f9d9c2b8,tg:rubgr:2626,e73_Keywords,4,kenmerken.rubkeyword,"Backus, LeRoy M."
09d39614-36b5-5378-b81b-f7ce4dd33d9e,tg:rubgr:2315,e73_Keywords,1,kenmerken.rubkeyword,"Washington, National Gallery of Art"
219ef250-ab1b-5670-88f1-0fc80fe7438c,tg:rubgr:2305,e73_Keywords,1,kenmerken.rubkeyword,"Washington, National Gallery of Art"
7c69889f-3b5b-5ba3-8018-97ffc0244b6b,tg:rubgr:2194,e73_Keywords,1,kenmerken.rubkeyword,"Seilern, Antoine"
95497ada-2a0e-51c4-a1e3-6bb082105e2b,tg:rubgr:2333,e73_Keywords,1,kenmerken.rubkeyword,schildertechniek
95497ada-2a0e-51c4-a1e3-6bb082105e2b,tg:rubgr:2333,e73_Keywords,2,kenmerken.rubkeyword,"Rees Jones, Stephen"
95497ada-2a0e-51c4-a1e3-6bb082105e2b,tg:rubgr:2333,e73_Keywords,3,kenmerken.rubkeyword,"Bialostocki, Jan"
95497ada-2a0e-51c4-a1e3-6bb082105e2b,tg:rubgr:2333,e73_Keywords,4,kenmerken.rubkeyword,"Koetser, Leonard F."
27e537a0-9557-539f-aa38-caa24f7fbc8a,tg:rubgr:2600,e73_Keywords,1,kenmerken.rubkeyword,"Hatvany, Paul"
a65350b8-2d01-5fcf-b573-6de093ad3851,tg:rubgr:2662,e73_Keywords,1,kenmerken.rubkeyword,"Andrews, Keith"
cc246775-3079-55df-b07b-be4b37ef14ac,tg:rubgr:2672,e73_Keywords,1,kenmerken.rubkeyword,"Gassel, Lucas"
cc246775-3079-55df-b07b-be4b37ef14ac,tg:rubgr:2672,e73_Keywords,2,kenmerken.rubkeyword,"Croft-Murray, Edward"
8d3cf0d6-0b93-5d81-b4be-458585bdd21a,tg:rubgr:52,e73_Keywords,1,kenmerken.rubkeyword,"Grimmer, Abel"
8d3cf0d6-0b93-5d81-b4be-458585bdd21a,tg:rubgr:52,e73_Keywords,2,kenmerken.rubkeyword,"Duitsland, Aschbach"
c1b85e00-2ffd-548f-97d8-4ee8cd9ea41a,tg:rubgr:2504,e73_Keywords,1,kenmerken.rubkeyword,"Stockholm, Stockholms Universitets Konstsamling"
758bee65-bbe9-5132-ac20-5aafae63f09a,tg:rubgr:2514,e73_Keywords,1,kenmerken.rubkeyword,Toeschrijvingsproblematiek
758bee65-bbe9-5132-ac20-5aafae63f09a,tg:rubgr:2514,e73_Keywords,2,kenmerken.rubkeyword,"Philadelphia, Philadelphia Museum of Art"
437b3ab5-c7de-59c1-961f-55e0306ecb85,tg:rubgr:2280,e73_Keywords,1,kenmerken.rubkeyword,Toeschrijvingsproblematiek
437b3ab5-c7de-59c1-961f-55e0306ecb85,tg:rubgr:2280,e73_Keywords,2,kenmerken.rubkeyword,"Berlijn, Kupferstichkabinett"
437b3ab5-c7de-59c1-961f-55e0306ecb85,tg:rubgr:2280,e73_Keywords,3,kenmerken.rubkeyword,"Londen, William Hallsborough Gallery"
6def5422-1061-5040-a3b8-5c4ebbbafbc7,tg:rubgr:2559,e73_Keywords,1,kenmerken.rubkeyword,"Cleve, Marten van (I)"
6def5422-1061-5040-a3b8-5c4ebbbafbc7,tg:rubgr:2559,e73_Keywords,2,kenmerken.rubkeyword,"Granvelle, Antoine Perrenot de"
6def5422-1061-5040-a3b8-5c4ebbbafbc7,tg:rubgr:2559,e73_Keywords,3,kenmerken.rubkeyword,"Koetser, Brian"
6def5422-1061-5040-a3b8-5c4ebbbafbc7,tg:rubgr:2559,e73_Keywords,4,kenmerken.rubkeyword,"Lambert, Michael A."
09dc991c-d65d-550f-9478-0161270a8013,tg:rubgr:2498,e73_Keywords,1,kenmerken.rubkeyword,"Willaerts, Isaac"
a7642c59-ff93-588a-9729-84a045f10181,tg:rubgr:2686,e73_Keywords,1,kenmerken.rubkeyword,"Berlijn, Kupferstichkabinett"
a93f6492-5760-5bc5-9b30-cad5dab2ce34,tg:rubgr:1790,e73_Keywords,1,kenmerken.rubkeyword,"Princeton University, Art Museum"
47eda4f7-4393-5f50-8926-29052eb6a948,tg:rubgr:2735,e73_Keywords,1,kenmerken.rubkeyword,"Stchawinski, W."
1b9b93dd-3293-5a32-b84a-7d7bb75574c4,tg:rubgr:2381,e73_Keywords,1,kenmerken.rubkeyword,"New York, The Metropolitan Museum of Art"
4f2b5b6c-be18-5d28-afa9-d7ed9883d816,tg:rubgr:3279,e73_Keywords,1,kenmerken.rubkeyword,"Haarlem, Frans Halsmuseum"
ca38b0fa-c16e-511f-a489-5efbd547255c,tg:rubgr:1334,e73_Keywords,1,kenmerken.rubkeyword,"Antwerpen, KMSKA"
099bdc25-6a29-5a27-a2a6-9f1c6eaf8cfe,tg:rubgr:1324,e73_Keywords,1,kenmerken.rubkeyword,"Heyden, Peter van der [1]"
ed50cbf0-3cd7-5b70-b567-3981214cf5a4,tg:rubgr:1052,e73_Keywords,1,kenmerken.rubkeyword,wandtapijten
ed50cbf0-3cd7-5b70-b567-3981214cf5a4,tg:rubgr:1052,e73_Keywords,2,kenmerken.rubkeyword,"Glasgow, The Burrell Collection"
38937fca-468d-5ca4-aa57-569520ea0c06,tg:rubgr:2415,e73_Keywords,1,kenmerken.rubkeyword,"Koetser, Leonard F."
64801985-58bf-5aee-a28b-cf1cc6b0015b,tg:rubgr:2467,e73_Keywords,1,kenmerken.rubkeyword,"Cleve, Marten van (I)"
64801985-58bf-5aee-a28b-cf1cc6b0015b,tg:rubgr:2467,e73_Keywords,2,kenmerken.rubkeyword,"New York, The Frick Collection"
1025d649-2e10-5fdd-9ec1-416c23957123,tg:rubgr:49,e73_Keywords,1,kenmerken.rubkeyword,"Sadeler, Aegidius"
1025d649-2e10-5fdd-9ec1-416c23957123,tg:rubgr:49,e73_Keywords,2,kenmerken.rubkeyword,"Sadeler, Marcus"
1025d649-2e10-5fdd-9ec1-416c23957123,tg:rubgr:49,e73_Keywords,3,kenmerken.rubkeyword,"Spranger, Bartholomeus"
4e29a38d-14bf-5e25-b911-447e6ef1f898,tg:rubgr:2154,e73_Keywords,1,kenmerken.rubkeyword,"Montpellier, Musée Atger"
bb12196f-e08a-5608-a307-d418ada105d0,tg:rubgr:2679,e73_Keywords,1,kenmerken.rubkeyword,"Does, Jan van der"
bb12196f-e08a-5608-a307-d418ada105d0,tg:rubgr:2679,e73_Keywords,2,kenmerken.rubkeyword,"Röver, Valerius"
bb12196f-e08a-5608-a307-d418ada105d0,tg:rubgr:2679,e73_Keywords,3,kenmerken.rubkeyword,"Schenck, Heinrich"
bb12196f-e08a-5608-a307-d418ada105d0,tg:rubgr:2679,e73_Keywords,4,kenmerken.rubkeyword,"Aken, Suermondt Ludwig Museum"
c9636db2-836e-5e54-a156-a6b2b909ac97,tg:rubgr:2085,e73_Keywords,1,kenmerken.rubkeyword,"Bol, Hans"
c9636db2-836e-5e54-a156-a6b2b909ac97,tg:rubgr:2085,e73_Keywords,2,kenmerken.rubkeyword,"Stevens, Pieter"
c9636db2-836e-5e54-a156-a6b2b909ac97,tg:rubgr:2085,e73_Keywords,3,kenmerken.rubkeyword,"Gerszi, Teréz"
dbda26c2-c6ed-5f8e-98bf-d7a3763db587,tg:rubgr:2307,e73_Keywords,1,kenmerken.rubkeyword,tekenkunst
dbda26c2-c6ed-5f8e-98bf-d7a3763db587,tg:rubgr:2307,e73_Keywords,2,kenmerken.rubkeyword,"Oxford, Ashmolean Museum"
dbda26c2-c6ed-5f8e-98bf-d7a3763db587,tg:rubgr:2307,e73_Keywords,3,kenmerken.rubkeyword,"Washington, National Gallery of Art"
99bfa22e-3078-53b7-81cf-9a1742817766,tg:rubgr:2317,e73_Keywords,1,kenmerken.rubkeyword,"Londen, Alfred Brod Gallery"
c4481e03-e121-5164-8d59-4641604bd7b1,tg:rubgr:1740,e73_Keywords,1,kenmerken.rubkeyword,"Momper, Joos de (II)"
df6a787c-57ee-58df-a924-55dc4d23b577,tg:rubgr:1750,e73_Keywords,1,kenmerken.rubkeyword,"Cleve, Marten van (I)"
df6a787c-57ee-58df-a924-55dc4d23b577,tg:rubgr:1750,e73_Keywords,2,kenmerken.rubkeyword,"Stridbeck, Carl Gustav"
5ff16fdf-ffce-5892-949d-a8d8431ec4bf,tg:rubgr:2646,e73_Keywords,1,kenmerken.rubkeyword,"Scorel, Jan van"
5ff16fdf-ffce-5892-949d-a8d8431ec4bf,tg:rubgr:2646,e73_Keywords,2,kenmerken.rubkeyword,"Neurenberg, Germanisches Nationalmuseum"
68c96a1d-6e16-55f9-b38e-aa29a07ff7dd,tg:rubgr:2375,e73_Keywords,1,kenmerken.rubkeyword,"Gerson, Horst"
68c96a1d-6e16-55f9-b38e-aa29a07ff7dd,tg:rubgr:2375,e73_Keywords,2,kenmerken.rubkeyword,"Kuile, E.H. Ter"
68c96a1d-6e16-55f9-b38e-aa29a07ff7dd,tg:rubgr:2375,e73_Keywords,3,kenmerken.rubkeyword,"Leegenhoek, Joseph"
68c96a1d-6e16-55f9-b38e-aa29a07ff7dd,tg:rubgr:2375,e73_Keywords,4,kenmerken.rubkeyword,"Warwick, Warwick Castle"
29c016e9-efc2-57fd-ab98-790534d47785,tg:rubgr:2516,e73_Keywords,1,kenmerken.rubkeyword,"Dublin, National Gallery of Ireland"
ca06bcaf-7ff5-59f3-95fd-bfd14fc5b30a,tg:rubgr:2660,e73_Keywords,1,kenmerken.rubkeyword,Meester van het Errera-Schetsboek
ca06bcaf-7ff5-59f3-95fd-bfd14fc5b30a,tg:rubgr:2660,e73_Keywords,2,kenmerken.rubkeyword,"Gudlaugsson, S.J."
f4c69118-e74c-5256-bed2-367146e90726,tg:rubgr:2388,e73_Keywords,1,kenmerken.rubkeyword,"Stalbemt, Adriaen van"
f4c69118-e74c-5256-bed2-367146e90726,tg:rubgr:2388,e73_Keywords,2,kenmerken.rubkeyword,"Londen, William Hallsborough Gallery"
e337cb00-4f66-5db2-95ea-05f0be605760,tg:rubgr:3318,e73_Keywords,1,kenmerken.rubkeyword,"Castelli, Enrico"
863aabd4-f8c6-567d-a5d9-83cbec975446,tg:rubgr:2602,e73_Keywords,1,kenmerken.rubkeyword,"Randall, Lewis Valentine"
48731a8d-1e50-5236-bc84-073f677a5ed3,tg:rubgr:3435,e73_Keywords,1,kenmerken.rubkeyword,"Filarete, Antonio di Pietro Averlino"
48731a8d-1e50-5236-bc84-073f677a5ed3,tg:rubgr:3435,e73_Keywords,2,kenmerken.rubkeyword,Rafael
48731a8d-1e50-5236-bc84-073f677a5ed3,tg:rubgr:3435,e73_Keywords,3,kenmerken.rubkeyword,"Rome, Sint-Pietersbasiliek"
48731a8d-1e50-5236-bc84-073f677a5ed3,tg:rubgr:3435,e73_Keywords,4,kenmerken.rubkeyword,"Rome, Vaticaanstad, Monumenti, Musei e Gallerie Pontificie"
17df95ea-3ea5-5993-93c2-63791700ba7b,tg:rubgr:2057,e73_Keywords,1,kenmerken.rubkeyword,"Parijs, Saint-Nicolas du Chardonnet"
be34e0a0-c71d-540f-93a2-08cf7251017d,tg:rubgr:2574,e73_Keywords,1,kenmerken.rubkeyword,"Cleve, Marten van (I)"
9062094e-5990-5fee-816b-245b955feea4,tg:rubgr:2539,e73_Keywords,1,kenmerken.rubkeyword,"Cleve, Marten van (I)"
9062094e-5990-5fee-816b-245b955feea4,tg:rubgr:2539,e73_Keywords,2,kenmerken.rubkeyword,"Philadelphia, Philadelphia Museum of Art"
a92134b5-0ae2-5049-83e8-8a59785c8357,tg:rubgr:2433,e73_Keywords,1,kenmerken.rubkeyword,"Slatter, Eugene"
ee0a449c-9680-5486-971e-2a9bcb4bfb85,tg:rubgr:1749,e73_Keywords,1,kenmerken.rubkeyword,"Princeton University, Art Museum"
85daac65-0bdc-5c07-9bb9-8ebb1d060295,tg:rubgr:866,e73_Keywords,1,kenmerken.rubkeyword,"Bles, Herri met de"
85daac65-0bdc-5c07-9bb9-8ebb1d060295,tg:rubgr:866,e73_Keywords,2,kenmerken.rubkeyword,"Koch, Robert A."
85daac65-0bdc-5c07-9bb9-8ebb1d060295,tg:rubgr:866,e73_Keywords,3,kenmerken.rubkeyword,"Princeton University, Art Museum"
cdb0317d-4784-5bf7-87b7-bd542e50c9a6,tg:rubgr:2684,e73_Keywords,1,kenmerken.rubkeyword,"Anzelewski, Fedja"
cdb0317d-4784-5bf7-87b7-bd542e50c9a6,tg:rubgr:2684,e73_Keywords,2,kenmerken.rubkeyword,"Berlijn, Kupferstichkabinett"
36323ad6-183f-5a12-aa3f-27c2e756c9eb,tg:rubgr:1698,e73_Keywords,1,kenmerken.rubkeyword,"Davenport, Figge Art Museum"
df189aed-1b3e-5489-af24-97b5737459de,tg:rubgr:348,e73_Keywords,1,kenmerken.rubkeyword,"Wiesbaden, Museum Wiesbaden, Kunstsammlungen"
29b31f8d-19f8-552b-a7b1-02a44fff02ef,tg:rubgr:883,e73_Keywords,1,kenmerken.rubkeyword,"Luxemburg, Musées de l'Etat"
5365a24f-38cc-5bfd-9384-47f5c2b2fa18,tg:rubgr:2293,e73_Keywords,1,kenmerken.rubkeyword,"Kraus, Julia"
5365a24f-38cc-5bfd-9384-47f5c2b2fa18,tg:rubgr:2293,e73_Keywords,2,kenmerken.rubkeyword,"Koetser, David"
5bf668b5-1a06-5aa5-9d10-de174b9361ca,tg:rubgr:541,e73_Keywords,1,kenmerken.rubkeyword,"San Francisco, M. H. de Young Memorial Museum (Fine Arts Museums of San Francisco)"
5bf668b5-1a06-5aa5-9d10-de174b9361ca,tg:rubgr:541,e73_Keywords,2,kenmerken.rubkeyword,"Bles, Herri met de"
5bf668b5-1a06-5aa5-9d10-de174b9361ca,tg:rubgr:541,e73_Keywords,3,kenmerken.rubkeyword,Orpheus
4a0da24b-0d38-583d-934a-c055c1f6a81a,tg:rubgr:2507,e73_Keywords,1,kenmerken.rubkeyword,"Cleve, Marten van (I)"
4a0da24b-0d38-583d-934a-c055c1f6a81a,tg:rubgr:2507,e73_Keywords,2,kenmerken.rubkeyword,"Manchester, City of Manchester Cultural Services, City Art Gallery"
794754da-f682-5c8d-8e54-9406ff9f4960,tg:rubgr:2517,e73_Keywords,1,kenmerken.rubkeyword,"Stockholm, Nationalmuseum"
794754da-f682-5c8d-8e54-9406ff9f4960,tg:rubgr:2517,e73_Keywords,2,kenmerken.rubkeyword,"Philadelphia, Philadelphia Museum of Art"
dcbad928-101a-59f3-9f8a-fdf938ec956e,tg:rubgr:3434,e73_Keywords,1,kenmerken.rubkeyword,"Vermeyen, Jan Cornelisz."
dcbad928-101a-59f3-9f8a-fdf938ec956e,tg:rubgr:3434,e73_Keywords,2,kenmerken.rubkeyword,"Pannemaker, Willem de"
dcbad928-101a-59f3-9f8a-fdf938ec956e,tg:rubgr:3434,e73_Keywords,3,kenmerken.rubkeyword,wandtapijten
dcbad928-101a-59f3-9f8a-fdf938ec956e,tg:rubgr:3434,e73_Keywords,4,kenmerken.rubkeyword,"Madrid, Palacio Real"
62306a51-dc2b-5969-965d-ab46c042aa02,tg:rubgr:3319,e73_Keywords,1,kenmerken.rubkeyword,"Anthonisz. van Amsterdam, Cornelis"
967c56e4-b5b4-567f-b8f6-43f34b509496,tg:rubgr:2565,e73_Keywords,1,kenmerken.rubkeyword,"Cleve, Marten van (I)"
931e776c-4cde-5a59-8092-a24eb9b837bb,tg:rubgr:1395,e73_Keywords,1,kenmerken.rubkeyword,"Harbord, Arthur Edward"
931e776c-4cde-5a59-8092-a24eb9b837bb,tg:rubgr:1395,e73_Keywords,2,kenmerken.rubkeyword,"Duca, Vittorio"
37f80899-baf5-5b1e-80d3-2f2bf8342061,tg:rubgr:3344,e73_Keywords,1,kenmerken.rubkeyword,Franciabigio
37f80899-baf5-5b1e-80d3-2f2bf8342061,tg:rubgr:3344,e73_Keywords,2,kenmerken.rubkeyword,"Hogenberg, Nikolaus"
37f80899-baf5-5b1e-80d3-2f2bf8342061,tg:rubgr:3344,e73_Keywords,3,kenmerken.rubkeyword,"Selig, Manfred"
769d3016-0e59-5908-b305-fcdf90883f8e,tg:rubgr:2538,e73_Keywords,1,kenmerken.rubkeyword,"Baellieur, Cornelis de (I)"
769d3016-0e59-5908-b305-fcdf90883f8e,tg:rubgr:2538,e73_Keywords,2,kenmerken.rubkeyword,"Cleve, Marten van (I)"
e2fe71b3-161b-597d-b4ce-109f4361fc12,tg:rubgr:2528,e73_Keywords,1,kenmerken.rubkeyword,"Cleve, Marten van (I)"
e2fe71b3-161b-597d-b4ce-109f4361fc12,tg:rubgr:2528,e73_Keywords,2,kenmerken.rubkeyword,"Prieur de Cambray, Andreas de la"
e2fe71b3-161b-597d-b4ce-109f4361fc12,tg:rubgr:2528,e73_Keywords,3,kenmerken.rubkeyword,tekenkunst
1501a300-821b-57ba-ba5d-ee388f1ad578,tg:rubgr:2685,e73_Keywords,1,kenmerken.rubkeyword,"Valckenborch, Lucas van"
1501a300-821b-57ba-ba5d-ee388f1ad578,tg:rubgr:2685,e73_Keywords,2,kenmerken.rubkeyword,"Anzelewski, Fedja"
1501a300-821b-57ba-ba5d-ee388f1ad578,tg:rubgr:2685,e73_Keywords,3,kenmerken.rubkeyword,"Berlijn, Kupferstichkabinett"
fcb9061a-6de6-5007-9932-c937b7042d63,tg:rubgr:231,e73_Keywords,1,kenmerken.rubkeyword,wandtapijten
fcb9061a-6de6-5007-9932-c937b7042d63,tg:rubgr:231,e73_Keywords,2,kenmerken.rubkeyword,"Badt, Kurt"
fcb9061a-6de6-5007-9932-c937b7042d63,tg:rubgr:231,e73_Keywords,3,kenmerken.rubkeyword,"Rome, Vaticaanstad, Monumenti, Musei e Gallerie Pontificie"
9930ba41-eedf-586f-b895-260dcd4b0f41,tg:rubgr:349,e73_Keywords,1,kenmerken.rubkeyword,"Galle, Joannes"
9930ba41-eedf-586f-b895-260dcd4b0f41,tg:rubgr:349,e73_Keywords,2,kenmerken.rubkeyword,"Brussel, Koninklijke Bibliotheek Albert I"
f839be95-3ed3-55c9-a1b0-b97395b17845,tg:rubgr:1699,e73_Keywords,1,kenmerken.rubkeyword,"Badt, Kurt"
f839be95-3ed3-55c9-a1b0-b97395b17845,tg:rubgr:1699,e73_Keywords,2,kenmerken.rubkeyword,"Philadelphia, Philadelphia Museum of Art"
a2348c10-9923-5dfd-9f2c-7aa3c0fe6f0a,tg:rubgr:1945,e73_Keywords,1,kenmerken.rubkeyword,"Florence, Palazzo Strozzi"
a2348c10-9923-5dfd-9f2c-7aa3c0fe6f0a,tg:rubgr:1945,e73_Keywords,2,kenmerken.rubkeyword,"Brussel, Galerie Finck"
b67d38dc-75ba-567b-92ff-a3cdf6de74c4,tg:rubgr:1884,e73_Keywords,1,kenmerken.rubkeyword,"Feste, Joseph R."
443d95f3-e455-5e8a-8463-56421a30fb26,tg:rubgr:3326,e73_Keywords,1,kenmerken.rubkeyword,"Fouquet, Jean"
443d95f3-e455-5e8a-8463-56421a30fb26,tg:rubgr:3326,e73_Keywords,2,kenmerken.rubkeyword,"Pächt, Otto"
25996cb6-c4b1-5e53-a16c-92e827a3020d,tg:rubgr:3310,e73_Keywords,1,kenmerken.rubkeyword,"Leningrad, Hermitage"
e1cd69d2-8276-5776-98ce-5fdeb3d84629,tg:rubgr:2251,e73_Keywords,1,kenmerken.rubkeyword,"Destombes, Marcel"
1b592d00-21b3-5f2c-960a-602561c351d0,tg:rubgr:2084,e73_Keywords,1,kenmerken.rubkeyword,"Campagnola, Domenico"
1b592d00-21b3-5f2c-960a-602561c351d0,tg:rubgr:2084,e73_Keywords,2,kenmerken.rubkeyword,tekenkunst
7b747166-e6dc-54ae-8bb5-3d846ae8688e,tg:rubgr:2668,e73_Keywords,1,kenmerken.rubkeyword,"Bol, Hans"
cb4ed68f-9a06-56a3-9ae4-a0a500ee34d0,tg:rubgr:2155,e73_Keywords,1,kenmerken.rubkeyword,"Goudstikker, Jacques"
cb4ed68f-9a06-56a3-9ae4-a0a500ee34d0,tg:rubgr:2155,e73_Keywords,2,kenmerken.rubkeyword,"Amsterdam, Frederik Muller"
15f27be2-61cb-5ba6-a8de-95777fd32235,tg:rubgr:3396,e73_Keywords,1,kenmerken.rubkeyword,"Clovio, Giulio"
15f27be2-61cb-5ba6-a8de-95777fd32235,tg:rubgr:3396,e73_Keywords,2,kenmerken.rubkeyword,"New York, Pierpont Morgan Library"
9fc1d188-72df-5958-b80e-55017f50575c,tg:rubgr:3386,e73_Keywords,1,kenmerken.rubkeyword,"Bles, Herri met de"
b6387191-2593-55bb-bf10-ea1950f589ee,tg:rubgr:350,e73_Keywords,1,kenmerken.rubkeyword,Belvoir Castle
ab3430f9-2422-52ca-a718-eb3c7f591e25,tg:rubgr:2316,e73_Keywords,1,kenmerken.rubkeyword,"Washington, National Gallery of Art"
2fb1321d-d223-5774-b87d-b7e11754b904,tg:rubgr:2306,e73_Keywords,1,kenmerken.rubkeyword,"Frank, Robert"
2fb1321d-d223-5774-b87d-b7e11754b904,tg:rubgr:2306,e73_Keywords,2,kenmerken.rubkeyword,"Washington, National Gallery of Art"
7a5f8eb1-e26d-5c42-97d4-096386b4f9e1,tg:rubgr:2647,e73_Keywords,1,kenmerken.rubkeyword,"Valckenborch, Lucas van"
7a5f8eb1-e26d-5c42-97d4-096386b4f9e1,tg:rubgr:2647,e73_Keywords,2,kenmerken.rubkeyword,"Gudlaugsson, S.J."
b01077d6-c6f9-5398-b093-b5cee6dca1bb,tg:rubgr:2657,e73_Keywords,1,kenmerken.rubkeyword,tekenkunst
b01077d6-c6f9-5398-b093-b5cee6dca1bb,tg:rubgr:2657,e73_Keywords,2,kenmerken.rubkeyword,"Badt, Kurt"
f29442b7-1841-5b95-bb48-04c1796d4f76,tg:rubgr:2598,e73_Keywords,1,kenmerken.rubkeyword,"San Diego, San Diego Museum of Art"
2ca4f09a-199b-52fc-813d-6b117f4a0983,tg:rubgr:2075,e73_Keywords,1,kenmerken.rubkeyword,"Bol, Hans"
57c043f4-c832-5d28-86ec-235996aafc3f,tg:rubgr:2630,e73_Keywords,1,kenmerken.rubkeyword,"Cleve, Hendrick III van"
57c043f4-c832-5d28-86ec-235996aafc3f,tg:rubgr:2630,e73_Keywords,2,kenmerken.rubkeyword,"Scharf, Felicie"
4659792a-d6dc-5139-9966-52dd544c13a3,tg:rubgr:2620,e73_Keywords,1,kenmerken.rubkeyword,"Bloch, Vitale"
57a1a325-4bb7-58fe-9aee-d918ae2cb244,tg:rubgr:1754,e73_Keywords,1,kenmerken.rubkeyword,"Philadelphia, Philadelphia Museum of Art"
9e4d6ca9-2fd3-5a18-9b86-619ef451100c,tg:rubgr:2303,e73_Keywords,1,kenmerken.rubkeyword,"Washington, National Gallery of Art"
a2779e04-0243-54fa-9465-d1ae7c590111,tg:rubgr:2313,e73_Keywords,1,kenmerken.rubkeyword,"Washington, National Gallery of Art"
9bf2387e-4aa1-5d5b-9f20-fb5632d1a1ff,tg:rubgr:2361,e73_Keywords,1,kenmerken.rubkeyword,inventaris
9bf2387e-4aa1-5d5b-9f20-fb5632d1a1ff,tg:rubgr:2361,e73_Keywords,2,kenmerken.rubkeyword,"Suida, William"
9bf2387e-4aa1-5d5b-9f20-fb5632d1a1ff,tg:rubgr:2361,e73_Keywords,3,kenmerken.rubkeyword,"Graz, Landesmuseum Joanneum"
a272b967-497b-5153-a79c-805956095ef4,tg:rubgr:2642,e73_Keywords,1,kenmerken.rubkeyword,"Cock, Matthijs"
5e3da9a4-b604-5bf1-ad1f-26c25b6fb953,tg:rubgr:2411,e73_Keywords,1,kenmerken.rubkeyword,"Koetser, Leonard F."
5e3da9a4-b604-5bf1-ad1f-26c25b6fb953,tg:rubgr:2411,e73_Keywords,2,kenmerken.rubkeyword,"Winkelmann-Rhein, Gertraude"
97af1d09-fbb7-5c75-8de1-d3c5976d1574,tg:rubgr:586,e73_Keywords,1,kenmerken.rubkeyword,"Bol, Hans"
9f27c1ad-1ab1-54f9-8d28-1801a3ed6afe,tg:rubgr:1320,e73_Keywords,1,kenmerken.rubkeyword,kostuum
9f27c1ad-1ab1-54f9-8d28-1801a3ed6afe,tg:rubgr:1320,e73_Keywords,2,kenmerken.rubkeyword,"Mandach, Conrad von"
8312a301-68fb-58c1-ad18-57e8eb3e3408,tg:rubgr:3315,e73_Keywords,1,kenmerken.rubkeyword,"Glasgow, Kelvingrove Art Gallery and Museum"
708ed429-392e-5eca-8a18-65eae43c07fe,tg:rubgr:1399,e73_Keywords,1,kenmerken.rubkeyword,"Goldscheider, Ludwig"
708ed429-392e-5eca-8a18-65eae43c07fe,tg:rubgr:1399,e73_Keywords,2,kenmerken.rubkeyword,"Duca, Vittorio"
708ed429-392e-5eca-8a18-65eae43c07fe,tg:rubgr:1399,e73_Keywords,3,kenmerken.rubkeyword,"Pauw, Charles de"
22671933-0ed5-578a-87c8-7988aeed42f8,tg:rubgr:174,e73_Keywords,1,kenmerken.rubkeyword,Materieel-technisch onderzoek
22671933-0ed5-578a-87c8-7988aeed42f8,tg:rubgr:174,e73_Keywords,2,kenmerken.rubkeyword,"Buuren, David van"
6300799f-4fe7-56c4-b237-7dba90752b38,tg:rubgr:2385,e73_Keywords,1,kenmerken.rubkeyword,"Karlsruhe, Staatliche Kunsthalle"
60024bf2-04c6-5cdd-b9cf-8c7f68bbcb60,tg:rubgr:2395,e73_Keywords,1,kenmerken.rubkeyword,"Waagen, Gustav Friedrich"
60024bf2-04c6-5cdd-b9cf-8c7f68bbcb60,tg:rubgr:2395,e73_Keywords,2,kenmerken.rubkeyword,"Melbourne, National Gallery of Victoria"
338e189f-50c6-5ac9-8e2b-8ebc8f16d49c,tg:rubgr:753,e73_Keywords,1,kenmerken.rubkeyword,"Brighton, Royal Pavilion, Art Gallery and Museum"
890cc5a1-f622-5a31-a1ce-66dcb4c58276,tg:rubgr:4574,e73_Keywords,1,kenmerken.rubkeyword,"Brueghel, Pieter (III)"
c4e4d9cb-f698-5d91-a7d9-3ac9b9c863b8,tg:rubgr:2378,e73_Keywords,1,kenmerken.rubkeyword,dier
2da92245-dd1c-50a4-9895-6f9116343b76,tg:rubgr:1647,e73_Keywords,1,kenmerken.rubkeyword,"Enschede, Rijksmuseum Twenthe"
2da92245-dd1c-50a4-9895-6f9116343b76,tg:rubgr:1647,e73_Keywords,2,kenmerken.rubkeyword,Gonzaga (familie)
23b4c1d3-4e3e-5a71-b189-6b026e45c57b,tg:rubgr:2166,e73_Keywords,1,kenmerken.rubkeyword,"Bordeaux, Musée des Beaux-Arts"
31c8eee5-d8d9-5bbe-b4df-9b6b073f0838,tg:rubgr:4787,e73_Keywords,1,kenmerken.rubkeyword,Rafael
31c8eee5-d8d9-5bbe-b4df-9b6b073f0838,tg:rubgr:4787,e73_Keywords,2,kenmerken.rubkeyword,"Londen, Victoria and Albert Museum"
9816adf3-e28f-5e46-abc5-8b289a27d0f8,tg:rubgr:2680,e73_Keywords,1,kenmerken.rubkeyword,"Philadelphia, Philadelphia Museum of Art"
810e529c-4cfb-5f36-9b0e-339276216d32,tg:rubgr:1316,e73_Keywords,1,kenmerken.rubkeyword,"Borchard Metzger, Evelyn"
2c82a38a-2e94-5098-8bec-506dfaff7ee7,tg:rubgr:2639,e73_Keywords,1,kenmerken.rubkeyword,"Verhaecht, Tobias"
2c82a38a-2e94-5098-8bec-506dfaff7ee7,tg:rubgr:2639,e73_Keywords,2,kenmerken.rubkeyword,"Milaan, Pinacoteca Ambrosiana"
043475a8-e637-52ef-904f-63521481bc6f,tg:rubgr:2262,e73_Keywords,1,kenmerken.rubkeyword,"New York, The Frick Collection"
8209c1a5-db31-533a-90fa-9f837c86d73c,tg:rubgr:2664,e73_Keywords,1,kenmerken.rubkeyword,"Momper, Joos de (II)"
d965a64b-85ab-5e78-b762-4c221c978b56,tg:rubgr:54,e73_Keywords,1,kenmerken.rubkeyword,"New York, Wildenstein [kunsthandel]"
d965a64b-85ab-5e78-b762-4c221c978b56,tg:rubgr:54,e73_Keywords,2,kenmerken.rubkeyword,"Fisher, Roy"
cca55489-660a-57fa-ab79-fd9c70fb15c3,tg:rubgr:5301,e73_Keywords,1,kenmerken.rubkeyword,"Sanmicheli, Michele"
cca55489-660a-57fa-ab79-fd9c70fb15c3,tg:rubgr:5301,e73_Keywords,2,kenmerken.rubkeyword,"Grapheus, Cornelis"
b963cdcb-14cc-57c6-985f-0cbb35844701,tg:rubgr:2606,e73_Keywords,1,kenmerken.rubkeyword,"Uppsala, Uppsala University"
922f50c6-f2a7-5ba4-aa80-6fc860aafa64,tg:rubgr:1646,e73_Keywords,1,kenmerken.rubkeyword,"Londen, Wellcome Institute for the History of Medicine"
449468cf-8bb0-5fb9-8d6c-c0f46d0b9883,tg:rubgr:2167,e73_Keywords,1,kenmerken.rubkeyword,"Grange, T.P."
a6129116-cc96-5326-abdb-57eff3ec2259,tg:rubgr:3340,e73_Keywords,1,kenmerken.rubkeyword,"Stockholm, Nationalmuseum"
3ee7ddc9-3651-574c-b5fc-0e83bd3d3e0c,tg:rubgr:2638,e73_Keywords,1,kenmerken.rubkeyword,"Berlijn, Kupferstichkabinett"
3ee7ddc9-3651-574c-b5fc-0e83bd3d3e0c,tg:rubgr:2638,e73_Keywords,2,kenmerken.rubkeyword,"Milaan, Pinacoteca Ambrosiana"
25c5020e-dfec-5c26-a5be-30666d904a1c,tg:rubgr:2263,e73_Keywords,1,kenmerken.rubkeyword,"New York, The Frick Collection"
0d9b6087-0a9e-519e-9db4-78c093e1a3fd,tg:rubgr:1951,e73_Keywords,1,kenmerken.rubkeyword,"Dortmund, Museum für Kunst und Kulturgeschichte der Stadt Dortmund"
cdeb7067-b99f-5a09-92d6-17d2fdf373a9,tg:rubgr:235,e73_Keywords,1,kenmerken.rubkeyword,"Philadelphia, Philadelphia Museum of Art"
d815b894-e683-5bad-a312-8ead8c5b48ea,tg:rubgr:2681,e73_Keywords,1,kenmerken.rubkeyword,"Philadelphia, Philadelphia Museum of Art"
01c8e252-0dd6-595d-bf6d-27747e0a3e2f,tg:rubgr:2356,e73_Keywords,1,kenmerken.rubkeyword,"Londen, National Gallery of Art"
eeca19a5-c28c-50f1-84dd-48e03620d129,tg:rubgr:55,e73_Keywords,1,kenmerken.rubkeyword,"Gassel, Lucas"
eeca19a5-c28c-50f1-84dd-48e03620d129,tg:rubgr:55,e73_Keywords,2,kenmerken.rubkeyword,Meester LC
eeca19a5-c28c-50f1-84dd-48e03620d129,tg:rubgr:55,e73_Keywords,3,kenmerken.rubkeyword,"Dunbar, Burton L."
eeca19a5-c28c-50f1-84dd-48e03620d129,tg:rubgr:55,e73_Keywords,4,kenmerken.rubkeyword,"Fisher, Roy"
eeca19a5-c28c-50f1-84dd-48e03620d129,tg:rubgr:55,e73_Keywords,5,kenmerken.rubkeyword,"New York, The Metropolitan Museum of Art"
eeca19a5-c28c-50f1-84dd-48e03620d129,tg:rubgr:55,e73_Keywords,6,kenmerken.rubkeyword,"New York, Wildenstein [kunsthandel]"
acd147e9-2051-5b99-a0b3-099b9b5c84ac,tg:rubgr:2193,e73_Keywords,1,kenmerken.rubkeyword,tekenkunst
839cf30f-e509-5f0b-b1ea-09c80794debd,tg:rubgr:2617,e73_Keywords,1,kenmerken.rubkeyword,"Bloch, Vitale"
1662eee3-6a37-51f7-9d1c-3c626d046a41,tg:rubgr:1250,e73_Keywords,1,kenmerken.rubkeyword,"Hampton, Hampton Court Palace"
1662eee3-6a37-51f7-9d1c-3c626d046a41,tg:rubgr:1250,e73_Keywords,2,kenmerken.rubkeyword,"Sibiu, Muzeul Brukenthal"
b41619e2-542f-54ae-8c07-e343aa17f7ca,tg:rubgr:4476,e73_Keywords,1,kenmerken.rubkeyword,"Clovio, Giulio"
b41619e2-542f-54ae-8c07-e343aa17f7ca,tg:rubgr:4476,e73_Keywords,2,kenmerken.rubkeyword,Michelangelo
b41619e2-542f-54ae-8c07-e343aa17f7ca,tg:rubgr:4476,e73_Keywords,3,kenmerken.rubkeyword,"Benesch, Otto"
be85159d-96f7-5363-bfeb-ca4c7384cab4,tg:rubgr:2621,e73_Keywords,1,kenmerken.rubkeyword,"Bloch, Vitale"
be85159d-96f7-5363-bfeb-ca4c7384cab4,tg:rubgr:2621,e73_Keywords,2,kenmerken.rubkeyword,"Held, Julius S."
909dd6c9-4c09-518a-8b4d-df59722e1f8e,tg:rubgr:2312,e73_Keywords,1,kenmerken.rubkeyword,"Lissabon, Museu Nacional de Arte Antiga"
909dd6c9-4c09-518a-8b4d-df59722e1f8e,tg:rubgr:2312,e73_Keywords,2,kenmerken.rubkeyword,"Washington, National Gallery of Art"
a8498d0e-f9bc-50a1-972c-9b235413c959,tg:rubgr:2302,e73_Keywords,1,kenmerken.rubkeyword,"Seilern, Antoine"
a8498d0e-f9bc-50a1-972c-9b235413c959,tg:rubgr:2302,e73_Keywords,2,kenmerken.rubkeyword,"Washington, National Gallery of Art"
d7b4392a-9999-5d7a-b1c6-51d7ca60c42d,tg:rubgr:1889,e73_Keywords,1,kenmerken.rubkeyword,Leonardo da Vinci
3284df85-3d3e-525e-824d-3b5458cfdc71,tg:rubgr:285,e73_Keywords,1,kenmerken.rubkeyword,tekenkunst
3284df85-3d3e-525e-824d-3b5458cfdc71,tg:rubgr:285,e73_Keywords,2,kenmerken.rubkeyword,"Mongan, Agnes"
3284df85-3d3e-525e-824d-3b5458cfdc71,tg:rubgr:285,e73_Keywords,3,kenmerken.rubkeyword,"Cambridge (MA), Fogg Art Museum"
569486e9-f421-5c70-b873-6923405a270b,tg:rubgr:1694,e73_Keywords,1,kenmerken.rubkeyword,"Savery, Jacob (I)"
569486e9-f421-5c70-b873-6923405a270b,tg:rubgr:1694,e73_Keywords,2,kenmerken.rubkeyword,"Berlijn, Gemäldegalerie der Staatlichen Museen"
c190da6f-c557-5b54-a9af-690240693b2c,tg:rubgr:667,e73_Keywords,1,kenmerken.rubkeyword,"Bles, Herri met de"
c190da6f-c557-5b54-a9af-690240693b2c,tg:rubgr:667,e73_Keywords,2,kenmerken.rubkeyword,"Gassel, Lucas"
809f802b-2ec0-591d-ab1b-3b078cdec14b,tg:rubgr:3086,e73_Keywords,1,kenmerken.rubkeyword,"Leonard Woolley, Charles"
664bf011-d18f-5436-a928-be74b5427ede,tg:rubgr:2360,e73_Keywords,1,kenmerken.rubkeyword,inventaris
664bf011-d18f-5436-a928-be74b5427ede,tg:rubgr:2360,e73_Keywords,2,kenmerken.rubkeyword,kostuum
bf0080a3-19d7-5d04-a2e0-761bbc229834,tg:rubgr:2643,e73_Keywords,1,kenmerken.rubkeyword,"Hondius, Hendrik I"
a67eeaca-82bb-5ae3-8855-410ea6c5b4d7,tg:rubgr:2653,e73_Keywords,1,kenmerken.rubkeyword,"Cock, Matthijs"
a67eeaca-82bb-5ae3-8855-410ea6c5b4d7,tg:rubgr:2653,e73_Keywords,2,kenmerken.rubkeyword,"Hatvany, Paul"
a67eeaca-82bb-5ae3-8855-410ea6c5b4d7,tg:rubgr:2653,e73_Keywords,3,kenmerken.rubkeyword,"Jowett, Alfred"
baf2ad8d-1419-58c4-8346-df539430454e,tg:rubgr:4661,e73_Keywords,1,kenmerken.rubkeyword,"München, Staatliche Graphische Sammlung"
ee1c0d14-5963-56a2-aa18-5febed47009d,tg:rubgr:2255,e73_Keywords,1,kenmerken.rubkeyword,"Destombes, Marcel"
ee1c0d14-5963-56a2-aa18-5febed47009d,tg:rubgr:2255,e73_Keywords,2,kenmerken.rubkeyword,"Londen, Wellcome Institute for the History of Medicine"
0dd33f22-6022-54eb-b09e-eaa4186c4846,tg:rubgr:1321,e73_Keywords,1,kenmerken.rubkeyword,"Narbonne, Musée d'Art et d'Histoire"
0dd33f22-6022-54eb-b09e-eaa4186c4846,tg:rubgr:1321,e73_Keywords,2,kenmerken.rubkeyword,"Mandach, Conrad von"
865dad8b-53d3-5f68-929c-9321e4733174,tg:rubgr:2151,e73_Keywords,1,kenmerken.rubkeyword,"Momper, Joos de (II)"
e47c3249-7620-578a-a233-18d69d472267,tg:rubgr:2472,e73_Keywords,1,kenmerken.rubkeyword,"Ludwig, Fritz"
e47c3249-7620-578a-a233-18d69d472267,tg:rubgr:2472,e73_Keywords,2,kenmerken.rubkeyword,"Finck, Robert"
75cb7d52-2f7e-54d0-bfb9-bdab1bd82664,tg:rubgr:3848,e73_Keywords,1,kenmerken.rubkeyword,"Chatsworth, privé-collectie"
85442c1e-b453-5a1d-a2f2-0706d61b5df0,tg:rubgr:752,e73_Keywords,1,kenmerken.rubkeyword,"Brentel, Friedrich"
85442c1e-b453-5a1d-a2f2-0706d61b5df0,tg:rubgr:752,e73_Keywords,2,kenmerken.rubkeyword,"Kassel, Staatliche Museen Kassel"
86962bd8-0a87-5cec-91fc-9da48b075bdd,tg:rubgr:2309,e73_Keywords,1,kenmerken.rubkeyword,"Washington, National Gallery of Art"
2febb1fc-d862-5bb0-a421-5e76a03529e0,tg:rubgr:1315,e73_Keywords,1,kenmerken.rubkeyword,"Londen, Witt Library"
25670f58-663b-5f6e-b935-745f0eb7cb13,tg:rubgr:2693,e73_Keywords,1,kenmerken.rubkeyword,"Stevens, Pieter"
25670f58-663b-5f6e-b935-745f0eb7cb13,tg:rubgr:2693,e73_Keywords,2,kenmerken.rubkeyword,tekenkunst
25670f58-663b-5f6e-b935-745f0eb7cb13,tg:rubgr:2693,e73_Keywords,3,kenmerken.rubkeyword,"Wurzbach, Alfred von"
25670f58-663b-5f6e-b935-745f0eb7cb13,tg:rubgr:2693,e73_Keywords,4,kenmerken.rubkeyword,"Slatkin, Charles E."
d2061bea-c16f-54f3-a9a4-656f8ebd38cd,tg:rubgr:2683,e73_Keywords,1,kenmerken.rubkeyword,"Anzelewski, Fedja"
d2061bea-c16f-54f3-a9a4-656f8ebd38cd,tg:rubgr:2683,e73_Keywords,2,kenmerken.rubkeyword,"Berlijn, Gemäldegalerie der Staatlichen Museen"
df3facf0-800b-5a3f-8bf2-d13da174eef7,tg:rubgr:3389,e73_Keywords,1,kenmerken.rubkeyword,Brighton Art Gallery and Museum
1ce0264b-1854-5dbc-b20b-8a995b4d4a31,tg:rubgr:2658,e73_Keywords,1,kenmerken.rubkeyword,"Cort, Cornelis"
1ce0264b-1854-5dbc-b20b-8a995b4d4a31,tg:rubgr:2658,e73_Keywords,2,kenmerken.rubkeyword,Meester van de Kleine landschappen
1ce0264b-1854-5dbc-b20b-8a995b4d4a31,tg:rubgr:2658,e73_Keywords,3,kenmerken.rubkeyword,"Cambridge (GB), Fitzwilliam Museum"
e82587e5-dc98-5ada-b31f-309046254ecb,tg:rubgr:2165,e73_Keywords,1,kenmerken.rubkeyword,"Montpellier, Musée Fabre"
cdbb4d33-a044-5a24-b3cf-3ff1e03dd09a,tg:rubgr:2446,e73_Keywords,1,kenmerken.rubkeyword,grisaille-schilderkunst
cdbb4d33-a044-5a24-b3cf-3ff1e03dd09a,tg:rubgr:2446,e73_Keywords,2,kenmerken.rubkeyword,"Parijs, Institut Néerlandais"
6d447429-85a8-567e-8387-142cb0625760,tg:rubgr:926,e73_Keywords,1,kenmerken.rubkeyword,"Bergamo, Accademia Carrara"
650824f7-25ba-5e6e-99fd-b8e970458faa,tg:rubgr:2605,e73_Keywords,1,kenmerken.rubkeyword,"Uppsala, Uppsala University"
dd716db3-acb4-5860-baa3-44900cc45ba0,tg:rubgr:749,e73_Keywords,1,kenmerken.rubkeyword,"Clovio, Giulio"
dd716db3-acb4-5860-baa3-44900cc45ba0,tg:rubgr:749,e73_Keywords,2,kenmerken.rubkeyword,handschriften
dd716db3-acb4-5860-baa3-44900cc45ba0,tg:rubgr:749,e73_Keywords,3,kenmerken.rubkeyword,"New York, Pierpont Morgan Library"
c8a69b94-fe29-5607-8b04-ba7cb219a936,tg:rubgr:2295,e73_Keywords,1,kenmerken.rubkeyword,"Bazel, Kunstmuseum Basel (Öffentliche Kunstsammlung)"
c8a69b94-fe29-5607-8b04-ba7cb219a936,tg:rubgr:2295,e73_Keywords,2,kenmerken.rubkeyword,"Washington, National Gallery of Art"
905c63ba-1ee9-5e0e-b16e-a9c7aa325663,tg:rubgr:2651,e73_Keywords,1,kenmerken.rubkeyword,"Dyce, Alexander"
905c63ba-1ee9-5e0e-b16e-a9c7aa325663,tg:rubgr:2651,e73_Keywords,2,kenmerken.rubkeyword,"Londen, Victoria and Albert Museum"
8d8416e6-ab10-5371-ba54-9ef57ef605cc,tg:rubgr:2641,e73_Keywords,1,kenmerken.rubkeyword,"Cock, Matthijs"
8d8416e6-ab10-5371-ba54-9ef57ef605cc,tg:rubgr:2641,e73_Keywords,2,kenmerken.rubkeyword,"Londen, Victoria and Albert Museum"
b00e3e7d-9dd4-5966-9628-c8deed0cdb59,tg:rubgr:71,e73_Keywords,1,kenmerken.rubkeyword,"San Diego, The Putnam Foundation"
756e189b-27cc-5c87-828a-e063fae5c035,tg:rubgr:2527,e73_Keywords,1,kenmerken.rubkeyword,tekenkunst
21b98523-1953-5222-bf58-55dc47fb9c51,tg:rubgr:1747,e73_Keywords,1,kenmerken.rubkeyword,"Gassel, Lucas"
21b98523-1953-5222-bf58-55dc47fb9c51,tg:rubgr:1747,e73_Keywords,2,kenmerken.rubkeyword,tekenkunst
21b98523-1953-5222-bf58-55dc47fb9c51,tg:rubgr:1747,e73_Keywords,3,kenmerken.rubkeyword,"Graz, Landesmuseum Joanneum"
112fada8-207e-5e19-a6be-77374be5bd86,tg:rubgr:2545,e73_Keywords,1,kenmerken.rubkeyword,"Cleve, Marten van (I)"
112fada8-207e-5e19-a6be-77374be5bd86,tg:rubgr:2545,e73_Keywords,2,kenmerken.rubkeyword,tekenkunst
112fada8-207e-5e19-a6be-77374be5bd86,tg:rubgr:2545,e73_Keywords,3,kenmerken.rubkeyword,"Edinburgh, National Gallery of Scotland"
7f6362ac-e0eb-5868-9bb4-f9cc64dd2da7,tg:rubgr:2300,e73_Keywords,1,kenmerken.rubkeyword,"Washington, National Gallery of Art"
d53effcf-3a9e-5484-88f4-b10fd749efa2,tg:rubgr:2278,e73_Keywords,1,kenmerken.rubkeyword,"Windsor Castle, Royal Collection"
76acee32-1491-55d8-82a1-d30dc27f2f80,tg:rubgr:2310,e73_Keywords,1,kenmerken.rubkeyword,"Washington, National Gallery of Art"
d75d3fb8-3784-5dc5-8bba-b6e162f1ec5e,tg:rubgr:2076,e73_Keywords,1,kenmerken.rubkeyword,"Verhaecht, Tobias"
4106055b-b06c-5d3f-a56b-48e1c9b7b9a0,tg:rubgr:2633,e73_Keywords,1,kenmerken.rubkeyword,"Hondius, Hendrik I"
4106055b-b06c-5d3f-a56b-48e1c9b7b9a0,tg:rubgr:2633,e73_Keywords,2,kenmerken.rubkeyword,"Hatvany, Paul"
86b4f6ad-edc7-5c7e-84c7-49e0f6b6d8fd,tg:rubgr:2484,e73_Keywords,1,kenmerken.rubkeyword,"Coppet, Maurice Clément de"
ecd10fbe-04eb-5005-805b-d8ef18e05da3,tg:rubgr:2235,e73_Keywords,1,kenmerken.rubkeyword,"Parijs, Bibliothèque nationale de France"
93a31e52-9be3-5922-a9df-1454201792af,tg:rubgr:2508,e73_Keywords,1,kenmerken.rubkeyword,"Cleve, Marten van (I)"
93a31e52-9be3-5922-a9df-1454201792af,tg:rubgr:2508,e73_Keywords,2,kenmerken.rubkeyword,"Ludwig, Fritz"
7fdc3a92-d820-5f53-b01a-8a3fe4bb2e74,tg:rubgr:691,e73_Keywords,1,kenmerken.rubkeyword,"Lint, Hendrik Frans van"
2d2d64ca-d378-50de-b728-2c7a48e6c50b,tg:rubgr:750,e73_Keywords,1,kenmerken.rubkeyword,"Heemskerck, Maarten van"
2d2d64ca-d378-50de-b728-2c7a48e6c50b,tg:rubgr:750,e73_Keywords,2,kenmerken.rubkeyword,landschap
2d2d64ca-d378-50de-b728-2c7a48e6c50b,tg:rubgr:750,e73_Keywords,3,kenmerken.rubkeyword,"Baltimore, Walters Art Gallery"
54f38f76-e465-52fe-b734-fada5a23ebe0,tg:rubgr:2386,e73_Keywords,1,kenmerken.rubkeyword,"Winkelmann-Rhein, Gertraude"
54f38f76-e465-52fe-b734-fada5a23ebe0,tg:rubgr:2386,e73_Keywords,2,kenmerken.rubkeyword,"Londen, Victoria and Albert Museum"
54f38f76-e465-52fe-b734-fada5a23ebe0,tg:rubgr:2386,e73_Keywords,3,kenmerken.rubkeyword,"Londen, H. Terry-Engell Gallery"
ec6a0911-dbe6-5be9-ad2a-68531ffbf2d0,tg:rubgr:2396,e73_Keywords,1,kenmerken.rubkeyword,"Cleve, Marten van (I)"
ec6a0911-dbe6-5be9-ad2a-68531ffbf2d0,tg:rubgr:2396,e73_Keywords,2,kenmerken.rubkeyword,"Michau, Theobald"
ec6a0911-dbe6-5be9-ad2a-68531ffbf2d0,tg:rubgr:2396,e73_Keywords,3,kenmerken.rubkeyword,Richard Green
ec6a0911-dbe6-5be9-ad2a-68531ffbf2d0,tg:rubgr:2396,e73_Keywords,4,kenmerken.rubkeyword,"Saint-Germain-en-Laye, Musée Municipal"
8af96a7d-dbb6-5d8c-b5ca-d61f1279d7c3,tg:rubgr:2059,e73_Keywords,1,kenmerken.rubkeyword,"Philadelphia, Philadelphia Museum of Art"
bb26df9f-54d2-51bd-afce-9316c08c6e91,tg:rubgr:1333,e73_Keywords,1,kenmerken.rubkeyword,"Sotheby's, Londen"
a112c1f9-4daf-54bf-8ea7-7af2f895f229,tg:rubgr:2640,e73_Keywords,1,kenmerken.rubkeyword,"Cock, Matthijs"
d30c358a-9aab-5403-a810-1c7ec274a009,tg:rubgr:2650,e73_Keywords,1,kenmerken.rubkeyword,"Savery, Jacob (I)"
d30c358a-9aab-5403-a810-1c7ec274a009,tg:rubgr:2650,e73_Keywords,2,kenmerken.rubkeyword,toeschrijving
d30c358a-9aab-5403-a810-1c7ec274a009,tg:rubgr:2650,e73_Keywords,3,kenmerken.rubkeyword,"Münz, Ludwig"
d30c358a-9aab-5403-a810-1c7ec274a009,tg:rubgr:2650,e73_Keywords,4,kenmerken.rubkeyword,"Berlijn, Kupferstichkabinett"
d30c358a-9aab-5403-a810-1c7ec274a009,tg:rubgr:2650,e73_Keywords,5,kenmerken.rubkeyword,"Londen, Victoria and Albert Museum"
0cb1347d-9421-524a-ac51-f9ef52824e90,tg:rubgr:2526,e73_Keywords,1,kenmerken.rubkeyword,compositie
0cb1347d-9421-524a-ac51-f9ef52824e90,tg:rubgr:2526,e73_Keywords,2,kenmerken.rubkeyword,"Scharpé, Lodewijk"
0cb1347d-9421-524a-ac51-f9ef52824e90,tg:rubgr:2526,e73_Keywords,3,kenmerken.rubkeyword,"Bazel, Kunstmuseum Basel (Öffentliche Kunstsammlung)"
dd2893a2-9360-5982-b7b9-b91d64e15eb4,tg:rubgr:70,e73_Keywords,1,kenmerken.rubkeyword,"San Diego, The Putnam Foundation"
6785c56a-cdc0-5343-beb9-09959d5651a8,tg:rubgr:2311,e73_Keywords,1,kenmerken.rubkeyword,"Washington, National Gallery of Art"
5c925377-dc50-505b-bbe4-e7d501d35009,tg:rubgr:2301,e73_Keywords,1,kenmerken.rubkeyword,"Washington, National Gallery of Art"
e70c7306-8412-58aa-8bd7-db2c66f18832,tg:rubgr:751,e73_Keywords,1,kenmerken.rubkeyword,"Scorel, Jan van"
e70c7306-8412-58aa-8bd7-db2c66f18832,tg:rubgr:751,e73_Keywords,2,kenmerken.rubkeyword,"Esmeijer, A.C."
8b8be39a-e470-537f-b220-92a45eea442c,tg:rubgr:629,e73_Keywords,1,kenmerken.rubkeyword,"Banbury, Upton House, National Trust"
f7148c33-b41c-588e-9389-7bfcf722f3e8,tg:rubgr:4184,e73_Keywords,1,kenmerken.rubkeyword,"Bles, Herri met de"
4385a282-15f2-5400-88c0-ca2fa0d76a88,tg:rubgr:4965,e73_Keywords,1,kenmerken.rubkeyword,prentkunst
2d4b88db-7254-575e-b513-28fbf5484354,tg:rubgr:2509,e73_Keywords,1,kenmerken.rubkeyword,"Londen, Alfred Brod Gallery"
7020c844-259c-5cc4-a316-7993bdddccca,tg:rubgr:2224,e73_Keywords,1,kenmerken.rubkeyword,"Washington, National Gallery of Art"
78b2dbbf-9f13-504f-a27d-53c8b5267d77,tg:rubgr:2152,e73_Keywords,1,kenmerken.rubkeyword,"Haecht, Willem II van"
ef0ebb1f-7b18-52b1-8be2-5c70bbdc3c42,tg:rubgr:1228,e73_Keywords,1,kenmerken.rubkeyword,"Sibiu, Muzeul Brukenthal"
fdb624e3-d90e-5e11-8e35-f25d866e1532,tg:rubgr:3317,e73_Keywords,1,kenmerken.rubkeyword,"Brueghel, Pieter (III)"
5001e9ad-b31c-51a2-9dbd-7750882316e5,tg:rubgr:2058,e73_Keywords,1,kenmerken.rubkeyword,"Savery, Jacob (I)"
5001e9ad-b31c-51a2-9dbd-7750882316e5,tg:rubgr:2058,e73_Keywords,2,kenmerken.rubkeyword,"Parijs, Saint-Nicolas du Chardonnet"
0e271133-2775-51bb-b8c8-bf39ae7a85f1,tg:rubgr:1601,e73_Keywords,1,kenmerken.rubkeyword,tekenkunst
0e271133-2775-51bb-b8c8-bf39ae7a85f1,tg:rubgr:1601,e73_Keywords,2,kenmerken.rubkeyword,"Pauw, Charles de"
231da017-61e4-5f94-bdbc-4696482fca45,tg:rubgr:1185,e73_Keywords,1,kenmerken.rubkeyword,"Londen, H. Terry-Engell Gallery"
031756e2-6d4a-5915-b5db-a9235abdbddc,tg:rubgr:3388,e73_Keywords,1,kenmerken.rubkeyword,"Ripa, Cesare"
031756e2-6d4a-5915-b5db-a9235abdbddc,tg:rubgr:3388,e73_Keywords,2,kenmerken.rubkeyword,"Stridbeck, Carl Gustav"
6eb526a7-3a4e-5460-8230-d9b96ed1ec39,tg:rubgr:2682,e73_Keywords,1,kenmerken.rubkeyword,"Berlijn, Kupferstichkabinett"
779c81ca-ead6-50a3-9756-6dea7c0b3a30,tg:rubgr:3398,e73_Keywords,1,kenmerken.rubkeyword,"Clovio, Giulio"
779c81ca-ead6-50a3-9756-6dea7c0b3a30,tg:rubgr:3398,e73_Keywords,2,kenmerken.rubkeyword,"Den Haag, Museum Bredius"
779c81ca-ead6-50a3-9756-6dea7c0b3a30,tg:rubgr:3398,e73_Keywords,3,kenmerken.rubkeyword,New York Public Library
f76b6914-8bd7-5405-bf57-af80c1dabb98,tg:rubgr:226,e73_Keywords,1,kenmerken.rubkeyword,"Arbroath, Arbroath Public Library"
a3785722-e3a1-548f-b06d-78674a5a55d6,tg:rubgr:2308,e73_Keywords,1,kenmerken.rubkeyword,"Cock, Jan Wellens de"
a3785722-e3a1-548f-b06d-78674a5a55d6,tg:rubgr:2308,e73_Keywords,2,kenmerken.rubkeyword,"Clowes, George Henry Alexander"
a3785722-e3a1-548f-b06d-78674a5a55d6,tg:rubgr:2308,e73_Keywords,3,kenmerken.rubkeyword,"Indianapolis, Indianapolis Museum of Art"
a3785722-e3a1-548f-b06d-78674a5a55d6,tg:rubgr:2308,e73_Keywords,4,kenmerken.rubkeyword,"Washington, National Gallery of Art"
1ce3f284-d86f-56d5-a3ac-7153ed52ebc1,tg:rubgr:3331,e73_Keywords,1,kenmerken.rubkeyword,"Baellieur, Cornelis de (I)"
27f8d9cc-6b3c-5501-8b69-d65faef9ecfb,tg:rubgr:1314,e73_Keywords,1,kenmerken.rubkeyword,"Bisschop, Jan de"
dabf88e3-ea8f-5b95-a6f9-308aedd28788,tg:rubgr:2174,e73_Keywords,1,kenmerken.rubkeyword,kostuum
dabf88e3-ea8f-5b95-a6f9-308aedd28788,tg:rubgr:2174,e73_Keywords,2,kenmerken.rubkeyword,"Pulitzer, Henry F."
6cdf19b3-066b-5698-ab61-c22938999f31,tg:rubgr:2164,e73_Keywords,1,kenmerken.rubkeyword,"Vorsterman, Lucas I"
81c79e28-9b49-5b77-b2ef-2947701ec2c9,tg:rubgr:2659,e73_Keywords,1,kenmerken.rubkeyword,Meester van de Kleine landschappen
a1ecc2f9-3753-5ab4-a5e9-b2f2e734bee6,tg:rubgr:2649,e73_Keywords,1,kenmerken.rubkeyword,"Savery, Jacob (I)"
a1ecc2f9-3753-5ab4-a5e9-b2f2e734bee6,tg:rubgr:2649,e73_Keywords,2,kenmerken.rubkeyword,"Dyce, Alexander"
a1ecc2f9-3753-5ab4-a5e9-b2f2e734bee6,tg:rubgr:2649,e73_Keywords,3,kenmerken.rubkeyword,"Londen, Victoria and Albert Museum"
41797050-21d4-5bcf-baeb-3fd04f1fb882,tg:rubgr:3343,e73_Keywords,1,kenmerken.rubkeyword,"Valckenborch, Maerten van"
d1747915-90a9-50d5-80a9-b2ffd1e7f4c8,tg:rubgr:1645,e73_Keywords,1,kenmerken.rubkeyword,"Breughel, Pieter III"
d1747915-90a9-50d5-80a9-b2ffd1e7f4c8,tg:rubgr:1645,e73_Keywords,2,kenmerken.rubkeyword,"Pauw, Charles de"
e30b0447-8732-5fb7-99a0-2bebdc885e5b,tg:rubgr:2212,e73_Keywords,1,kenmerken.rubkeyword,"Clowes, George Henry Alexander"
684a8d6d-d8a3-5c8c-859b-d19808eb0663,tg:rubgr:2586,e73_Keywords,1,kenmerken.rubkeyword,"Cleve, Marten van (I)"
684a8d6d-d8a3-5c8c-859b-d19808eb0663,tg:rubgr:2586,e73_Keywords,2,kenmerken.rubkeyword,"San, Edouard de"
90d27da2-694b-5040-9044-15da4ab3cf81,tg:rubgr:1848,e73_Keywords,1,kenmerken.rubkeyword,"Greenwich, National Martime Museum [Londen]"
4ef3efa1-6a95-5846-9040-626b22161aea,tg:rubgr:2190,e73_Keywords,1,kenmerken.rubkeyword,"Brueghel, Pieter (III)"
e7e2ea61-d663-57e0-8c6a-c292d8678095,tg:rubgr:748,e73_Keywords,1,kenmerken.rubkeyword,"Bening, Alexander"
e7e2ea61-d663-57e0-8c6a-c292d8678095,tg:rubgr:748,e73_Keywords,2,kenmerken.rubkeyword,"Bening, Simon"
e7e2ea61-d663-57e0-8c6a-c292d8678095,tg:rubgr:748,e73_Keywords,3,kenmerken.rubkeyword,"Horenbout, Gerard"
e7e2ea61-d663-57e0-8c6a-c292d8678095,tg:rubgr:748,e73_Keywords,4,kenmerken.rubkeyword,"Parrot, André"
e7e2ea61-d663-57e0-8c6a-c292d8678095,tg:rubgr:748,e73_Keywords,5,kenmerken.rubkeyword,"Wescher, Paul"
e7e2ea61-d663-57e0-8c6a-c292d8678095,tg:rubgr:748,e73_Keywords,6,kenmerken.rubkeyword,"Winkler, Friedrich"
