ResourceID,brocade.id,card,order,Keeper,Object Number,Object Identifier,Record Type
9e45e323-ac08-5613-a52b-d4923ec9a28f,tg:rubgr:1130,AA,0,Rubenianum,tg:rubgr:1130,https://data.rubenianum.be//ark:/86530/9e45e323-ac08-5613-a52b-d4923ec9a28f,Foto's
41d4d044-8bd2-5b13-9e1c-68858e7f8a99,tg:rubgr:1048,AA,0,Rubenianum,tg:rubgr:1048,https://data.rubenianum.be//ark:/86530/41d4d044-8bd2-5b13-9e1c-68858e7f8a99,Foto's
16efc67f-124a-530c-b828-2d56a75d7263,tg:rubgr:2577,AA,0,Rubenianum,tg:rubgr:2577,https://data.rubenianum.be//ark:/86530/16efc67f-124a-530c-b828-2d56a75d7263,Foto's
1feb38a0-4184-57f3-92a5-449b8900a94d,tg:rubgr:2601,AA,0,Rubenianum,tg:rubgr:2601,https://data.rubenianum.be//ark:/86530/1feb38a0-4184-57f3-92a5-449b8900a94d,Foto's
c23be030-75eb-5731-8394-dc8f7b74e304,tg:rubgr:3436,AA,0,Rubenianum,tg:rubgr:3436,https://data.rubenianum.be//ark:/86530/c23be030-75eb-5731-8394-dc8f7b74e304,Foto's
68671868-8c15-5c97-a88d-451a6bd1a5a1,tg:rubgr:1397,AA,0,Rubenianum,tg:rubgr:1397,https://data.rubenianum.be//ark:/86530/68671868-8c15-5c97-a88d-451a6bd1a5a1,Foto's
41646104-061b-58e2-97c7-d75526d2557f,tg:rubgr:1387,AA,0,Rubenianum,tg:rubgr:1387,https://data.rubenianum.be//ark:/86530/41646104-061b-58e2-97c7-d75526d2557f,Foto's
41e38a9a-6f5e-5bf8-98c6-f32568556140,tg:rubgr:374,AA,0,Rubenianum,tg:rubgr:374,https://data.rubenianum.be//ark:/86530/41e38a9a-6f5e-5bf8-98c6-f32568556140,Foto's
403e04e0-99d1-5eb1-84f2-0fd960b6ad7c,tg:rubgr:2291,AA,0,Rubenianum,tg:rubgr:2291,https://data.rubenianum.be//ark:/86530/403e04e0-99d1-5eb1-84f2-0fd960b6ad7c,Foto's
f00d235c-0265-5059-9073-9090437b14e0,tg:rubgr:3585,AA,0,Rubenianum,tg:rubgr:3585,https://data.rubenianum.be//ark:/86530/f00d235c-0265-5059-9073-9090437b14e0,Foto's
3f4882e7-2156-50ad-a957-b12c1adb704d,tg:rubgr:2673,AA,0,Rubenianum,tg:rubgr:2673,https://data.rubenianum.be//ark:/86530/3f4882e7-2156-50ad-a957-b12c1adb704d,Foto's
1b56e8c9-f703-5ea8-89a7-522b24958aa5,tg:rubgr:2515,AA,0,Rubenianum,tg:rubgr:2515,https://data.rubenianum.be//ark:/86530/1b56e8c9-f703-5ea8-89a7-522b24958aa5,Foto's
76bcbd31-48ff-5795-a470-2bde7a197ac1,tg:rubgr:2505,AA,0,Rubenianum,tg:rubgr:2505,https://data.rubenianum.be//ark:/86530/76bcbd31-48ff-5795-a470-2bde7a197ac1,Foto's
b40a3314-d12e-5182-b572-f9b4c6a3b02e,tg:rubgr:53,AA,0,Rubenianum,tg:rubgr:53,https://data.rubenianum.be//ark:/86530/b40a3314-d12e-5182-b572-f9b4c6a3b02e,Foto's
d5ab01e5-834f-5d86-93ed-bd48d18a7b4a,tg:rubgr:2687,AA,0,Rubenianum,tg:rubgr:2687,https://data.rubenianum.be//ark:/86530/d5ab01e5-834f-5d86-93ed-bd48d18a7b4a,Foto's
d6e771e8-1e58-5e6d-9000-d239ea086b59,tg:rubgr:875,AA,0,Rubenianum,tg:rubgr:875,https://data.rubenianum.be//ark:/86530/d6e771e8-1e58-5e6d-9000-d239ea086b59,Foto's
debdb05c-6fcc-510f-af0e-baea07c2a750,tg:rubgr:3324,AA,0,Rubenianum,tg:rubgr:3324,https://data.rubenianum.be//ark:/86530/debdb05c-6fcc-510f-af0e-baea07c2a750,Foto's
8f9d4bdc-49dc-5899-a716-7a55e9a231b1,tg:rubgr:3334,AA,0,Rubenianum,tg:rubgr:3334,https://data.rubenianum.be//ark:/86530/8f9d4bdc-49dc-5899-a716-7a55e9a231b1,Foto's
61208dac-8a8e-5bd2-891b-c9dac4248092,tg:rubgr:1279,AA,0,Rubenianum,tg:rubgr:1279,https://data.rubenianum.be//ark:/86530/61208dac-8a8e-5bd2-891b-c9dac4248092,Foto's
5927e9c6-d540-5b52-a837-253e2c1c8c6f,tg:rubgr:3419,AA,0,Rubenianum,tg:rubgr:3419,https://data.rubenianum.be//ark:/86530/5927e9c6-d540-5b52-a837-253e2c1c8c6f,Foto's
ea58ae57-3beb-5687-a3c3-7dde4b31653c,tg:rubgr:2275,AA,0,Rubenianum,tg:rubgr:2275,https://data.rubenianum.be//ark:/86530/ea58ae57-3beb-5687-a3c3-7dde4b31653c,Foto's
3ac99a10-14b5-56e2-b1f0-b960ec33ed93,tg:rubgr:4641,AA,0,Rubenianum,tg:rubgr:4641,https://data.rubenianum.be//ark:/86530/3ac99a10-14b5-56e2-b1f0-b960ec33ed93,Foto's
c91fe4a8-0538-5f67-82d4-7531ea37ddf1,tg:rubgr:2430,AA,0,Rubenianum,tg:rubgr:2430,https://data.rubenianum.be//ark:/86530/c91fe4a8-0538-5f67-82d4-7531ea37ddf1,Foto's
741a0ead-6c6a-5bc8-ad4f-a0eddbf5e38d,tg:rubgr:2548,AA,0,Rubenianum,tg:rubgr:2548,https://data.rubenianum.be//ark:/86530/741a0ead-6c6a-5bc8-ad4f-a0eddbf5e38d,Foto's
5279b1d4-4dcf-5d91-8cb4-400c8d028da5,tg:rubgr:2420,AA,0,Rubenianum,tg:rubgr:2420,https://data.rubenianum.be//ark:/86530/5279b1d4-4dcf-5d91-8cb4-400c8d028da5,Foto's
80aa5f23-1c0e-5a47-b16f-5b6097f5c1f6,tg:rubgr:2161,AA,0,Rubenianum,tg:rubgr:2161,https://data.rubenianum.be//ark:/86530/80aa5f23-1c0e-5a47-b16f-5b6097f5c1f6,Foto's
b7769732-1102-575a-97b1-9f9e27c2732d,tg:rubgr:2171,AA,0,Rubenianum,tg:rubgr:2171,https://data.rubenianum.be//ark:/86530/b7769732-1102-575a-97b1-9f9e27c2732d,Foto's
ddc618c4-b2dc-5f55-a936-9783958df595,tg:rubgr:1363,AA,0,Rubenianum,tg:rubgr:1363,https://data.rubenianum.be//ark:/86530/ddc618c4-b2dc-5f55-a936-9783958df595,Foto's
c1fab97a-12c9-5836-9e2b-810db3ae52e3,tg:rubgr:2734,AA,0,Rubenianum,tg:rubgr:2734,https://data.rubenianum.be//ark:/86530/c1fab97a-12c9-5836-9e2b-810db3ae52e3,Foto's
07aed2ec-fdbe-5ba6-9a16-08d4e656671f,tg:rubgr:4310,AA,0,Rubenianum,tg:rubgr:4310,https://data.rubenianum.be//ark:/86530/07aed2ec-fdbe-5ba6-9a16-08d4e656671f,Foto's
7635182c-dce2-5c30-93c8-f6c26c604952,tg:rubgr:3287,AA,0,Rubenianum,tg:rubgr:3287,https://data.rubenianum.be//ark:/86530/7635182c-dce2-5c30-93c8-f6c26c604952,Foto's
1fa17693-cbd8-5182-93f6-14a1b39ad5f6,tg:rubgr:2298,AA,0,Rubenianum,tg:rubgr:2298,https://data.rubenianum.be//ark:/86530/1fa17693-cbd8-5182-93f6-14a1b39ad5f6,Foto's
70b41165-9e3b-5ff3-8df6-783b5b71d41a,tg:rubgr:2288,AA,0,Rubenianum,tg:rubgr:2288,https://data.rubenianum.be//ark:/86530/70b41165-9e3b-5ff3-8df6-783b5b71d41a,Foto's
89818d9d-a687-5d7c-9a41-de39006a0f4c,tg:rubgr:1284,AA,0,Rubenianum,tg:rubgr:1284,https://data.rubenianum.be//ark:/86530/89818d9d-a687-5d7c-9a41-de39006a0f4c,Foto's
379c31fe-8604-5592-b341-57c7d71fc6f1,tg:rubgr:754,AA,0,Rubenianum,tg:rubgr:754,https://data.rubenianum.be//ark:/86530/379c31fe-8604-5592-b341-57c7d71fc6f1,Foto's
ecb4b6e3-3ba8-5b84-b152-b4a5c0307cf1,tg:rubgr:2157,AA,0,Rubenianum,tg:rubgr:2157,https://data.rubenianum.be//ark:/86530/ecb4b6e3-3ba8-5b84-b152-b4a5c0307cf1,Foto's
1172f33e-384c-55d9-a9e5-a988d37053b5,tg:rubgr:4563,AA,0,Rubenianum,tg:rubgr:4563,https://data.rubenianum.be//ark:/86530/1172f33e-384c-55d9-a9e5-a988d37053b5,Foto's
2f093b34-3b2b-5cdc-a3c0-c35661f98bd2,tg:rubgr:3360,AA,0,Rubenianum,tg:rubgr:3360,https://data.rubenianum.be//ark:/86530/2f093b34-3b2b-5cdc-a3c0-c35661f98bd2,Foto's
95ab0658-9ace-56ec-9feb-cdf971f8c4f5,tg:rubgr:2359,AA,0,Rubenianum,tg:rubgr:2359,https://data.rubenianum.be//ark:/86530/95ab0658-9ace-56ec-9feb-cdf971f8c4f5,Foto's
199a3cf9-b051-5f83-9331-52970cab5dad,tg:rubgr:3302,AA,0,Rubenianum,tg:rubgr:3302,https://data.rubenianum.be//ark:/86530/199a3cf9-b051-5f83-9331-52970cab5dad,Foto's
582b1ab1-7c33-5f62-ae37-cce4d41cb24f,tg:rubgr:2618,AA,0,Rubenianum,tg:rubgr:2618,https://data.rubenianum.be//ark:/86530/582b1ab1-7c33-5f62-ae37-cce4d41cb24f,Foto's
5de2b479-2291-57ec-b131-20cc80c593ac,tg:rubgr:3557,AA,0,Rubenianum,tg:rubgr:3557,https://data.rubenianum.be//ark:/86530/5de2b479-2291-57ec-b131-20cc80c593ac,Foto's
82e77afb-293f-5e22-868f-cbde64e16366,tg:rubgr:1327,AA,0,Rubenianum,tg:rubgr:1327,https://data.rubenianum.be//ark:/86530/82e77afb-293f-5e22-868f-cbde64e16366,Foto's
72e1f7c5-e5ed-5f07-8319-f05a652dd555,tg:rubgr:2382,AA,0,Rubenianum,tg:rubgr:2382,https://data.rubenianum.be//ark:/86530/72e1f7c5-e5ed-5f07-8319-f05a652dd555,Foto's
77cc2bdd-4788-5c63-ba14-f60e706e9a76,tg:rubgr:3151,AA,0,Rubenianum,tg:rubgr:3151,https://data.rubenianum.be//ark:/86530/77cc2bdd-4788-5c63-ba14-f60e706e9a76,Foto's
e5687395-a8e7-5e3f-a011-a1079ebb8c9b,tg:rubgr:2523,AA,0,Rubenianum,tg:rubgr:2523,https://data.rubenianum.be//ark:/86530/e5687395-a8e7-5e3f-a011-a1079ebb8c9b,Foto's
8229ad8d-2663-5f87-921a-d8a4d779cba4,tg:rubgr:1649,AA,0,Rubenianum,tg:rubgr:1649,https://data.rubenianum.be//ark:/86530/8229ad8d-2663-5f87-921a-d8a4d779cba4,Foto's
1c79fab5-84da-5f36-b982-24f79a4e6dd9,tg:rubgr:2366,AA,0,Rubenianum,tg:rubgr:2366,https://data.rubenianum.be//ark:/86530/1c79fab5-84da-5f36-b982-24f79a4e6dd9,Foto's
3cd528e0-e703-5d3c-a02f-fc03bc237ce0,tg:rubgr:2376,AA,0,Rubenianum,tg:rubgr:2376,https://data.rubenianum.be//ark:/86530/3cd528e0-e703-5d3c-a02f-fc03bc237ce0,Foto's
4c314289-44b9-59b5-905b-3a3e104ba145,tg:rubgr:2655,AA,0,Rubenianum,tg:rubgr:2655,https://data.rubenianum.be//ark:/86530/4c314289-44b9-59b5-905b-3a3e104ba145,Foto's
5a3db888-9512-5944-bcc7-2a03a5f972bb,tg:rubgr:187,AA,0,Rubenianum,tg:rubgr:187,https://data.rubenianum.be//ark:/86530/5a3db888-9512-5944-bcc7-2a03a5f972bb,Foto's
16e1dee2-135a-5ea2-87e8-73755c94bfa9,tg:rubgr:2645,AA,0,Rubenianum,tg:rubgr:2645,https://data.rubenianum.be//ark:/86530/16e1dee2-135a-5ea2-87e8-73755c94bfa9,Foto's
bd2ee536-76cd-5968-a2eb-2f58722b3154,tg:rubgr:1596,AA,0,Rubenianum,tg:rubgr:1596,https://data.rubenianum.be//ark:/86530/bd2ee536-76cd-5968-a2eb-2f58722b3154,Foto's
e0749c78-ded1-5ac0-beca-1236f7d719b4,tg:rubgr:2637,AA,0,Rubenianum,tg:rubgr:2637,https://data.rubenianum.be//ark:/86530/e0749c78-ded1-5ac0-beca-1236f7d719b4,Foto's
98da2d0d-af1a-50e0-986a-541e1fece9ea,tg:rubgr:2627,AA,0,Rubenianum,tg:rubgr:2627,https://data.rubenianum.be//ark:/86530/98da2d0d-af1a-50e0-986a-541e1fece9ea,Foto's
d1baff79-f320-51b9-ba5b-ea42cf01bdd8,tg:rubgr:2062,AA,0,Rubenianum,tg:rubgr:2062,https://data.rubenianum.be//ark:/86530/d1baff79-f320-51b9-ba5b-ea42cf01bdd8,Foto's
7ff44e61-e01f-5e16-ba7f-dffec65b46ff,tg:rubgr:3400,AA,0,Rubenianum,tg:rubgr:3400,https://data.rubenianum.be//ark:/86530/7ff44e61-e01f-5e16-ba7f-dffec65b46ff,Foto's
d6bde60c-42af-5f47-ae24-a279b2d9bd9e,tg:rubgr:1260,AA,0,Rubenianum,tg:rubgr:1260,https://data.rubenianum.be//ark:/86530/d6bde60c-42af-5f47-ae24-a279b2d9bd9e,Foto's
d27ce0b6-1ca2-5b23-92d8-ad197022df0f,tg:rubgr:2072,AA,0,Rubenianum,tg:rubgr:2072,https://data.rubenianum.be//ark:/86530/d27ce0b6-1ca2-5b23-92d8-ad197022df0f,Foto's
3a9f1d7c-4091-5592-bf28-4c55e52eba26,tg:rubgr:1318,AA,0,Rubenianum,tg:rubgr:1318,https://data.rubenianum.be//ark:/86530/3a9f1d7c-4091-5592-bf28-4c55e52eba26,Foto's
2e8255db-80f3-551d-86a3-09dca678188a,tg:rubgr:2304,AA,0,Rubenianum,tg:rubgr:2304,https://data.rubenianum.be//ark:/86530/2e8255db-80f3-551d-86a3-09dca678188a,Foto's
0aa63493-e46a-5a31-83a6-a085c760ce5e,tg:rubgr:2314,AA,0,Rubenianum,tg:rubgr:2314,https://data.rubenianum.be//ark:/86530/0aa63493-e46a-5a31-83a6-a085c760ce5e,Foto's
69f08c39-b838-57b1-98b6-0d04ac59ebf9,tg:rubgr:2429,AA,0,Rubenianum,tg:rubgr:2429,https://data.rubenianum.be//ark:/86530/69f08c39-b838-57b1-98b6-0d04ac59ebf9,Foto's
ea4bb9a8-21ec-5430-8c46-be7bdb1a4630,tg:rubgr:1753,AA,0,Rubenianum,tg:rubgr:1753,https://data.rubenianum.be//ark:/86530/ea4bb9a8-21ec-5430-8c46-be7bdb1a4630,Foto's
eea910ee-ccf3-5b6f-8214-504278058042,tg:rubgr:283,AA,0,Rubenianum,tg:rubgr:283,https://data.rubenianum.be//ark:/86530/eea910ee-ccf3-5b6f-8214-504278058042,Foto's
f94f1b80-e964-5b7f-bc6e-dfeca8fd9573,tg:rubgr:958,AA,0,Rubenianum,tg:rubgr:958,https://data.rubenianum.be//ark:/86530/f94f1b80-e964-5b7f-bc6e-dfeca8fd9573,Foto's
b4c4b984-8752-5ac4-a6be-afbaaf29dcfa,tg:rubgr:2156,AA,0,Rubenianum,tg:rubgr:2156,https://data.rubenianum.be//ark:/86530/b4c4b984-8752-5ac4-a6be-afbaaf29dcfa,Foto's
a460f5bc-5af8-5916-846d-89494f7e7e3e,tg:rubgr:2348,AA,0,Rubenianum,tg:rubgr:2348,https://data.rubenianum.be//ark:/86530/a460f5bc-5af8-5916-846d-89494f7e7e3e,Foto's
5c9fae6f-2718-58ca-bcfe-c825f51fc4aa,tg:rubgr:3793,AA,0,Rubenianum,tg:rubgr:3793,https://data.rubenianum.be//ark:/86530/5c9fae6f-2718-58ca-bcfe-c825f51fc4aa,Foto's
33e6cb98-f088-5610-aa3a-346865cb1d69,tg:rubgr:2393,AA,0,Rubenianum,tg:rubgr:2393,https://data.rubenianum.be//ark:/86530/33e6cb98-f088-5610-aa3a-346865cb1d69,Foto's
0fc429d5-3926-59eb-b6fe-5aebd50a05be,tg:rubgr:2383,AA,0,Rubenianum,tg:rubgr:2383,https://data.rubenianum.be//ark:/86530/0fc429d5-3926-59eb-b6fe-5aebd50a05be,Foto's
2f740096-4fcd-5b8f-8fc5-6aa789509a1b,tg:rubgr:1326,AA,0,Rubenianum,tg:rubgr:1326,https://data.rubenianum.be//ark:/86530/2f740096-4fcd-5b8f-8fc5-6aa789509a1b,Foto's
1e3adc53-2c23-5f44-95a8-798d3e0f40c3,tg:rubgr:3313,AA,0,Rubenianum,tg:rubgr:3313,https://data.rubenianum.be//ark:/86530/1e3adc53-2c23-5f44-95a8-798d3e0f40c3,Foto's
a182423b-dd22-5922-9e27-cdf5dfcc7788,tg:rubgr:2619,AA,0,Rubenianum,tg:rubgr:2619,https://data.rubenianum.be//ark:/86530/a182423b-dd22-5922-9e27-cdf5dfcc7788,Foto's
ce9fd1d4-2d26-57ba-938a-87849f12372f,tg:rubgr:4692,AA,0,Rubenianum,tg:rubgr:4692,https://data.rubenianum.be//ark:/86530/ce9fd1d4-2d26-57ba-938a-87849f12372f,Foto's
2c84467b-8d5a-5f9b-9320-985992ccffd5,tg:rubgr:1789,AA,0,Rubenianum,tg:rubgr:1789,https://data.rubenianum.be//ark:/86530/2c84467b-8d5a-5f9b-9320-985992ccffd5,Foto's
ada0f3ea-52a4-5de6-bde5-910d69adf19e,tg:rubgr:2377,AA,0,Rubenianum,tg:rubgr:2377,https://data.rubenianum.be//ark:/86530/ada0f3ea-52a4-5de6-bde5-910d69adf19e,Foto's
9a58cc1f-600e-52f0-befa-3fa3a600d2b1,tg:rubgr:2367,AA,0,Rubenianum,tg:rubgr:2367,https://data.rubenianum.be//ark:/86530/9a58cc1f-600e-52f0-befa-3fa3a600d2b1,Foto's
64a6edb3-3a42-562c-98b2-4fbaf3dcddb7,tg:rubgr:2522,AA,0,Rubenianum,tg:rubgr:2522,https://data.rubenianum.be//ark:/86530/64a6edb3-3a42-562c-98b2-4fbaf3dcddb7,Foto's
24e99f58-7a24-5009-addf-a2286849e5b2,tg:rubgr:1648,AA,0,Rubenianum,tg:rubgr:1648,https://data.rubenianum.be//ark:/86530/24e99f58-7a24-5009-addf-a2286849e5b2,Foto's
cc85858b-fd77-58e1-b4dd-a3753b829db7,tg:rubgr:2644,AA,0,Rubenianum,tg:rubgr:2644,https://data.rubenianum.be//ark:/86530/cc85858b-fd77-58e1-b4dd-a3753b829db7,Foto's
3514c717-244d-55a9-a6a6-0d9d6922fd06,tg:rubgr:2654,AA,0,Rubenianum,tg:rubgr:2654,https://data.rubenianum.be//ark:/86530/3514c717-244d-55a9-a6a6-0d9d6922fd06,Foto's
493dcdaa-3c8c-5f54-9b9c-1668f0e0fb0a,tg:rubgr:2179,AA,0,Rubenianum,tg:rubgr:2179,https://data.rubenianum.be//ark:/86530/493dcdaa-3c8c-5f54-9b9c-1668f0e0fb0a,Foto's
c5201587-071f-54b0-8cfb-5dd9fa5163a3,tg:rubgr:3401,AA,0,Rubenianum,tg:rubgr:3401,https://data.rubenianum.be//ark:/86530/c5201587-071f-54b0-8cfb-5dd9fa5163a3,Foto's
8fc313da-4e7e-54de-b46f-de4ee7a9fd1e,tg:rubgr:1261,AA,0,Rubenianum,tg:rubgr:1261,https://data.rubenianum.be//ark:/86530/8fc313da-4e7e-54de-b46f-de4ee7a9fd1e,Foto's
fb224144-3e5f-5edb-ba90-a21e0a17a872,tg:rubgr:2063,AA,0,Rubenianum,tg:rubgr:2063,https://data.rubenianum.be//ark:/86530/fb224144-3e5f-5edb-ba90-a21e0a17a872,Foto's
c2e95891-d5fe-5e42-9bd9-2ab2f9d9c2b8,tg:rubgr:2626,AA,0,Rubenianum,tg:rubgr:2626,https://data.rubenianum.be//ark:/86530/c2e95891-d5fe-5e42-9bd9-2ab2f9d9c2b8,Foto's
a2dfb28e-bf9d-5953-9663-132085e84139,tg:rubgr:2438,AA,0,Rubenianum,tg:rubgr:2438,https://data.rubenianum.be//ark:/86530/a2dfb28e-bf9d-5953-9663-132085e84139,Foto's
09d39614-36b5-5378-b81b-f7ce4dd33d9e,tg:rubgr:2315,AA,0,Rubenianum,tg:rubgr:2315,https://data.rubenianum.be//ark:/86530/09d39614-36b5-5378-b81b-f7ce4dd33d9e,Foto's
219ef250-ab1b-5670-88f1-0fc80fe7438c,tg:rubgr:2305,AA,0,Rubenianum,tg:rubgr:2305,https://data.rubenianum.be//ark:/86530/219ef250-ab1b-5670-88f1-0fc80fe7438c,Foto's
3ae93005-502b-5adb-b644-d5a9c2f8cf08,tg:rubgr:1827,AA,0,Rubenianum,tg:rubgr:1827,https://data.rubenianum.be//ark:/86530/3ae93005-502b-5adb-b644-d5a9c2f8cf08,Foto's
2d87282f-cc45-5ed7-8873-2a64b5bf17b3,tg:rubgr:708,AA,0,Rubenianum,tg:rubgr:708,https://data.rubenianum.be//ark:/86530/2d87282f-cc45-5ed7-8873-2a64b5bf17b3,Foto's
7c69889f-3b5b-5ba3-8018-97ffc0244b6b,tg:rubgr:2194,AA,0,Rubenianum,tg:rubgr:2194,https://data.rubenianum.be//ark:/86530/7c69889f-3b5b-5ba3-8018-97ffc0244b6b,Foto's
b9f43f2b-27dd-50d8-b2e9-7b8d565bed3b,tg:rubgr:375,AA,0,Rubenianum,tg:rubgr:375,https://data.rubenianum.be//ark:/86530/b9f43f2b-27dd-50d8-b2e9-7b8d565bed3b,Foto's
5c211aea-0282-5bfd-b7ca-2eb8189a8b05,tg:rubgr:2576,AA,0,Rubenianum,tg:rubgr:2576,https://data.rubenianum.be//ark:/86530/5c211aea-0282-5bfd-b7ca-2eb8189a8b05,Foto's
95497ada-2a0e-51c4-a1e3-6bb082105e2b,tg:rubgr:2333,AA,0,Rubenianum,tg:rubgr:2333,https://data.rubenianum.be//ark:/86530/95497ada-2a0e-51c4-a1e3-6bb082105e2b,Foto's
4fb2b437-4544-5320-aefc-0b96d55d3601,tg:rubgr:797,AA,0,Rubenianum,tg:rubgr:797,https://data.rubenianum.be//ark:/86530/4fb2b437-4544-5320-aefc-0b96d55d3601,Foto's
35d9d58f-2f6d-5f20-b613-c3b51cc62175,tg:rubgr:2045,AA,0,Rubenianum,tg:rubgr:2045,https://data.rubenianum.be//ark:/86530/35d9d58f-2f6d-5f20-b613-c3b51cc62175,Foto's
27e537a0-9557-539f-aa38-caa24f7fbc8a,tg:rubgr:2600,AA,0,Rubenianum,tg:rubgr:2600,https://data.rubenianum.be//ark:/86530/27e537a0-9557-539f-aa38-caa24f7fbc8a,Foto's
a65350b8-2d01-5fcf-b573-6de093ad3851,tg:rubgr:2662,AA,0,Rubenianum,tg:rubgr:2662,https://data.rubenianum.be//ark:/86530/a65350b8-2d01-5fcf-b573-6de093ad3851,Foto's
cc246775-3079-55df-b07b-be4b37ef14ac,tg:rubgr:2672,AA,0,Rubenianum,tg:rubgr:2672,https://data.rubenianum.be//ark:/86530/cc246775-3079-55df-b07b-be4b37ef14ac,Foto's
8d3cf0d6-0b93-5d81-b4be-458585bdd21a,tg:rubgr:52,AA,0,Rubenianum,tg:rubgr:52,https://data.rubenianum.be//ark:/86530/8d3cf0d6-0b93-5d81-b4be-458585bdd21a,Foto's
c1b85e00-2ffd-548f-97d8-4ee8cd9ea41a,tg:rubgr:2504,AA,0,Rubenianum,tg:rubgr:2504,https://data.rubenianum.be//ark:/86530/c1b85e00-2ffd-548f-97d8-4ee8cd9ea41a,Foto's
758bee65-bbe9-5132-ac20-5aafae63f09a,tg:rubgr:2514,AA,0,Rubenianum,tg:rubgr:2514,https://data.rubenianum.be//ark:/86530/758bee65-bbe9-5132-ac20-5aafae63f09a,Foto's
437b3ab5-c7de-59c1-961f-55e0306ecb85,tg:rubgr:2280,AA,0,Rubenianum,tg:rubgr:2280,https://data.rubenianum.be//ark:/86530/437b3ab5-c7de-59c1-961f-55e0306ecb85,Foto's
07406529-3cbf-51d6-b811-14df16ebd749,tg:rubgr:4189,AA,0,Rubenianum,tg:rubgr:4189,https://data.rubenianum.be//ark:/86530/07406529-3cbf-51d6-b811-14df16ebd749,Foto's
6def5422-1061-5040-a3b8-5c4ebbbafbc7,tg:rubgr:2559,AA,0,Rubenianum,tg:rubgr:2559,https://data.rubenianum.be//ark:/86530/6def5422-1061-5040-a3b8-5c4ebbbafbc7,Foto's
4d7fe1c5-01ec-59ed-a087-5726bab1f73b,tg:rubgr:4015,AA,0,Rubenianum,tg:rubgr:4015,https://data.rubenianum.be//ark:/86530/4d7fe1c5-01ec-59ed-a087-5726bab1f73b,Foto's
09dc991c-d65d-550f-9478-0161270a8013,tg:rubgr:2498,AA,0,Rubenianum,tg:rubgr:2498,https://data.rubenianum.be//ark:/86530/09dc991c-d65d-550f-9478-0161270a8013,Foto's
094b1e6a-fb10-5f5b-9cfc-f1a1a512634b,tg:rubgr:232,AA,0,Rubenianum,tg:rubgr:232,https://data.rubenianum.be//ark:/86530/094b1e6a-fb10-5f5b-9cfc-f1a1a512634b,Foto's
a7642c59-ff93-588a-9729-84a045f10181,tg:rubgr:2686,AA,0,Rubenianum,tg:rubgr:2686,https://data.rubenianum.be//ark:/86530/a7642c59-ff93-588a-9729-84a045f10181,Foto's
ca24e4f9-8722-52f5-9f6c-c1eacf24300d,tg:rubgr:2696,AA,0,Rubenianum,tg:rubgr:2696,https://data.rubenianum.be//ark:/86530/ca24e4f9-8722-52f5-9f6c-c1eacf24300d,Foto's
469600e1-ea20-5d29-add9-986955571c9c,tg:rubgr:3286,AA,0,Rubenianum,tg:rubgr:3286,https://data.rubenianum.be//ark:/86530/469600e1-ea20-5d29-add9-986955571c9c,Foto's
a93f6492-5760-5bc5-9b30-cad5dab2ce34,tg:rubgr:1790,AA,0,Rubenianum,tg:rubgr:1790,https://data.rubenianum.be//ark:/86530/a93f6492-5760-5bc5-9b30-cad5dab2ce34,Foto's
125c8eed-aa1d-5ccc-bb67-e8a555cdc8b4,tg:rubgr:4632,AA,0,Rubenianum,tg:rubgr:4632,https://data.rubenianum.be//ark:/86530/125c8eed-aa1d-5ccc-bb67-e8a555cdc8b4,Foto's
11e77783-028f-5c86-8f00-ce05e3d90c16,tg:rubgr:3357,AA,0,Rubenianum,tg:rubgr:3357,https://data.rubenianum.be//ark:/86530/11e77783-028f-5c86-8f00-ce05e3d90c16,Foto's
47eda4f7-4393-5f50-8926-29052eb6a948,tg:rubgr:2735,AA,0,Rubenianum,tg:rubgr:2735,https://data.rubenianum.be//ark:/86530/47eda4f7-4393-5f50-8926-29052eb6a948,Foto's
fe892939-784f-56c4-8dbf-0c769c5ca7d5,tg:rubgr:1362,AA,0,Rubenianum,tg:rubgr:1362,https://data.rubenianum.be//ark:/86530/fe892939-784f-56c4-8dbf-0c769c5ca7d5,Foto's
f5d7706d-1885-5f3d-b018-62d6e4a1bbff,tg:rubgr:2160,AA,0,Rubenianum,tg:rubgr:2160,https://data.rubenianum.be//ark:/86530/f5d7706d-1885-5f3d-b018-62d6e4a1bbff,Foto's
1b9b93dd-3293-5a32-b84a-7d7bb75574c4,tg:rubgr:2381,AA,0,Rubenianum,tg:rubgr:2381,https://data.rubenianum.be//ark:/86530/1b9b93dd-3293-5a32-b84a-7d7bb75574c4,Foto's
62a18e27-4942-5e62-8349-628c609a730e,tg:rubgr:3301,AA,0,Rubenianum,tg:rubgr:3301,https://data.rubenianum.be//ark:/86530/62a18e27-4942-5e62-8349-628c609a730e,Foto's
4f2b5b6c-be18-5d28-afa9-d7ed9883d816,tg:rubgr:3279,AA,0,Rubenianum,tg:rubgr:3279,https://data.rubenianum.be//ark:/86530/4f2b5b6c-be18-5d28-afa9-d7ed9883d816,Foto's
ca38b0fa-c16e-511f-a489-5efbd547255c,tg:rubgr:1334,AA,0,Rubenianum,tg:rubgr:1334,https://data.rubenianum.be//ark:/86530/ca38b0fa-c16e-511f-a489-5efbd547255c,Foto's
099bdc25-6a29-5a27-a2a6-9f1c6eaf8cfe,tg:rubgr:1324,AA,0,Rubenianum,tg:rubgr:1324,https://data.rubenianum.be//ark:/86530/099bdc25-6a29-5a27-a2a6-9f1c6eaf8cfe,Foto's
ed50cbf0-3cd7-5b70-b567-3981214cf5a4,tg:rubgr:1052,AA,0,Rubenianum,tg:rubgr:1052,https://data.rubenianum.be//ark:/86530/ed50cbf0-3cd7-5b70-b567-3981214cf5a4,Foto's
38937fca-468d-5ca4-aa57-569520ea0c06,tg:rubgr:2415,AA,0,Rubenianum,tg:rubgr:2415,https://data.rubenianum.be//ark:/86530/38937fca-468d-5ca4-aa57-569520ea0c06,Foto's
64801985-58bf-5aee-a28b-cf1cc6b0015b,tg:rubgr:2467,AA,0,Rubenianum,tg:rubgr:2467,https://data.rubenianum.be//ark:/86530/64801985-58bf-5aee-a28b-cf1cc6b0015b,Foto's
1025d649-2e10-5fdd-9ec1-416c23957123,tg:rubgr:49,AA,0,Rubenianum,tg:rubgr:49,https://data.rubenianum.be//ark:/86530/1025d649-2e10-5fdd-9ec1-416c23957123,Foto's
1c673a0f-cf90-534d-9a0f-9ce0acc1098e,tg:rubgr:2222,AA,0,Rubenianum,tg:rubgr:2222,https://data.rubenianum.be//ark:/86530/1c673a0f-cf90-534d-9a0f-9ce0acc1098e,Foto's
c975d680-fd4e-5a3f-bd11-4980b875bb40,tg:rubgr:1148,AA,0,Rubenianum,tg:rubgr:1148,https://data.rubenianum.be//ark:/86530/c975d680-fd4e-5a3f-bd11-4980b875bb40,Foto's
4e29a38d-14bf-5e25-b911-447e6ef1f898,tg:rubgr:2154,AA,0,Rubenianum,tg:rubgr:2154,https://data.rubenianum.be//ark:/86530/4e29a38d-14bf-5e25-b911-447e6ef1f898,Foto's
feda592c-e655-520c-89f0-32eb1140bd1e,tg:rubgr:2669,AA,0,Rubenianum,tg:rubgr:2669,https://data.rubenianum.be//ark:/86530/feda592c-e655-520c-89f0-32eb1140bd1e,Foto's
bb12196f-e08a-5608-a307-d418ada105d0,tg:rubgr:2679,AA,0,Rubenianum,tg:rubgr:2679,https://data.rubenianum.be//ark:/86530/bb12196f-e08a-5608-a307-d418ada105d0,Foto's
c9636db2-836e-5e54-a156-a6b2b909ac97,tg:rubgr:2085,AA,0,Rubenianum,tg:rubgr:2085,https://data.rubenianum.be//ark:/86530/c9636db2-836e-5e54-a156-a6b2b909ac97,Foto's
dbda26c2-c6ed-5f8e-98bf-d7a3763db587,tg:rubgr:2307,AA,0,Rubenianum,tg:rubgr:2307,https://data.rubenianum.be//ark:/86530/dbda26c2-c6ed-5f8e-98bf-d7a3763db587,Foto's
99bfa22e-3078-53b7-81cf-9a1742817766,tg:rubgr:2317,AA,0,Rubenianum,tg:rubgr:2317,https://data.rubenianum.be//ark:/86530/99bfa22e-3078-53b7-81cf-9a1742817766,Foto's
c4481e03-e121-5164-8d59-4641604bd7b1,tg:rubgr:1740,AA,0,Rubenianum,tg:rubgr:1740,https://data.rubenianum.be//ark:/86530/c4481e03-e121-5164-8d59-4641604bd7b1,Foto's
df6a787c-57ee-58df-a924-55dc4d23b577,tg:rubgr:1750,AA,0,Rubenianum,tg:rubgr:1750,https://data.rubenianum.be//ark:/86530/df6a787c-57ee-58df-a924-55dc4d23b577,Foto's
21307d07-41c5-58e9-8c44-e6521dacf068,tg:rubgr:229,AA,0,Rubenianum,tg:rubgr:229,https://data.rubenianum.be//ark:/86530/21307d07-41c5-58e9-8c44-e6521dacf068,Foto's
5ff16fdf-ffce-5892-949d-a8d8431ec4bf,tg:rubgr:2646,AA,0,Rubenianum,tg:rubgr:2646,https://data.rubenianum.be//ark:/86530/5ff16fdf-ffce-5892-949d-a8d8431ec4bf,Foto's
d2369d68-31ea-5a6c-bbe3-d2ae4093c2cf,tg:rubgr:184,AA,0,Rubenianum,tg:rubgr:184,https://data.rubenianum.be//ark:/86530/d2369d68-31ea-5a6c-bbe3-d2ae4093c2cf,Foto's
245a391c-8e42-5d2a-a333-6f48ee5cd7b1,tg:rubgr:2448,AA,0,Rubenianum,tg:rubgr:2448,https://data.rubenianum.be//ark:/86530/245a391c-8e42-5d2a-a333-6f48ee5cd7b1,Foto's
68c96a1d-6e16-55f9-b38e-aa29a07ff7dd,tg:rubgr:2375,AA,0,Rubenianum,tg:rubgr:2375,https://data.rubenianum.be//ark:/86530/68c96a1d-6e16-55f9-b38e-aa29a07ff7dd,Foto's
29c016e9-efc2-57fd-ab98-790534d47785,tg:rubgr:2516,AA,0,Rubenianum,tg:rubgr:2516,https://data.rubenianum.be//ark:/86530/29c016e9-efc2-57fd-ab98-790534d47785,Foto's
97db6a02-e601-56dc-bfe5-33ba27f7dc6b,tg:rubgr:2343,AA,0,Rubenianum,tg:rubgr:2343,https://data.rubenianum.be//ark:/86530/97db6a02-e601-56dc-bfe5-33ba27f7dc6b,Foto's
1d54a40d-564e-5a89-b529-c729588c4e25,tg:rubgr:50,AA,0,Rubenianum,tg:rubgr:50,https://data.rubenianum.be//ark:/86530/1d54a40d-564e-5a89-b529-c729588c4e25,Foto's
165eea60-18b3-5c25-9ac8-5ee92f296341,tg:rubgr:2670,AA,0,Rubenianum,tg:rubgr:2670,https://data.rubenianum.be//ark:/86530/165eea60-18b3-5c25-9ac8-5ee92f296341,Foto's
f715bcfd-faf9-5f78-9baa-551d4a990414,tg:rubgr:953,AA,0,Rubenianum,tg:rubgr:953,https://data.rubenianum.be//ark:/86530/f715bcfd-faf9-5f78-9baa-551d4a990414,Foto's
ca06bcaf-7ff5-59f3-95fd-bfd14fc5b30a,tg:rubgr:2660,AA,0,Rubenianum,tg:rubgr:2660,https://data.rubenianum.be//ark:/86530/ca06bcaf-7ff5-59f3-95fd-bfd14fc5b30a,Foto's
f4c69118-e74c-5256-bed2-367146e90726,tg:rubgr:2388,AA,0,Rubenianum,tg:rubgr:2388,https://data.rubenianum.be//ark:/86530/f4c69118-e74c-5256-bed2-367146e90726,Foto's
7ad9e225-a8f2-5c48-a589-d217c7fe1728,tg:rubgr:179,AA,0,Rubenianum,tg:rubgr:179,https://data.rubenianum.be//ark:/86530/7ad9e225-a8f2-5c48-a589-d217c7fe1728,Foto's
e337cb00-4f66-5db2-95ea-05f0be605760,tg:rubgr:3318,AA,0,Rubenianum,tg:rubgr:3318,https://data.rubenianum.be//ark:/86530/e337cb00-4f66-5db2-95ea-05f0be605760,Foto's
863aabd4-f8c6-567d-a5d9-83cbec975446,tg:rubgr:2602,AA,0,Rubenianum,tg:rubgr:2602,https://data.rubenianum.be//ark:/86530/863aabd4-f8c6-567d-a5d9-83cbec975446,Foto's
48731a8d-1e50-5236-bc84-073f677a5ed3,tg:rubgr:3435,AA,0,Rubenianum,tg:rubgr:3435,https://data.rubenianum.be//ark:/86530/48731a8d-1e50-5236-bc84-073f677a5ed3,Foto's
17df95ea-3ea5-5993-93c2-63791700ba7b,tg:rubgr:2057,AA,0,Rubenianum,tg:rubgr:2057,https://data.rubenianum.be//ark:/86530/17df95ea-3ea5-5993-93c2-63791700ba7b,Foto's
be34e0a0-c71d-540f-93a2-08cf7251017d,tg:rubgr:2574,AA,0,Rubenianum,tg:rubgr:2574,https://data.rubenianum.be//ark:/86530/be34e0a0-c71d-540f-93a2-08cf7251017d,Foto's
4d1308ff-b544-5f1d-853a-da576b18f3f4,tg:rubgr:3294,AA,0,Rubenianum,tg:rubgr:3294,https://data.rubenianum.be//ark:/86530/4d1308ff-b544-5f1d-853a-da576b18f3f4,Foto's
a3d0786b-8434-5181-9a27-523cb9c6cf5e,tg:rubgr:2737,AA,0,Rubenianum,tg:rubgr:2737,https://data.rubenianum.be//ark:/86530/a3d0786b-8434-5181-9a27-523cb9c6cf5e,Foto's
9062094e-5990-5fee-816b-245b955feea4,tg:rubgr:2539,AA,0,Rubenianum,tg:rubgr:2539,https://data.rubenianum.be//ark:/86530/9062094e-5990-5fee-816b-245b955feea4,Foto's
a92134b5-0ae2-5049-83e8-8a59785c8357,tg:rubgr:2433,AA,0,Rubenianum,tg:rubgr:2433,https://data.rubenianum.be//ark:/86530/a92134b5-0ae2-5049-83e8-8a59785c8357,Foto's
ee0a449c-9680-5486-971e-2a9bcb4bfb85,tg:rubgr:1749,AA,0,Rubenianum,tg:rubgr:1749,https://data.rubenianum.be//ark:/86530/ee0a449c-9680-5486-971e-2a9bcb4bfb85,Foto's
7b452e3d-81b9-5daf-80bf-7c7f9d4c5d71,tg:rubgr:3327,AA,0,Rubenianum,tg:rubgr:3327,https://data.rubenianum.be//ark:/86530/7b452e3d-81b9-5daf-80bf-7c7f9d4c5d71,Foto's
85daac65-0bdc-5c07-9bb9-8ebb1d060295,tg:rubgr:866,AA,0,Rubenianum,tg:rubgr:866,https://data.rubenianum.be//ark:/86530/85daac65-0bdc-5c07-9bb9-8ebb1d060295,Foto's
cdb0317d-4784-5bf7-87b7-bd542e50c9a6,tg:rubgr:2684,AA,0,Rubenianum,tg:rubgr:2684,https://data.rubenianum.be//ark:/86530/cdb0317d-4784-5bf7-87b7-bd542e50c9a6,Foto's
b5d0cd83-4d3e-5187-88a0-0be47fffc829,tg:rubgr:1944,AA,0,Rubenianum,tg:rubgr:1944,https://data.rubenianum.be//ark:/86530/b5d0cd83-4d3e-5187-88a0-0be47fffc829,Foto's
36323ad6-183f-5a12-aa3f-27c2e756c9eb,tg:rubgr:1698,AA,0,Rubenianum,tg:rubgr:1698,https://data.rubenianum.be//ark:/86530/36323ad6-183f-5a12-aa3f-27c2e756c9eb,Foto's
df189aed-1b3e-5489-af24-97b5737459de,tg:rubgr:348,AA,0,Rubenianum,tg:rubgr:348,https://data.rubenianum.be//ark:/86530/df189aed-1b3e-5489-af24-97b5737459de,Foto's
29b31f8d-19f8-552b-a7b1-02a44fff02ef,tg:rubgr:883,AA,0,Rubenianum,tg:rubgr:883,https://data.rubenianum.be//ark:/86530/29b31f8d-19f8-552b-a7b1-02a44fff02ef,Foto's
5365a24f-38cc-5bfd-9384-47f5c2b2fa18,tg:rubgr:2293,AA,0,Rubenianum,tg:rubgr:2293,https://data.rubenianum.be//ark:/86530/5365a24f-38cc-5bfd-9384-47f5c2b2fa18,Foto's
5bf668b5-1a06-5aa5-9d10-de174b9361ca,tg:rubgr:541,AA,0,Rubenianum,tg:rubgr:541,https://data.rubenianum.be//ark:/86530/5bf668b5-1a06-5aa5-9d10-de174b9361ca,Foto's
9950af38-4752-5899-a524-e94e8ad9da60,tg:rubgr:1150,AA,0,Rubenianum,tg:rubgr:1150,https://data.rubenianum.be//ark:/86530/9950af38-4752-5899-a524-e94e8ad9da60,Foto's
a4dc60eb-db7a-5a7f-b527-e969ebae5dcc,tg:rubgr:51,AA,0,Rubenianum,tg:rubgr:51,https://data.rubenianum.be//ark:/86530/a4dc60eb-db7a-5a7f-b527-e969ebae5dcc,Foto's
4a0da24b-0d38-583d-934a-c055c1f6a81a,tg:rubgr:2507,AA,0,Rubenianum,tg:rubgr:2507,https://data.rubenianum.be//ark:/86530/4a0da24b-0d38-583d-934a-c055c1f6a81a,Foto's
794754da-f682-5c8d-8e54-9406ff9f4960,tg:rubgr:2517,AA,0,Rubenianum,tg:rubgr:2517,https://data.rubenianum.be//ark:/86530/794754da-f682-5c8d-8e54-9406ff9f4960,Foto's
dcbad928-101a-59f3-9f8a-fdf938ec956e,tg:rubgr:3434,AA,0,Rubenianum,tg:rubgr:3434,https://data.rubenianum.be//ark:/86530/dcbad928-101a-59f3-9f8a-fdf938ec956e,Foto's
62306a51-dc2b-5969-965d-ab46c042aa02,tg:rubgr:3319,AA,0,Rubenianum,tg:rubgr:3319,https://data.rubenianum.be//ark:/86530/62306a51-dc2b-5969-965d-ab46c042aa02,Foto's
967c56e4-b5b4-567f-b8f6-43f34b509496,tg:rubgr:2565,AA,0,Rubenianum,tg:rubgr:2565,https://data.rubenianum.be//ark:/86530/967c56e4-b5b4-567f-b8f6-43f34b509496,Foto's
931e776c-4cde-5a59-8092-a24eb9b837bb,tg:rubgr:1395,AA,0,Rubenianum,tg:rubgr:1395,https://data.rubenianum.be//ark:/86530/931e776c-4cde-5a59-8092-a24eb9b837bb,Foto's
5e870437-2b4f-5210-9f62-15f973644d99,tg:rubgr:3354,AA,0,Rubenianum,tg:rubgr:3354,https://data.rubenianum.be//ark:/86530/5e870437-2b4f-5210-9f62-15f973644d99,Foto's
9e196bb0-7f75-5a56-a23b-051cb2a474b6,tg:rubgr:2736,AA,0,Rubenianum,tg:rubgr:2736,https://data.rubenianum.be//ark:/86530/9e196bb0-7f75-5a56-a23b-051cb2a474b6,Foto's
37f80899-baf5-5b1e-80d3-2f2bf8342061,tg:rubgr:3344,AA,0,Rubenianum,tg:rubgr:3344,https://data.rubenianum.be//ark:/86530/37f80899-baf5-5b1e-80d3-2f2bf8342061,Foto's
dc763e5a-6bcf-593f-aa9a-48b1fa36f32e,tg:rubgr:1524,AA,0,Rubenianum,tg:rubgr:1524,https://data.rubenianum.be//ark:/86530/dc763e5a-6bcf-593f-aa9a-48b1fa36f32e,Foto's
769d3016-0e59-5908-b305-fcdf90883f8e,tg:rubgr:2538,AA,0,Rubenianum,tg:rubgr:2538,https://data.rubenianum.be//ark:/86530/769d3016-0e59-5908-b305-fcdf90883f8e,Foto's
e2fe71b3-161b-597d-b4ce-109f4361fc12,tg:rubgr:2528,AA,0,Rubenianum,tg:rubgr:2528,https://data.rubenianum.be//ark:/86530/e2fe71b3-161b-597d-b4ce-109f4361fc12,Foto's
1501a300-821b-57ba-ba5d-ee388f1ad578,tg:rubgr:2685,AA,0,Rubenianum,tg:rubgr:2685,https://data.rubenianum.be//ark:/86530/1501a300-821b-57ba-ba5d-ee388f1ad578,Foto's
d4663e4d-39e5-56a2-8e09-5a62000a7877,tg:rubgr:2695,AA,0,Rubenianum,tg:rubgr:2695,https://data.rubenianum.be//ark:/86530/d4663e4d-39e5-56a2-8e09-5a62000a7877,Foto's
fcb9061a-6de6-5007-9932-c937b7042d63,tg:rubgr:231,AA,0,Rubenianum,tg:rubgr:231,https://data.rubenianum.be//ark:/86530/fcb9061a-6de6-5007-9932-c937b7042d63,Foto's
9930ba41-eedf-586f-b895-260dcd4b0f41,tg:rubgr:349,AA,0,Rubenianum,tg:rubgr:349,https://data.rubenianum.be//ark:/86530/9930ba41-eedf-586f-b895-260dcd4b0f41,Foto's
f839be95-3ed3-55c9-a1b0-b97395b17845,tg:rubgr:1699,AA,0,Rubenianum,tg:rubgr:1699,https://data.rubenianum.be//ark:/86530/f839be95-3ed3-55c9-a1b0-b97395b17845,Foto's
a2348c10-9923-5dfd-9f2c-7aa3c0fe6f0a,tg:rubgr:1945,AA,0,Rubenianum,tg:rubgr:1945,https://data.rubenianum.be//ark:/86530/a2348c10-9923-5dfd-9f2c-7aa3c0fe6f0a,Foto's
22292a2d-27b0-529f-8b30-7cbcb86d78ea,tg:rubgr:2432,AA,0,Rubenianum,tg:rubgr:2432,https://data.rubenianum.be//ark:/86530/22292a2d-27b0-529f-8b30-7cbcb86d78ea,Foto's
b67d38dc-75ba-567b-92ff-a3cdf6de74c4,tg:rubgr:1884,AA,0,Rubenianum,tg:rubgr:1884,https://data.rubenianum.be//ark:/86530/b67d38dc-75ba-567b-92ff-a3cdf6de74c4,Foto's
2194ea8b-0a85-503f-9eee-e9972556acda,tg:rubgr:1546,AA,0,Rubenianum,tg:rubgr:1546,https://data.rubenianum.be//ark:/86530/2194ea8b-0a85-503f-9eee-e9972556acda,Foto's
443d95f3-e455-5e8a-8463-56421a30fb26,tg:rubgr:3326,AA,0,Rubenianum,tg:rubgr:3326,https://data.rubenianum.be//ark:/86530/443d95f3-e455-5e8a-8463-56421a30fb26,Foto's
25996cb6-c4b1-5e53-a16c-92e827a3020d,tg:rubgr:3310,AA,0,Rubenianum,tg:rubgr:3310,https://data.rubenianum.be//ark:/86530/25996cb6-c4b1-5e53-a16c-92e827a3020d,Foto's
2846af04-26e3-5315-9499-1707e7dc7abc,tg:rubgr:3278,AA,0,Rubenianum,tg:rubgr:3278,https://data.rubenianum.be//ark:/86530/2846af04-26e3-5315-9499-1707e7dc7abc,Foto's
9111ea72-c472-5aff-ab8b-e28e527f50a3,tg:rubgr:3300,AA,0,Rubenianum,tg:rubgr:3300,https://data.rubenianum.be//ark:/86530/9111ea72-c472-5aff-ab8b-e28e527f50a3,Foto's
e1cd69d2-8276-5776-98ce-5fdeb3d84629,tg:rubgr:2251,AA,0,Rubenianum,tg:rubgr:2251,https://data.rubenianum.be//ark:/86530/e1cd69d2-8276-5776-98ce-5fdeb3d84629,Foto's
a88518c4-e145-5ce7-892c-68b6bca6cbed,tg:rubgr:1182,AA,0,Rubenianum,tg:rubgr:1182,https://data.rubenianum.be//ark:/86530/a88518c4-e145-5ce7-892c-68b6bca6cbed,Foto's
1b592d00-21b3-5f2c-960a-602561c351d0,tg:rubgr:2084,AA,0,Rubenianum,tg:rubgr:2084,https://data.rubenianum.be//ark:/86530/1b592d00-21b3-5f2c-960a-602561c351d0,Foto's
657f2127-fea9-580a-ab96-f6470961edd2,tg:rubgr:1901,AA,0,Rubenianum,tg:rubgr:1901,https://data.rubenianum.be//ark:/86530/657f2127-fea9-580a-ab96-f6470961edd2,Foto's
7b747166-e6dc-54ae-8bb5-3d846ae8688e,tg:rubgr:2668,AA,0,Rubenianum,tg:rubgr:2668,https://data.rubenianum.be//ark:/86530/7b747166-e6dc-54ae-8bb5-3d846ae8688e,Foto's
cb4ed68f-9a06-56a3-9ae4-a0a500ee34d0,tg:rubgr:2155,AA,0,Rubenianum,tg:rubgr:2155,https://data.rubenianum.be//ark:/86530/cb4ed68f-9a06-56a3-9ae4-a0a500ee34d0,Foto's
15f27be2-61cb-5ba6-a8de-95777fd32235,tg:rubgr:3396,AA,0,Rubenianum,tg:rubgr:3396,https://data.rubenianum.be//ark:/86530/15f27be2-61cb-5ba6-a8de-95777fd32235,Foto's
9fc1d188-72df-5958-b80e-55017f50575c,tg:rubgr:3386,AA,0,Rubenianum,tg:rubgr:3386,https://data.rubenianum.be//ark:/86530/9fc1d188-72df-5958-b80e-55017f50575c,Foto's
1c09a48b-507d-58e6-9466-6cd5c0d36557,tg:rubgr:228,AA,0,Rubenianum,tg:rubgr:228,https://data.rubenianum.be//ark:/86530/1c09a48b-507d-58e6-9466-6cd5c0d36557,Foto's
b6387191-2593-55bb-bf10-ea1950f589ee,tg:rubgr:350,AA,0,Rubenianum,tg:rubgr:350,https://data.rubenianum.be//ark:/86530/b6387191-2593-55bb-bf10-ea1950f589ee,Foto's
4105d536-5663-5d9f-a8c1-42e7bfd880e4,tg:rubgr:1751,AA,0,Rubenianum,tg:rubgr:1751,https://data.rubenianum.be//ark:/86530/4105d536-5663-5d9f-a8c1-42e7bfd880e4,Foto's
ab3430f9-2422-52ca-a718-eb3c7f591e25,tg:rubgr:2316,AA,0,Rubenianum,tg:rubgr:2316,https://data.rubenianum.be//ark:/86530/ab3430f9-2422-52ca-a718-eb3c7f591e25,Foto's
2fb1321d-d223-5774-b87d-b7e11754b904,tg:rubgr:2306,AA,0,Rubenianum,tg:rubgr:2306,https://data.rubenianum.be//ark:/86530/2fb1321d-d223-5774-b87d-b7e11754b904,Foto's
2dbd966d-6a33-5ca1-8f03-5e064659fc13,tg:rubgr:3402,AA,0,Rubenianum,tg:rubgr:3402,https://data.rubenianum.be//ark:/86530/2dbd966d-6a33-5ca1-8f03-5e064659fc13,Foto's
07ce82de-1427-522a-9104-eb4115abce36,tg:rubgr:2060,AA,0,Rubenianum,tg:rubgr:2060,https://data.rubenianum.be//ark:/86530/07ce82de-1427-522a-9104-eb4115abce36,Foto's
18a729da-e127-5283-8e39-9dc52038d8b3,tg:rubgr:185,AA,0,Rubenianum,tg:rubgr:185,https://data.rubenianum.be//ark:/86530/18a729da-e127-5283-8e39-9dc52038d8b3,Foto's
13ed4e87-4215-5c52-a594-fd7ede674dbd,tg:rubgr:964,AA,0,Rubenianum,tg:rubgr:964,https://data.rubenianum.be//ark:/86530/13ed4e87-4215-5c52-a594-fd7ede674dbd,Foto's
7a5f8eb1-e26d-5c42-97d4-096386b4f9e1,tg:rubgr:2647,AA,0,Rubenianum,tg:rubgr:2647,https://data.rubenianum.be//ark:/86530/7a5f8eb1-e26d-5c42-97d4-096386b4f9e1,Foto's
b01077d6-c6f9-5398-b093-b5cee6dca1bb,tg:rubgr:2657,AA,0,Rubenianum,tg:rubgr:2657,https://data.rubenianum.be//ark:/86530/b01077d6-c6f9-5398-b093-b5cee6dca1bb,Foto's
c2e997a1-7449-5a06-b469-dc1892089fbd,tg:rubgr:2374,AA,0,Rubenianum,tg:rubgr:2374,https://data.rubenianum.be//ark:/86530/c2e997a1-7449-5a06-b469-dc1892089fbd,Foto's
2d12f68e-49c7-5d45-b8c0-8204faace167,tg:rubgr:4115,AA,0,Rubenianum,tg:rubgr:4115,https://data.rubenianum.be//ark:/86530/2d12f68e-49c7-5d45-b8c0-8204faace167,Foto's
f29442b7-1841-5b95-bb48-04c1796d4f76,tg:rubgr:2598,AA,0,Rubenianum,tg:rubgr:2598,https://data.rubenianum.be//ark:/86530/f29442b7-1841-5b95-bb48-04c1796d4f76,Foto's
2ca4f09a-199b-52fc-813d-6b117f4a0983,tg:rubgr:2075,AA,0,Rubenianum,tg:rubgr:2075,https://data.rubenianum.be//ark:/86530/2ca4f09a-199b-52fc-813d-6b117f4a0983,Foto's
57c043f4-c832-5d28-86ec-235996aafc3f,tg:rubgr:2630,AA,0,Rubenianum,tg:rubgr:2630,https://data.rubenianum.be//ark:/86530/57c043f4-c832-5d28-86ec-235996aafc3f,Foto's
4659792a-d6dc-5139-9966-52dd544c13a3,tg:rubgr:2620,AA,0,Rubenianum,tg:rubgr:2620,https://data.rubenianum.be//ark:/86530/4659792a-d6dc-5139-9966-52dd544c13a3,Foto's
57a1a325-4bb7-58fe-9aee-d918ae2cb244,tg:rubgr:1754,AA,0,Rubenianum,tg:rubgr:1754,https://data.rubenianum.be//ark:/86530/57a1a325-4bb7-58fe-9aee-d918ae2cb244,Foto's
9e4d6ca9-2fd3-5a18-9b86-619ef451100c,tg:rubgr:2303,AA,0,Rubenianum,tg:rubgr:2303,https://data.rubenianum.be//ark:/86530/9e4d6ca9-2fd3-5a18-9b86-619ef451100c,Foto's
a2779e04-0243-54fa-9465-d1ae7c590111,tg:rubgr:2313,AA,0,Rubenianum,tg:rubgr:2313,https://data.rubenianum.be//ark:/86530/a2779e04-0243-54fa-9465-d1ae7c590111,Foto's
9bf2387e-4aa1-5d5b-9f20-fb5632d1a1ff,tg:rubgr:2361,AA,0,Rubenianum,tg:rubgr:2361,https://data.rubenianum.be//ark:/86530/9bf2387e-4aa1-5d5b-9f20-fb5632d1a1ff,Foto's
30acfdb2-4804-56d9-809f-a459dda17c88,tg:rubgr:3358,AA,0,Rubenianum,tg:rubgr:3358,https://data.rubenianum.be//ark:/86530/30acfdb2-4804-56d9-809f-a459dda17c88,Foto's
ff824a8e-6eb1-53ee-bf5c-9ca5114c653f,tg:rubgr:180,AA,0,Rubenianum,tg:rubgr:180,https://data.rubenianum.be//ark:/86530/ff824a8e-6eb1-53ee-bf5c-9ca5114c653f,Foto's
78ebc03a-4dc4-5bb2-bd54-75d1e5bf94d3,tg:rubgr:819,AA,0,Rubenianum,tg:rubgr:819,https://data.rubenianum.be//ark:/86530/78ebc03a-4dc4-5bb2-bd54-75d1e5bf94d3,Foto's
a272b967-497b-5153-a79c-805956095ef4,tg:rubgr:2642,AA,0,Rubenianum,tg:rubgr:2642,https://data.rubenianum.be//ark:/86530/a272b967-497b-5153-a79c-805956095ef4,Foto's
672a26ad-e222-5aeb-9387-8e08a3c4f87e,tg:rubgr:3087,AA,0,Rubenianum,tg:rubgr:3087,https://data.rubenianum.be//ark:/86530/672a26ad-e222-5aeb-9387-8e08a3c4f87e,Foto's
5e3da9a4-b604-5bf1-ad1f-26c25b6fb953,tg:rubgr:2411,AA,0,Rubenianum,tg:rubgr:2411,https://data.rubenianum.be//ark:/86530/5e3da9a4-b604-5bf1-ad1f-26c25b6fb953,Foto's
97af1d09-fbb7-5c75-8de1-d3c5976d1574,tg:rubgr:586,AA,0,Rubenianum,tg:rubgr:586,https://data.rubenianum.be//ark:/86530/97af1d09-fbb7-5c75-8de1-d3c5976d1574,Foto's
9f27c1ad-1ab1-54f9-8d28-1801a3ed6afe,tg:rubgr:1320,AA,0,Rubenianum,tg:rubgr:1320,https://data.rubenianum.be//ark:/86530/9f27c1ad-1ab1-54f9-8d28-1801a3ed6afe,Foto's
8312a301-68fb-58c1-ad18-57e8eb3e3408,tg:rubgr:3315,AA,0,Rubenianum,tg:rubgr:3315,https://data.rubenianum.be//ark:/86530/8312a301-68fb-58c1-ad18-57e8eb3e3408,Foto's
708ed429-392e-5eca-8a18-65eae43c07fe,tg:rubgr:1399,AA,0,Rubenianum,tg:rubgr:1399,https://data.rubenianum.be//ark:/86530/708ed429-392e-5eca-8a18-65eae43c07fe,Foto's
22671933-0ed5-578a-87c8-7988aeed42f8,tg:rubgr:174,AA,0,Rubenianum,tg:rubgr:174,https://data.rubenianum.be//ark:/86530/22671933-0ed5-578a-87c8-7988aeed42f8,Foto's
6300799f-4fe7-56c4-b237-7dba90752b38,tg:rubgr:2385,AA,0,Rubenianum,tg:rubgr:2385,https://data.rubenianum.be//ark:/86530/6300799f-4fe7-56c4-b237-7dba90752b38,Foto's
60024bf2-04c6-5cdd-b9cf-8c7f68bbcb60,tg:rubgr:2395,AA,0,Rubenianum,tg:rubgr:2395,https://data.rubenianum.be//ark:/86530/60024bf2-04c6-5cdd-b9cf-8c7f68bbcb60,Foto's
338e189f-50c6-5ac9-8e2b-8ebc8f16d49c,tg:rubgr:753,AA,0,Rubenianum,tg:rubgr:753,https://data.rubenianum.be//ark:/86530/338e189f-50c6-5ac9-8e2b-8ebc8f16d49c,Foto's
57a86521-224c-565c-a6d3-a170094b045d,tg:rubgr:1283,AA,0,Rubenianum,tg:rubgr:1283,https://data.rubenianum.be//ark:/86530/57a86521-224c-565c-a6d3-a170094b045d,Foto's
890cc5a1-f622-5a31-a1ce-66dcb4c58276,tg:rubgr:4574,AA,0,Rubenianum,tg:rubgr:4574,https://data.rubenianum.be//ark:/86530/890cc5a1-f622-5a31-a1ce-66dcb4c58276,Foto's
9e371504-c02c-5d27-8a8c-41ee890baee6,tg:rubgr:2150,AA,0,Rubenianum,tg:rubgr:2150,https://data.rubenianum.be//ark:/86530/9e371504-c02c-5d27-8a8c-41ee890baee6,Foto's
c4e4d9cb-f698-5d91-a7d9-3ac9b9c863b8,tg:rubgr:2378,AA,0,Rubenianum,tg:rubgr:2378,https://data.rubenianum.be//ark:/86530/c4e4d9cb-f698-5d91-a7d9-3ac9b9c863b8,Foto's
22ebc023-6a5f-553b-858a-87caac427453,tg:rubgr:2368,AA,0,Rubenianum,tg:rubgr:2368,https://data.rubenianum.be//ark:/86530/22ebc023-6a5f-553b-858a-87caac427453,Foto's
2da92245-dd1c-50a4-9895-6f9116343b76,tg:rubgr:1647,AA,0,Rubenianum,tg:rubgr:1647,https://data.rubenianum.be//ark:/86530/2da92245-dd1c-50a4-9895-6f9116343b76,Foto's
23b4c1d3-4e3e-5a71-b189-6b026e45c57b,tg:rubgr:2166,AA,0,Rubenianum,tg:rubgr:2166,https://data.rubenianum.be//ark:/86530/23b4c1d3-4e3e-5a71-b189-6b026e45c57b,Foto's
6e38af89-47d9-5a7a-8730-98d552436b7f,tg:rubgr:3280,AA,0,Rubenianum,tg:rubgr:3280,https://data.rubenianum.be//ark:/86530/6e38af89-47d9-5a7a-8730-98d552436b7f,Foto's
f7e0d038-cf36-5891-84a8-0baab4d226ce,tg:rubgr:3290,AA,0,Rubenianum,tg:rubgr:3290,https://data.rubenianum.be//ark:/86530/f7e0d038-cf36-5891-84a8-0baab4d226ce,Foto's
b2a78232-f076-568a-8911-fd18013dd2ec,tg:rubgr:1828,AA,0,Rubenianum,tg:rubgr:1828,https://data.rubenianum.be//ark:/86530/b2a78232-f076-568a-8911-fd18013dd2ec,Foto's
31c8eee5-d8d9-5bbe-b4df-9b6b073f0838,tg:rubgr:4787,AA,0,Rubenianum,tg:rubgr:4787,https://data.rubenianum.be//ark:/86530/31c8eee5-d8d9-5bbe-b4df-9b6b073f0838,Foto's
9816adf3-e28f-5e46-abc5-8b289a27d0f8,tg:rubgr:2680,AA,0,Rubenianum,tg:rubgr:2680,https://data.rubenianum.be//ark:/86530/9816adf3-e28f-5e46-abc5-8b289a27d0f8,Foto's
810e529c-4cfb-5f36-9b0e-339276216d32,tg:rubgr:1316,AA,0,Rubenianum,tg:rubgr:1316,https://data.rubenianum.be//ark:/86530/810e529c-4cfb-5f36-9b0e-339276216d32,Foto's
cf765b28-434f-5d98-a5ca-77e79da1f3ab,tg:rubgr:3323,AA,0,Rubenianum,tg:rubgr:3323,https://data.rubenianum.be//ark:/86530/cf765b28-434f-5d98-a5ca-77e79da1f3ab,Foto's
282c2ac7-eb0a-5378-9852-b706fa79a949,tg:rubgr:862,AA,0,Rubenianum,tg:rubgr:862,https://data.rubenianum.be//ark:/86530/282c2ac7-eb0a-5378-9852-b706fa79a949,Foto's
cc83445a-a746-51a2-b2ed-63b339892afd,tg:rubgr:3333,AA,0,Rubenianum,tg:rubgr:3333,https://data.rubenianum.be//ark:/86530/cc83445a-a746-51a2-b2ed-63b339892afd,Foto's
2c82a38a-2e94-5098-8bec-506dfaff7ee7,tg:rubgr:2639,AA,0,Rubenianum,tg:rubgr:2639,https://data.rubenianum.be//ark:/86530/2c82a38a-2e94-5098-8bec-506dfaff7ee7,Foto's
043475a8-e637-52ef-904f-63521481bc6f,tg:rubgr:2262,AA,0,Rubenianum,tg:rubgr:2262,https://data.rubenianum.be//ark:/86530/043475a8-e637-52ef-904f-63521481bc6f,Foto's
8209c1a5-db31-533a-90fa-9f837c86d73c,tg:rubgr:2664,AA,0,Rubenianum,tg:rubgr:2664,https://data.rubenianum.be//ark:/86530/8209c1a5-db31-533a-90fa-9f837c86d73c,Foto's
3a44b4df-d5bc-559f-bc79-e99a2b007397,tg:rubgr:485,AA,0,Rubenianum,tg:rubgr:485,https://data.rubenianum.be//ark:/86530/3a44b4df-d5bc-559f-bc79-e99a2b007397,Foto's
b81ff850-c2f8-5cbd-8d2c-057c07f55b82,tg:rubgr:2347,AA,0,Rubenianum,tg:rubgr:2347,https://data.rubenianum.be//ark:/86530/b81ff850-c2f8-5cbd-8d2c-057c07f55b82,Foto's
d965a64b-85ab-5e78-b762-4c221c978b56,tg:rubgr:54,AA,0,Rubenianum,tg:rubgr:54,https://data.rubenianum.be//ark:/86530/d965a64b-85ab-5e78-b762-4c221c978b56,Foto's
cca55489-660a-57fa-ab79-fd9c70fb15c3,tg:rubgr:5301,AA,0,Rubenianum,tg:rubgr:5301,https://data.rubenianum.be//ark:/86530/cca55489-660a-57fa-ab79-fd9c70fb15c3,Foto's
ed1e30ad-59b9-5cfb-95f5-23f4dd5f4315,tg:rubgr:2357,AA,0,Rubenianum,tg:rubgr:2357,https://data.rubenianum.be//ark:/86530/ed1e30ad-59b9-5cfb-95f5-23f4dd5f4315,Foto's
c07a1761-9c77-55e4-b3f9-2546f4dba166,tg:rubgr:2418,AA,0,Rubenianum,tg:rubgr:2418,https://data.rubenianum.be//ark:/86530/c07a1761-9c77-55e4-b3f9-2546f4dba166,Foto's
762d5ed7-9411-53ca-b6cc-4494f89af8c9,tg:rubgr:3274,AA,0,Rubenianum,tg:rubgr:3274,https://data.rubenianum.be//ark:/86530/762d5ed7-9411-53ca-b6cc-4494f89af8c9,Foto's
b963cdcb-14cc-57c6-985f-0cbb35844701,tg:rubgr:2606,AA,0,Rubenianum,tg:rubgr:2606,https://data.rubenianum.be//ark:/86530/b963cdcb-14cc-57c6-985f-0cbb35844701,Foto's
248fd077-40fa-5978-a103-71d6b813317d,tg:rubgr:2192,AA,0,Rubenianum,tg:rubgr:2192,https://data.rubenianum.be//ark:/86530/248fd077-40fa-5978-a103-71d6b813317d,Foto's
a5dac4e4-aea8-52c3-8997-955a9b400e0e,tg:rubgr:3281,AA,0,Rubenianum,tg:rubgr:3281,https://data.rubenianum.be//ark:/86530/a5dac4e4-aea8-52c3-8997-955a9b400e0e,Foto's
14859b3f-1d1a-587d-b1c8-84dfa9030e4a,tg:rubgr:2585,AA,0,Rubenianum,tg:rubgr:2585,https://data.rubenianum.be//ark:/86530/14859b3f-1d1a-587d-b1c8-84dfa9030e4a,Foto's
922f50c6-f2a7-5ba4-aa80-6fc860aafa64,tg:rubgr:1646,AA,0,Rubenianum,tg:rubgr:1646,https://data.rubenianum.be//ark:/86530/922f50c6-f2a7-5ba4-aa80-6fc860aafa64,Foto's
5afc837f-a5c1-5b17-ac31-23f7889419f5,tg:rubgr:2201,AA,0,Rubenianum,tg:rubgr:2201,https://data.rubenianum.be//ark:/86530/5afc837f-a5c1-5b17-ac31-23f7889419f5,Foto's
449468cf-8bb0-5fb9-8d6c-c0f46d0b9883,tg:rubgr:2167,AA,0,Rubenianum,tg:rubgr:2167,https://data.rubenianum.be//ark:/86530/449468cf-8bb0-5fb9-8d6c-c0f46d0b9883,Foto's
a6129116-cc96-5326-abdb-57eff3ec2259,tg:rubgr:3340,AA,0,Rubenianum,tg:rubgr:3340,https://data.rubenianum.be//ark:/86530/a6129116-cc96-5326-abdb-57eff3ec2259,Foto's
ec285ce3-28af-52dd-b8ed-2288c8889793,tg:rubgr:811,AA,0,Rubenianum,tg:rubgr:811,https://data.rubenianum.be//ark:/86530/ec285ce3-28af-52dd-b8ed-2288c8889793,Foto's
3ee7ddc9-3651-574c-b5fc-0e83bd3d3e0c,tg:rubgr:2638,AA,0,Rubenianum,tg:rubgr:2638,https://data.rubenianum.be//ark:/86530/3ee7ddc9-3651-574c-b5fc-0e83bd3d3e0c,Foto's
1d630d35-bd40-5ed3-bd36-32198ce841af,tg:rubgr:3332,AA,0,Rubenianum,tg:rubgr:3332,https://data.rubenianum.be//ark:/86530/1d630d35-bd40-5ed3-bd36-32198ce841af,Foto's
aeafb595-d273-5e7c-9a22-2acc1f5841ef,tg:rubgr:3322,AA,0,Rubenianum,tg:rubgr:3322,https://data.rubenianum.be//ark:/86530/aeafb595-d273-5e7c-9a22-2acc1f5841ef,Foto's
8434075d-07c1-5f2c-9477-94eca1f4ea0c,tg:rubgr:1890,AA,0,Rubenianum,tg:rubgr:1890,https://data.rubenianum.be//ark:/86530/8434075d-07c1-5f2c-9477-94eca1f4ea0c,Foto's
25c5020e-dfec-5c26-a5be-30666d904a1c,tg:rubgr:2263,AA,0,Rubenianum,tg:rubgr:2263,https://data.rubenianum.be//ark:/86530/25c5020e-dfec-5c26-a5be-30666d904a1c,Foto's
a4ddacc9-3fa0-50c8-84c8-9ad12f5a01d2,tg:rubgr:2436,AA,0,Rubenianum,tg:rubgr:2436,https://data.rubenianum.be//ark:/86530/a4ddacc9-3fa0-50c8-84c8-9ad12f5a01d2,Foto's
0d9b6087-0a9e-519e-9db4-78c093e1a3fd,tg:rubgr:1951,AA,0,Rubenianum,tg:rubgr:1951,https://data.rubenianum.be//ark:/86530/0d9b6087-0a9e-519e-9db4-78c093e1a3fd,Foto's
cdeb7067-b99f-5a09-92d6-17d2fdf373a9,tg:rubgr:235,AA,0,Rubenianum,tg:rubgr:235,https://data.rubenianum.be//ark:/86530/cdeb7067-b99f-5a09-92d6-17d2fdf373a9,Foto's
d815b894-e683-5bad-a312-8ead8c5b48ea,tg:rubgr:2681,AA,0,Rubenianum,tg:rubgr:2681,https://data.rubenianum.be//ark:/86530/d815b894-e683-5bad-a312-8ead8c5b48ea,Foto's
07f81063-b1b9-591c-ad48-a00b75eff13d,tg:rubgr:1222,AA,0,Rubenianum,tg:rubgr:1222,https://data.rubenianum.be//ark:/86530/07f81063-b1b9-591c-ad48-a00b75eff13d,Foto's
13ab5829-c40a-5ec3-8ed3-86320ba5f147,tg:rubgr:2513,AA,0,Rubenianum,tg:rubgr:2513,https://data.rubenianum.be//ark:/86530/13ab5829-c40a-5ec3-8ed3-86320ba5f147,Foto's
01c8e252-0dd6-595d-bf6d-27747e0a3e2f,tg:rubgr:2356,AA,0,Rubenianum,tg:rubgr:2356,https://data.rubenianum.be//ark:/86530/01c8e252-0dd6-595d-bf6d-27747e0a3e2f,Foto's
eeca19a5-c28c-50f1-84dd-48e03620d129,tg:rubgr:55,AA,0,Rubenianum,tg:rubgr:55,https://data.rubenianum.be//ark:/86530/eeca19a5-c28c-50f1-84dd-48e03620d129,Foto's
3af3fc64-23ee-553b-a791-3890b9053df3,tg:rubgr:1154,AA,0,Rubenianum,tg:rubgr:1154,https://data.rubenianum.be//ark:/86530/3af3fc64-23ee-553b-a791-3890b9053df3,Foto's
15b73281-6d16-57c0-b1a1-0bcb4cf7b49a,tg:rubgr:2287,AA,0,Rubenianum,tg:rubgr:2287,https://data.rubenianum.be//ark:/86530/15b73281-6d16-57c0-b1a1-0bcb4cf7b49a,Foto's
acd147e9-2051-5b99-a0b3-099b9b5c84ac,tg:rubgr:2193,AA,0,Rubenianum,tg:rubgr:2193,https://data.rubenianum.be//ark:/86530/acd147e9-2051-5b99-a0b3-099b9b5c84ac,Foto's
5b4191e2-42f7-5ec0-8687-1d47b5e88dd2,tg:rubgr:2183,AA,0,Rubenianum,tg:rubgr:2183,https://data.rubenianum.be//ark:/86530/5b4191e2-42f7-5ec0-8687-1d47b5e88dd2,Foto's
839cf30f-e509-5f0b-b1ea-09c80794debd,tg:rubgr:2617,AA,0,Rubenianum,tg:rubgr:2617,https://data.rubenianum.be//ark:/86530/839cf30f-e509-5f0b-b1ea-09c80794debd,Foto's
18b22811-c899-53cf-84a8-682e187de832,tg:rubgr:3430,AA,0,Rubenianum,tg:rubgr:3430,https://data.rubenianum.be//ark:/86530/18b22811-c899-53cf-84a8-682e187de832,Foto's
1662eee3-6a37-51f7-9d1c-3c626d046a41,tg:rubgr:1250,AA,0,Rubenianum,tg:rubgr:1250,https://data.rubenianum.be//ark:/86530/1662eee3-6a37-51f7-9d1c-3c626d046a41,Foto's
b41619e2-542f-54ae-8c07-e343aa17f7ca,tg:rubgr:4476,AA,0,Rubenianum,tg:rubgr:4476,https://data.rubenianum.be//ark:/86530/b41619e2-542f-54ae-8c07-e343aa17f7ca,Foto's
be85159d-96f7-5363-bfeb-ca4c7384cab4,tg:rubgr:2621,AA,0,Rubenianum,tg:rubgr:2621,https://data.rubenianum.be//ark:/86530/be85159d-96f7-5363-bfeb-ca4c7384cab4,Foto's
7b9fdd0a-3dcb-5096-82e2-36589bac8e16,tg:rubgr:3406,AA,0,Rubenianum,tg:rubgr:3406,https://data.rubenianum.be//ark:/86530/7b9fdd0a-3dcb-5096-82e2-36589bac8e16,Foto's
909dd6c9-4c09-518a-8b4d-df59722e1f8e,tg:rubgr:2312,AA,0,Rubenianum,tg:rubgr:2312,https://data.rubenianum.be//ark:/86530/909dd6c9-4c09-518a-8b4d-df59722e1f8e,Foto's
a8498d0e-f9bc-50a1-972c-9b235413c959,tg:rubgr:2302,AA,0,Rubenianum,tg:rubgr:2302,https://data.rubenianum.be//ark:/86530/a8498d0e-f9bc-50a1-972c-9b235413c959,Foto's
d7b4392a-9999-5d7a-b1c6-51d7ca60c42d,tg:rubgr:1889,AA,0,Rubenianum,tg:rubgr:1889,https://data.rubenianum.be//ark:/86530/d7b4392a-9999-5d7a-b1c6-51d7ca60c42d,Foto's
3284df85-3d3e-525e-824d-3b5458cfdc71,tg:rubgr:285,AA,0,Rubenianum,tg:rubgr:285,https://data.rubenianum.be//ark:/86530/3284df85-3d3e-525e-824d-3b5458cfdc71,Foto's
569486e9-f421-5c70-b873-6923405a270b,tg:rubgr:1694,AA,0,Rubenianum,tg:rubgr:1694,https://data.rubenianum.be//ark:/86530/569486e9-f421-5c70-b873-6923405a270b,Foto's
c190da6f-c557-5b54-a9af-690240693b2c,tg:rubgr:667,AA,0,Rubenianum,tg:rubgr:667,https://data.rubenianum.be//ark:/86530/c190da6f-c557-5b54-a9af-690240693b2c,Foto's
2e0aba10-626a-5412-972d-93ca453f818f,tg:rubgr:3298,AA,0,Rubenianum,tg:rubgr:3298,https://data.rubenianum.be//ark:/86530/2e0aba10-626a-5412-972d-93ca453f818f,Foto's
809f802b-2ec0-591d-ab1b-3b078cdec14b,tg:rubgr:3086,AA,0,Rubenianum,tg:rubgr:3086,https://data.rubenianum.be//ark:/86530/809f802b-2ec0-591d-ab1b-3b078cdec14b,Foto's
d5915b48-c8ee-5597-95c8-1f5d00d2d371,tg:rubgr:1852,AA,0,Rubenianum,tg:rubgr:1852,https://data.rubenianum.be//ark:/86530/d5915b48-c8ee-5597-95c8-1f5d00d2d371,Foto's
664bf011-d18f-5436-a928-be74b5427ede,tg:rubgr:2360,AA,0,Rubenianum,tg:rubgr:2360,https://data.rubenianum.be//ark:/86530/664bf011-d18f-5436-a928-be74b5427ede,Foto's
bf0080a3-19d7-5d04-a2e0-761bbc229834,tg:rubgr:2643,AA,0,Rubenianum,tg:rubgr:2643,https://data.rubenianum.be//ark:/86530/bf0080a3-19d7-5d04-a2e0-761bbc229834,Foto's
cf465dec-4dd5-5e28-bd54-34d0c63c6789,tg:rubgr:181,AA,0,Rubenianum,tg:rubgr:181,https://data.rubenianum.be//ark:/86530/cf465dec-4dd5-5e28-bd54-34d0c63c6789,Foto's
a67eeaca-82bb-5ae3-8855-410ea6c5b4d7,tg:rubgr:2653,AA,0,Rubenianum,tg:rubgr:2653,https://data.rubenianum.be//ark:/86530/a67eeaca-82bb-5ae3-8855-410ea6c5b4d7,Foto's
5112f1eb-17f5-5ee8-8479-6540e8a76e95,tg:rubgr:3359,AA,0,Rubenianum,tg:rubgr:3359,https://data.rubenianum.be//ark:/86530/5112f1eb-17f5-5ee8-8479-6540e8a76e95,Foto's
c651bea7-e6c7-5a5f-b2f3-c4df55e6f3cc,tg:rubgr:1398,AA,0,Rubenianum,tg:rubgr:1398,https://data.rubenianum.be//ark:/86530/c651bea7-e6c7-5a5f-b2f3-c4df55e6f3cc,Foto's
3730dbde-aca7-51a7-9219-9e74cba34c7c,tg:rubgr:2384,AA,0,Rubenianum,tg:rubgr:2384,https://data.rubenianum.be//ark:/86530/3730dbde-aca7-51a7-9219-9e74cba34c7c,Foto's
baf2ad8d-1419-58c4-8346-df539430454e,tg:rubgr:4661,AA,0,Rubenianum,tg:rubgr:4661,https://data.rubenianum.be//ark:/86530/baf2ad8d-1419-58c4-8346-df539430454e,Foto's
769cbdf6-e68b-5a4e-91c7-318804797c9b,tg:rubgr:597,AA,0,Rubenianum,tg:rubgr:597,https://data.rubenianum.be//ark:/86530/769cbdf6-e68b-5a4e-91c7-318804797c9b,Foto's
ee1c0d14-5963-56a2-aa18-5febed47009d,tg:rubgr:2255,AA,0,Rubenianum,tg:rubgr:2255,https://data.rubenianum.be//ark:/86530/ee1c0d14-5963-56a2-aa18-5febed47009d,Foto's
374bb3ec-6a61-5553-8270-7226c00d8809,tg:rubgr:3314,AA,0,Rubenianum,tg:rubgr:3314,https://data.rubenianum.be//ark:/86530/374bb3ec-6a61-5553-8270-7226c00d8809,Foto's
0dd33f22-6022-54eb-b09e-eaa4186c4846,tg:rubgr:1321,AA,0,Rubenianum,tg:rubgr:1321,https://data.rubenianum.be//ark:/86530/0dd33f22-6022-54eb-b09e-eaa4186c4846,Foto's
ae4978cc-71c3-5ffc-a4ec-e1cf00a7f403,tg:rubgr:3523,AA,0,Rubenianum,tg:rubgr:3523,https://data.rubenianum.be//ark:/86530/ae4978cc-71c3-5ffc-a4ec-e1cf00a7f403,Foto's
865dad8b-53d3-5f68-929c-9321e4733174,tg:rubgr:2151,AA,0,Rubenianum,tg:rubgr:2151,https://data.rubenianum.be//ark:/86530/865dad8b-53d3-5f68-929c-9321e4733174,Foto's
e47c3249-7620-578a-a233-18d69d472267,tg:rubgr:2472,AA,0,Rubenianum,tg:rubgr:2472,https://data.rubenianum.be//ark:/86530/e47c3249-7620-578a-a233-18d69d472267,Foto's
75cb7d52-2f7e-54d0-bfb9-bdab1bd82664,tg:rubgr:3848,AA,0,Rubenianum,tg:rubgr:3848,https://data.rubenianum.be//ark:/86530/75cb7d52-2f7e-54d0-bfb9-bdab1bd82664,Foto's
85442c1e-b453-5a1d-a2f2-0706d61b5df0,tg:rubgr:752,AA,0,Rubenianum,tg:rubgr:752,https://data.rubenianum.be//ark:/86530/85442c1e-b453-5a1d-a2f2-0706d61b5df0,Foto's
8be6eeaf-3303-52a4-8d36-e8da68b0f3fc,tg:rubgr:2261,AA,0,Rubenianum,tg:rubgr:2261,https://data.rubenianum.be//ark:/86530/8be6eeaf-3303-52a4-8d36-e8da68b0f3fc,Foto's
86962bd8-0a87-5cec-91fc-9da48b075bdd,tg:rubgr:2309,AA,0,Rubenianum,tg:rubgr:2309,https://data.rubenianum.be//ark:/86530/86962bd8-0a87-5cec-91fc-9da48b075bdd,Foto's
2febb1fc-d862-5bb0-a421-5e76a03529e0,tg:rubgr:1315,AA,0,Rubenianum,tg:rubgr:1315,https://data.rubenianum.be//ark:/86530/2febb1fc-d862-5bb0-a421-5e76a03529e0,Foto's
86cb796b-3143-5d0e-b3cb-757c582d3f5e,tg:rubgr:3320,AA,0,Rubenianum,tg:rubgr:3320,https://data.rubenianum.be//ark:/86530/86cb796b-3143-5d0e-b3cb-757c582d3f5e,Foto's
9b74ed7c-f590-58fb-b5df-1583dd0b6621,tg:rubgr:3330,AA,0,Rubenianum,tg:rubgr:3330,https://data.rubenianum.be//ark:/86530/9b74ed7c-f590-58fb-b5df-1583dd0b6621,Foto's
25670f58-663b-5f6e-b935-745f0eb7cb13,tg:rubgr:2693,AA,0,Rubenianum,tg:rubgr:2693,https://data.rubenianum.be//ark:/86530/25670f58-663b-5f6e-b935-745f0eb7cb13,Foto's
d2061bea-c16f-54f3-a9a4-656f8ebd38cd,tg:rubgr:2683,AA,0,Rubenianum,tg:rubgr:2683,https://data.rubenianum.be//ark:/86530/d2061bea-c16f-54f3-a9a4-656f8ebd38cd,Foto's
df3facf0-800b-5a3f-8bf2-d13da174eef7,tg:rubgr:3389,AA,0,Rubenianum,tg:rubgr:3389,https://data.rubenianum.be//ark:/86530/df3facf0-800b-5a3f-8bf2-d13da174eef7,Foto's
3ec16a80-779f-55b1-ab75-b67ae04188f7,tg:rubgr:1859,AA,0,Rubenianum,tg:rubgr:1859,https://data.rubenianum.be//ark:/86530/3ec16a80-779f-55b1-ab75-b67ae04188f7,Foto's
bb6347fe-3651-5f9a-bdf4-3b4a870093ef,tg:rubgr:3283,AA,0,Rubenianum,tg:rubgr:3283,https://data.rubenianum.be//ark:/86530/bb6347fe-3651-5f9a-bdf4-3b4a870093ef,Foto's
1ebab8f3-792e-592d-8f6a-b3a54083d36c,tg:rubgr:3293,AA,0,Rubenianum,tg:rubgr:3293,https://data.rubenianum.be//ark:/86530/1ebab8f3-792e-592d-8f6a-b3a54083d36c,Foto's
aba8fbac-dc66-5e48-a988-656474379eb1,tg:rubgr:3342,AA,0,Rubenianum,tg:rubgr:3342,https://data.rubenianum.be//ark:/86530/aba8fbac-dc66-5e48-a988-656474379eb1,Foto's
4da34ead-8a54-5672-8028-83078c9f8563,tg:rubgr:4314,AA,0,Rubenianum,tg:rubgr:4314,https://data.rubenianum.be//ark:/86530/4da34ead-8a54-5672-8028-83078c9f8563,Foto's
1ce0264b-1854-5dbc-b20b-8a995b4d4a31,tg:rubgr:2658,AA,0,Rubenianum,tg:rubgr:2658,https://data.rubenianum.be//ark:/86530/1ce0264b-1854-5dbc-b20b-8a995b4d4a31,Foto's
e82587e5-dc98-5ada-b31f-309046254ecb,tg:rubgr:2165,AA,0,Rubenianum,tg:rubgr:2165,https://data.rubenianum.be//ark:/86530/e82587e5-dc98-5ada-b31f-309046254ecb,Foto's
43f1d295-fced-5d6c-9a0c-dcd91d4afd7f,tg:rubgr:1179,AA,0,Rubenianum,tg:rubgr:1179,https://data.rubenianum.be//ark:/86530/43f1d295-fced-5d6c-9a0c-dcd91d4afd7f,Foto's
4fa9643d-e296-549e-9932-84a73acd50de,tg:rubgr:1644,AA,0,Rubenianum,tg:rubgr:1644,https://data.rubenianum.be//ark:/86530/4fa9643d-e296-549e-9932-84a73acd50de,Foto's
cdbb4d33-a044-5a24-b3cf-3ff1e03dd09a,tg:rubgr:2446,AA,0,Rubenianum,tg:rubgr:2446,https://data.rubenianum.be//ark:/86530/cdbb4d33-a044-5a24-b3cf-3ff1e03dd09a,Foto's
cf5ac61e-9264-5a7c-b283-28ec2a8c84e7,tg:rubgr:2191,AA,0,Rubenianum,tg:rubgr:2191,https://data.rubenianum.be//ark:/86530/cf5ac61e-9264-5a7c-b283-28ec2a8c84e7,Foto's
6d447429-85a8-567e-8387-142cb0625760,tg:rubgr:926,AA,0,Rubenianum,tg:rubgr:926,https://data.rubenianum.be//ark:/86530/6d447429-85a8-567e-8387-142cb0625760,Foto's
650824f7-25ba-5e6e-99fd-b8e970458faa,tg:rubgr:2605,AA,0,Rubenianum,tg:rubgr:2605,https://data.rubenianum.be//ark:/86530/650824f7-25ba-5e6e-99fd-b8e970458faa,Foto's
e55979f7-091f-5581-a971-1079137bee29,tg:rubgr:3277,AA,0,Rubenianum,tg:rubgr:3277,https://data.rubenianum.be//ark:/86530/e55979f7-091f-5581-a971-1079137bee29,Foto's
807d097b-936e-5c8e-915f-affe440ad641,tg:rubgr:2511,AA,0,Rubenianum,tg:rubgr:2511,https://data.rubenianum.be//ark:/86530/807d097b-936e-5c8e-915f-affe440ad641,Foto's
dd716db3-acb4-5860-baa3-44900cc45ba0,tg:rubgr:749,AA,0,Rubenianum,tg:rubgr:749,https://data.rubenianum.be//ark:/86530/dd716db3-acb4-5860-baa3-44900cc45ba0,Foto's
c8a69b94-fe29-5607-8b04-ba7cb219a936,tg:rubgr:2295,AA,0,Rubenianum,tg:rubgr:2295,https://data.rubenianum.be//ark:/86530/c8a69b94-fe29-5607-8b04-ba7cb219a936,Foto's
4550300f-9711-5aa9-97a2-7cae1a86e58f,tg:rubgr:409,AA,0,Rubenianum,tg:rubgr:409,https://data.rubenianum.be//ark:/86530/4550300f-9711-5aa9-97a2-7cae1a86e58f,Foto's
905c63ba-1ee9-5e0e-b16e-a9c7aa325663,tg:rubgr:2651,AA,0,Rubenianum,tg:rubgr:2651,https://data.rubenianum.be//ark:/86530/905c63ba-1ee9-5e0e-b16e-a9c7aa325663,Foto's
8d8416e6-ab10-5371-ba54-9ef57ef605cc,tg:rubgr:2641,AA,0,Rubenianum,tg:rubgr:2641,https://data.rubenianum.be//ark:/86530/8d8416e6-ab10-5371-ba54-9ef57ef605cc,Foto's
63f3876a-527d-5f31-a853-a9db0e92c4e9,tg:rubgr:2739,AA,0,Rubenianum,tg:rubgr:2739,https://data.rubenianum.be//ark:/86530/63f3876a-527d-5f31-a853-a9db0e92c4e9,Foto's
03b574ab-218f-505e-bfab-98ae1b7d7a11,tg:rubgr:183,AA,0,Rubenianum,tg:rubgr:183,https://data.rubenianum.be//ark:/86530/03b574ab-218f-505e-bfab-98ae1b7d7a11,Foto's
b00e3e7d-9dd4-5966-9628-c8deed0cdb59,tg:rubgr:71,AA,0,Rubenianum,tg:rubgr:71,https://data.rubenianum.be//ark:/86530/b00e3e7d-9dd4-5966-9628-c8deed0cdb59,Foto's
756e189b-27cc-5c87-828a-e063fae5c035,tg:rubgr:2527,AA,0,Rubenianum,tg:rubgr:2527,https://data.rubenianum.be//ark:/86530/756e189b-27cc-5c87-828a-e063fae5c035,Foto's
21b98523-1953-5222-bf58-55dc47fb9c51,tg:rubgr:1747,AA,0,Rubenianum,tg:rubgr:1747,https://data.rubenianum.be//ark:/86530/21b98523-1953-5222-bf58-55dc47fb9c51,Foto's
112fada8-207e-5e19-a6be-77374be5bd86,tg:rubgr:2545,AA,0,Rubenianum,tg:rubgr:2545,https://data.rubenianum.be//ark:/86530/112fada8-207e-5e19-a6be-77374be5bd86,Foto's
7f6362ac-e0eb-5868-9bb4-f9cc64dd2da7,tg:rubgr:2300,AA,0,Rubenianum,tg:rubgr:2300,https://data.rubenianum.be//ark:/86530/7f6362ac-e0eb-5868-9bb4-f9cc64dd2da7,Foto's
d53effcf-3a9e-5484-88f4-b10fd749efa2,tg:rubgr:2278,AA,0,Rubenianum,tg:rubgr:2278,https://data.rubenianum.be//ark:/86530/d53effcf-3a9e-5484-88f4-b10fd749efa2,Foto's
76acee32-1491-55d8-82a1-d30dc27f2f80,tg:rubgr:2310,AA,0,Rubenianum,tg:rubgr:2310,https://data.rubenianum.be//ark:/86530/76acee32-1491-55d8-82a1-d30dc27f2f80,Foto's
d75d3fb8-3784-5dc5-8bba-b6e162f1ec5e,tg:rubgr:2076,AA,0,Rubenianum,tg:rubgr:2076,https://data.rubenianum.be//ark:/86530/d75d3fb8-3784-5dc5-8bba-b6e162f1ec5e,Foto's
4106055b-b06c-5d3f-a56b-48e1c9b7b9a0,tg:rubgr:2633,AA,0,Rubenianum,tg:rubgr:2633,https://data.rubenianum.be//ark:/86530/4106055b-b06c-5d3f-a56b-48e1c9b7b9a0,Foto's
de658354-c7df-57b9-8da5-5f9dcf62bc4f,tg:rubgr:3329,AA,0,Rubenianum,tg:rubgr:3329,https://data.rubenianum.be//ark:/86530/de658354-c7df-57b9-8da5-5f9dcf62bc4f,Foto's
382a285e-1a70-5167-8617-fec96bc2c2ac,tg:rubgr:3390,AA,0,Rubenianum,tg:rubgr:3390,https://data.rubenianum.be//ark:/86530/382a285e-1a70-5167-8617-fec96bc2c2ac,Foto's
86b4f6ad-edc7-5c7e-84c7-49e0f6b6d8fd,tg:rubgr:2484,AA,0,Rubenianum,tg:rubgr:2484,https://data.rubenianum.be//ark:/86530/86b4f6ad-edc7-5c7e-84c7-49e0f6b6d8fd,Foto's
ecd10fbe-04eb-5005-805b-d8ef18e05da3,tg:rubgr:2235,AA,0,Rubenianum,tg:rubgr:2235,https://data.rubenianum.be//ark:/86530/ecd10fbe-04eb-5005-805b-d8ef18e05da3,Foto's
93a31e52-9be3-5922-a9df-1454201792af,tg:rubgr:2508,AA,0,Rubenianum,tg:rubgr:2508,https://data.rubenianum.be//ark:/86530/93a31e52-9be3-5922-a9df-1454201792af,Foto's
7fdc3a92-d820-5f53-b01a-8a3fe4bb2e74,tg:rubgr:691,AA,0,Rubenianum,tg:rubgr:691,https://data.rubenianum.be//ark:/86530/7fdc3a92-d820-5f53-b01a-8a3fe4bb2e74,Foto's
83eba31a-fb9a-50b3-a740-38e1a8c698a6,tg:rubgr:2153,AA,0,Rubenianum,tg:rubgr:2153,https://data.rubenianum.be//ark:/86530/83eba31a-fb9a-50b3-a740-38e1a8c698a6,Foto's
cafb098b-c775-5106-a890-a60c5396815a,tg:rubgr:1239,AA,0,Rubenianum,tg:rubgr:1239,https://data.rubenianum.be//ark:/86530/cafb098b-c775-5106-a890-a60c5396815a,Foto's
2d2d64ca-d378-50de-b728-2c7a48e6c50b,tg:rubgr:750,AA,0,Rubenianum,tg:rubgr:750,https://data.rubenianum.be//ark:/86530/2d2d64ca-d378-50de-b728-2c7a48e6c50b,Foto's
b6831597-3187-56a7-aafe-c41b21ab7f8a,tg:rubgr:1280,AA,0,Rubenianum,tg:rubgr:1280,https://data.rubenianum.be//ark:/86530/b6831597-3187-56a7-aafe-c41b21ab7f8a,Foto's
b2e3659a-a775-57c2-807f-3ceadf6d3afe,tg:rubgr:3828,AA,0,Rubenianum,tg:rubgr:3828,https://data.rubenianum.be//ark:/86530/b2e3659a-a775-57c2-807f-3ceadf6d3afe,Foto's
54f38f76-e465-52fe-b734-fada5a23ebe0,tg:rubgr:2386,AA,0,Rubenianum,tg:rubgr:2386,https://data.rubenianum.be//ark:/86530/54f38f76-e465-52fe-b734-fada5a23ebe0,Foto's
ec6a0911-dbe6-5be9-ad2a-68531ffbf2d0,tg:rubgr:2396,AA,0,Rubenianum,tg:rubgr:2396,https://data.rubenianum.be//ark:/86530/ec6a0911-dbe6-5be9-ad2a-68531ffbf2d0,Foto's
9bd29bb8-a232-5dae-b7e8-e5a82ab5e7dc,tg:rubgr:2198,AA,0,Rubenianum,tg:rubgr:2198,https://data.rubenianum.be//ark:/86530/9bd29bb8-a232-5dae-b7e8-e5a82ab5e7dc,Foto's
1fe0af91-d0d6-5d5c-a2eb-ad5ec544a1c9,tg:rubgr:2188,AA,0,Rubenianum,tg:rubgr:2188,https://data.rubenianum.be//ark:/86530/1fe0af91-d0d6-5d5c-a2eb-ad5ec544a1c9,Foto's
8af96a7d-dbb6-5d8c-b5ca-d61f1279d7c3,tg:rubgr:2059,AA,0,Rubenianum,tg:rubgr:2059,https://data.rubenianum.be//ark:/86530/8af96a7d-dbb6-5d8c-b5ca-d61f1279d7c3,Foto's
bb26df9f-54d2-51bd-afce-9316c08c6e91,tg:rubgr:1333,AA,0,Rubenianum,tg:rubgr:1333,https://data.rubenianum.be//ark:/86530/bb26df9f-54d2-51bd-afce-9316c08c6e91,Foto's
32bfb308-969b-5162-8c6e-013e1c5b5850,tg:rubgr:3316,AA,0,Rubenianum,tg:rubgr:3316,https://data.rubenianum.be//ark:/86530/32bfb308-969b-5162-8c6e-013e1c5b5850,Foto's
c1188e32-f56f-53a2-a74a-4e89fffcd21f,tg:rubgr:1600,AA,0,Rubenianum,tg:rubgr:1600,https://data.rubenianum.be//ark:/86530/c1188e32-f56f-53a2-a74a-4e89fffcd21f,Foto's
70b737b4-71f7-5d9b-9480-3f4d993993c2,tg:rubgr:182,AA,0,Rubenianum,tg:rubgr:182,https://data.rubenianum.be//ark:/86530/70b737b4-71f7-5d9b-9480-3f4d993993c2,Foto's
a112c1f9-4daf-54bf-8ea7-7af2f895f229,tg:rubgr:2640,AA,0,Rubenianum,tg:rubgr:2640,https://data.rubenianum.be//ark:/86530/a112c1f9-4daf-54bf-8ea7-7af2f895f229,Foto's
d30c358a-9aab-5403-a810-1c7ec274a009,tg:rubgr:2650,AA,0,Rubenianum,tg:rubgr:2650,https://data.rubenianum.be//ark:/86530/d30c358a-9aab-5403-a810-1c7ec274a009,Foto's
0cb1347d-9421-524a-ac51-f9ef52824e90,tg:rubgr:2526,AA,0,Rubenianum,tg:rubgr:2526,https://data.rubenianum.be//ark:/86530/0cb1347d-9421-524a-ac51-f9ef52824e90,Foto's
dd2893a2-9360-5982-b7b9-b91d64e15eb4,tg:rubgr:70,AA,0,Rubenianum,tg:rubgr:70,https://data.rubenianum.be//ark:/86530/dd2893a2-9360-5982-b7b9-b91d64e15eb4,Foto's
49108a25-e418-5199-97c3-7392f1635eda,tg:rubgr:3085,AA,0,Rubenianum,tg:rubgr:3085,https://data.rubenianum.be//ark:/86530/49108a25-e418-5199-97c3-7392f1635eda,Foto's
6785c56a-cdc0-5343-beb9-09959d5651a8,tg:rubgr:2311,AA,0,Rubenianum,tg:rubgr:2311,https://data.rubenianum.be//ark:/86530/6785c56a-cdc0-5343-beb9-09959d5651a8,Foto's
3ee7047c-78cb-536a-8a9e-9528664bc93a,tg:rubgr:2279,AA,0,Rubenianum,tg:rubgr:2279,https://data.rubenianum.be//ark:/86530/3ee7047c-78cb-536a-8a9e-9528664bc93a,Foto's
5c925377-dc50-505b-bbe4-e7d501d35009,tg:rubgr:2301,AA,0,Rubenianum,tg:rubgr:2301,https://data.rubenianum.be//ark:/86530/5c925377-dc50-505b-bbe4-e7d501d35009,Foto's
54c000a1-9d22-51a2-ab8f-af348b5dacb6,tg:rubgr:1756,AA,0,Rubenianum,tg:rubgr:1756,https://data.rubenianum.be//ark:/86530/54c000a1-9d22-51a2-ab8f-af348b5dacb6,Foto's
1eea2524-cf00-59c9-82c1-b5da8b9d6cbb,tg:rubgr:3328,AA,0,Rubenianum,tg:rubgr:3328,https://data.rubenianum.be//ark:/86530/1eea2524-cf00-59c9-82c1-b5da8b9d6cbb,Foto's
e70c7306-8412-58aa-8bd7-db2c66f18832,tg:rubgr:751,AA,0,Rubenianum,tg:rubgr:751,https://data.rubenianum.be//ark:/86530/e70c7306-8412-58aa-8bd7-db2c66f18832,Foto's
8b8be39a-e470-537f-b220-92a45eea442c,tg:rubgr:629,AA,0,Rubenianum,tg:rubgr:629,https://data.rubenianum.be//ark:/86530/8b8be39a-e470-537f-b220-92a45eea442c,Foto's
a830ccbb-dc63-5696-8553-07133fb63f56,tg:rubgr:3589,AA,0,Rubenianum,tg:rubgr:3589,https://data.rubenianum.be//ark:/86530/a830ccbb-dc63-5696-8553-07133fb63f56,Foto's
f7148c33-b41c-588e-9389-7bfcf722f3e8,tg:rubgr:4184,AA,0,Rubenianum,tg:rubgr:4184,https://data.rubenianum.be//ark:/86530/f7148c33-b41c-588e-9389-7bfcf722f3e8,Foto's
4385a282-15f2-5400-88c0-ca2fa0d76a88,tg:rubgr:4965,AA,0,Rubenianum,tg:rubgr:4965,https://data.rubenianum.be//ark:/86530/4385a282-15f2-5400-88c0-ca2fa0d76a88,Foto's
2d4b88db-7254-575e-b513-28fbf5484354,tg:rubgr:2509,AA,0,Rubenianum,tg:rubgr:2509,https://data.rubenianum.be//ark:/86530/2d4b88db-7254-575e-b513-28fbf5484354,Foto's
7020c844-259c-5cc4-a316-7993bdddccca,tg:rubgr:2224,AA,0,Rubenianum,tg:rubgr:2224,https://data.rubenianum.be//ark:/86530/7020c844-259c-5cc4-a316-7993bdddccca,Foto's
78b2dbbf-9f13-504f-a27d-53c8b5267d77,tg:rubgr:2152,AA,0,Rubenianum,tg:rubgr:2152,https://data.rubenianum.be//ark:/86530/78b2dbbf-9f13-504f-a27d-53c8b5267d77,Foto's
ef0ebb1f-7b18-52b1-8be2-5c70bbdc3c42,tg:rubgr:1228,AA,0,Rubenianum,tg:rubgr:1228,https://data.rubenianum.be//ark:/86530/ef0ebb1f-7b18-52b1-8be2-5c70bbdc3c42,Foto's
fdb624e3-d90e-5e11-8e35-f25d866e1532,tg:rubgr:3317,AA,0,Rubenianum,tg:rubgr:3317,https://data.rubenianum.be//ark:/86530/fdb624e3-d90e-5e11-8e35-f25d866e1532,Foto's
5001e9ad-b31c-51a2-9dbd-7750882316e5,tg:rubgr:2058,AA,0,Rubenianum,tg:rubgr:2058,https://data.rubenianum.be//ark:/86530/5001e9ad-b31c-51a2-9dbd-7750882316e5,Foto's
0e271133-2775-51bb-b8c8-bf39ae7a85f1,tg:rubgr:1601,AA,0,Rubenianum,tg:rubgr:1601,https://data.rubenianum.be//ark:/86530/0e271133-2775-51bb-b8c8-bf39ae7a85f1,Foto's
231da017-61e4-5f94-bdbc-4696482fca45,tg:rubgr:1185,AA,0,Rubenianum,tg:rubgr:1185,https://data.rubenianum.be//ark:/86530/231da017-61e4-5f94-bdbc-4696482fca45,Foto's
2b42041e-fa5d-5a03-b391-c5b23a05fbea,tg:rubgr:2189,AA,0,Rubenianum,tg:rubgr:2189,https://data.rubenianum.be//ark:/86530/2b42041e-fa5d-5a03-b391-c5b23a05fbea,Foto's
031756e2-6d4a-5915-b5db-a9235abdbddc,tg:rubgr:3388,AA,0,Rubenianum,tg:rubgr:3388,https://data.rubenianum.be//ark:/86530/031756e2-6d4a-5915-b5db-a9235abdbddc,Foto's
6eb526a7-3a4e-5460-8230-d9b96ed1ec39,tg:rubgr:2682,AA,0,Rubenianum,tg:rubgr:2682,https://data.rubenianum.be//ark:/86530/6eb526a7-3a4e-5460-8230-d9b96ed1ec39,Foto's
99e04a98-4ac2-52c7-b64f-da4222e200ca,tg:rubgr:1480,AA,0,Rubenianum,tg:rubgr:1480,https://data.rubenianum.be//ark:/86530/99e04a98-4ac2-52c7-b64f-da4222e200ca,Foto's
779c81ca-ead6-50a3-9756-6dea7c0b3a30,tg:rubgr:3398,AA,0,Rubenianum,tg:rubgr:3398,https://data.rubenianum.be//ark:/86530/779c81ca-ead6-50a3-9756-6dea7c0b3a30,Foto's
f76b6914-8bd7-5405-bf57-af80c1dabb98,tg:rubgr:226,AA,0,Rubenianum,tg:rubgr:226,https://data.rubenianum.be//ark:/86530/f76b6914-8bd7-5405-bf57-af80c1dabb98,Foto's
a3785722-e3a1-548f-b06d-78674a5a55d6,tg:rubgr:2308,AA,0,Rubenianum,tg:rubgr:2308,https://data.rubenianum.be//ark:/86530/a3785722-e3a1-548f-b06d-78674a5a55d6,Foto's
f034f50d-aa99-5e39-9434-b34e19c15998,tg:rubgr:4011,AA,0,Rubenianum,tg:rubgr:4011,https://data.rubenianum.be//ark:/86530/f034f50d-aa99-5e39-9434-b34e19c15998,Foto's
55bd0770-8d2f-5309-a553-ad2ddeda8161,tg:rubgr:1637,AA,0,Rubenianum,tg:rubgr:1637,https://data.rubenianum.be//ark:/86530/55bd0770-8d2f-5309-a553-ad2ddeda8161,Foto's
1ce3f284-d86f-56d5-a3ac-7153ed52ebc1,tg:rubgr:3331,AA,0,Rubenianum,tg:rubgr:3331,https://data.rubenianum.be//ark:/86530/1ce3f284-d86f-56d5-a3ac-7153ed52ebc1,Foto's
a72a1a6a-c98a-5410-b745-43abfdd72cdf,tg:rubgr:908,AA,0,Rubenianum,tg:rubgr:908,https://data.rubenianum.be//ark:/86530/a72a1a6a-c98a-5410-b745-43abfdd72cdf,Foto's
f32220a4-8c76-5808-bbff-680f839427a8,tg:rubgr:3321,AA,0,Rubenianum,tg:rubgr:3321,https://data.rubenianum.be//ark:/86530/f32220a4-8c76-5808-bbff-680f839427a8,Foto's
27f8d9cc-6b3c-5501-8b69-d65faef9ecfb,tg:rubgr:1314,AA,0,Rubenianum,tg:rubgr:1314,https://data.rubenianum.be//ark:/86530/27f8d9cc-6b3c-5501-8b69-d65faef9ecfb,Foto's
dabf88e3-ea8f-5b95-a6f9-308aedd28788,tg:rubgr:2174,AA,0,Rubenianum,tg:rubgr:2174,https://data.rubenianum.be//ark:/86530/dabf88e3-ea8f-5b95-a6f9-308aedd28788,Foto's
6cdf19b3-066b-5698-ab61-c22938999f31,tg:rubgr:2164,AA,0,Rubenianum,tg:rubgr:2164,https://data.rubenianum.be//ark:/86530/6cdf19b3-066b-5698-ab61-c22938999f31,Foto's
81c79e28-9b49-5b77-b2ef-2947701ec2c9,tg:rubgr:2659,AA,0,Rubenianum,tg:rubgr:2659,https://data.rubenianum.be//ark:/86530/81c79e28-9b49-5b77-b2ef-2947701ec2c9,Foto's
a1ecc2f9-3753-5ab4-a5e9-b2f2e734bee6,tg:rubgr:2649,AA,0,Rubenianum,tg:rubgr:2649,https://data.rubenianum.be//ark:/86530/a1ecc2f9-3753-5ab4-a5e9-b2f2e734bee6,Foto's
41797050-21d4-5bcf-baeb-3fd04f1fb882,tg:rubgr:3343,AA,0,Rubenianum,tg:rubgr:3343,https://data.rubenianum.be//ark:/86530/41797050-21d4-5bcf-baeb-3fd04f1fb882,Foto's
5a81fd79-7a83-58da-a355-45475dfda061,tg:rubgr:2447,AA,0,Rubenianum,tg:rubgr:2447,https://data.rubenianum.be//ark:/86530/5a81fd79-7a83-58da-a355-45475dfda061,Foto's
d1747915-90a9-50d5-80a9-b2ffd1e7f4c8,tg:rubgr:1645,AA,0,Rubenianum,tg:rubgr:1645,https://data.rubenianum.be//ark:/86530/d1747915-90a9-50d5-80a9-b2ffd1e7f4c8,Foto's
e30b0447-8732-5fb7-99a0-2bebdc885e5b,tg:rubgr:2212,AA,0,Rubenianum,tg:rubgr:2212,https://data.rubenianum.be//ark:/86530/e30b0447-8732-5fb7-99a0-2bebdc885e5b,Foto's
594ec211-c9fc-5dde-bcd5-8828f6df077b,tg:rubgr:69,AA,0,Rubenianum,tg:rubgr:69,https://data.rubenianum.be//ark:/86530/594ec211-c9fc-5dde-bcd5-8828f6df077b,Foto's
684a8d6d-d8a3-5c8c-859b-d19808eb0663,tg:rubgr:2586,AA,0,Rubenianum,tg:rubgr:2586,https://data.rubenianum.be//ark:/86530/684a8d6d-d8a3-5c8c-859b-d19808eb0663,Foto's
90d27da2-694b-5040-9044-15da4ab3cf81,tg:rubgr:1848,AA,0,Rubenianum,tg:rubgr:1848,https://data.rubenianum.be//ark:/86530/90d27da2-694b-5040-9044-15da4ab3cf81,Foto's
8ba2f899-d4d7-51d4-882e-f3ff033c3cc6,tg:rubgr:3282,AA,0,Rubenianum,tg:rubgr:3282,https://data.rubenianum.be//ark:/86530/8ba2f899-d4d7-51d4-882e-f3ff033c3cc6,Foto's
61985cc6-2f07-5d64-b389-a5433c1a9c04,tg:rubgr:3276,AA,0,Rubenianum,tg:rubgr:3276,https://data.rubenianum.be//ark:/86530/61985cc6-2f07-5d64-b389-a5433c1a9c04,Foto's
d0d97662-579f-5d74-ba59-6d37984ae4ad,tg:rubgr:2614,AA,0,Rubenianum,tg:rubgr:2614,https://data.rubenianum.be//ark:/86530/d0d97662-579f-5d74-ba59-6d37984ae4ad,Foto's
b7ce9e03-eb90-59f0-bc32-ba583525da11,tg:rubgr:2337,AA,0,Rubenianum,tg:rubgr:2337,https://data.rubenianum.be//ark:/86530/b7ce9e03-eb90-59f0-bc32-ba583525da11,Foto's
4ef3efa1-6a95-5846-9040-626b22161aea,tg:rubgr:2190,AA,0,Rubenianum,tg:rubgr:2190,https://data.rubenianum.be//ark:/86530/4ef3efa1-6a95-5846-9040-626b22161aea,Foto's
52b7229d-bfb4-5fdc-b35a-30c2b1065ed4,tg:rubgr:2180,AA,0,Rubenianum,tg:rubgr:2180,https://data.rubenianum.be//ark:/86530/52b7229d-bfb4-5fdc-b35a-30c2b1065ed4,Foto's
e7e2ea61-d663-57e0-8c6a-c292d8678095,tg:rubgr:748,AA,0,Rubenianum,tg:rubgr:748,https://data.rubenianum.be//ark:/86530/e7e2ea61-d663-57e0-8c6a-c292d8678095,Foto's
28f18e54-90a2-5d2f-b252-321994b7d86b,tg:rubgr:3590,AA,0,Rubenianum,tg:rubgr:3590,https://data.rubenianum.be//ark:/86530/28f18e54-90a2-5d2f-b252-321994b7d86b,Foto's
d1b48de5-0615-5521-9be7-8af73acf331f,tg:rubgr:4804,AA,0,Rubenianum,tg:rubgr:4804,https://data.rubenianum.be//ark:/86530/d1b48de5-0615-5521-9be7-8af73acf331f,Foto's
85357ec8-ad78-52db-8cb5-a71febd4d4ee,tg:rubgr:1147,AA,0,Rubenianum,tg:rubgr:1147,https://data.rubenianum.be//ark:/86530/85357ec8-ad78-52db-8cb5-a71febd4d4ee,Foto's
