ResourceID,brocade.id,card,order,source_field,source_code,Dimension Source Note
11daa277-63db-5c88-a710-edbfcd31196f,tg:rubhs:31_#1,e22_DimensionSourceNotes,1,kenmerken/rubformaths.rubformathsafm,"12,5 x 8,5 x 0,7","12,5 x 8,5 x 0,7 - height, width, depth, kenmerken/rubformaths.rubformathsafm"
96054547-ed09-553f-ad51-49fb23faff12,tg:rubhs:21_#1,e22_DimensionSourceNotes,1,kenmerken/rubformaths.rubformathsafm,"11,2 x 7,5 x 1","11,2 x 7,5 x 1 - height, width, depth, kenmerken/rubformaths.rubformathsafm"
a0f4505a-38d4-5c11-8119-3cea14b3b45f,tg:rubhs:88_#1,e22_DimensionSourceNotes,1,kenmerken/rubformaths.rubformathsafm,"16 x 10 x 1,5","16 x 10 x 1,5 - height, width, depth, kenmerken/rubformaths.rubformathsafm"
828b6921-fbb4-562e-9ddc-b10d7cc0e42f,tg:rubhs:108_#1,e22_DimensionSourceNotes,1,kenmerken/rubformaths.rubformathsafm,"16,5 x 10,5 x 1","16,5 x 10,5 x 1 - height, width, depth, kenmerken/rubformaths.rubformathsafm"
fe007a6b-04ef-5482-90d1-b1829050dffe,tg:rubhs:118_#1,e22_DimensionSourceNotes,1,kenmerken/rubformaths.rubformathsafm,"7 x 11 x 0,5","7 x 11 x 0,5 - height, width, depth, kenmerken/rubformaths.rubformathsafm"
e48b6c77-a010-56a1-9b8e-d5428290e54f,tg:rubhs:53_#1,e22_DimensionSourceNotes,1,kenmerken/rubformaths.rubformathsafm,"16,5 x 10,5 x 0,3","16,5 x 10,5 x 0,3 - height, width, depth, kenmerken/rubformaths.rubformathsafm"
7c1308fe-7e53-5742-ab1c-6d448ad06b28,tg:rubhs:43_#1,e22_DimensionSourceNotes,1,kenmerken/rubformaths.rubformathsafm,"12 x 8 x 1,5","12 x 8 x 1,5 - height, width, depth, kenmerken/rubformaths.rubformathsafm"
eb2b2eff-a1cc-5b94-91ee-d50b5ffe188b,tg:rubhs:155_#1,e22_DimensionSourceNotes,1,kenmerken/rubformaths.rubformathsafm,"16 x 10,5 x 1","16 x 10,5 x 1 - height, width, depth, kenmerken/rubformaths.rubformathsafm"
0fb10a17-cf61-5371-bd3b-293777ce8bfb,tg:rubhs:145_#1,e22_DimensionSourceNotes,1,kenmerken/rubformaths.rubformathsafm,"17 x 10,5 x 1,2","17 x 10,5 x 1,2 - height, width, depth, kenmerken/rubformaths.rubformathsafm"
25733196-5b31-5b36-ab9f-19af9ee82683,tg:rubhs:137_#1,e22_DimensionSourceNotes,1,kenmerken/rubformaths.rubformathsafm,"16 x 10 x 1,7","16 x 10 x 1,7 - height, width, depth, kenmerken/rubformaths.rubformathsafm"
43c986f8-d80c-5f44-a328-559e4cef7685,tg:rubhs:127_#1,e22_DimensionSourceNotes,1,kenmerken/rubformaths.rubformathsafm,"7 x 11 x 0,5","7 x 11 x 0,5 - height, width, depth, kenmerken/rubformaths.rubformathsafm"
ec28be6f-b5ea-5bcc-8a48-4416d1113d55,tg:rubhs:111_#1,e22_DimensionSourceNotes,1,kenmerken/rubformaths.rubformathsafm,"16,5 x 10,5 x 1","16,5 x 10,5 x 1 - height, width, depth, kenmerken/rubformaths.rubformathsafm"
5e31abf8-699a-56c1-b981-07e42fb5f0b2,tg:rubhs:101_#1,e22_DimensionSourceNotes,1,kenmerken/rubformaths.rubformathsafm,"17 x 10,5 x 1","17 x 10,5 x 1 - height, width, depth, kenmerken/rubformaths.rubformathsafm"
ac97416f-0ede-52e6-95aa-bd18f3fbe6d2,tg:rubhs:28_#1,e22_DimensionSourceNotes,1,kenmerken/rubformaths.rubformathsafm,"10,5 x 6,7 x 1,3","10,5 x 6,7 x 1,3 - height, width, depth, kenmerken/rubformaths.rubformathsafm"
f54b46cc-554a-59a8-9e15-fa50f84521b2,tg:rubhs:38_#1,e22_DimensionSourceNotes,1,kenmerken/rubformaths.rubformathsafm,"12,5 x 8,2 x 1","12,5 x 8,2 x 1 - height, width, depth, kenmerken/rubformaths.rubformathsafm"
9e6ee0da-05ee-5e45-a6bf-8e067ae99ed3,tg:rubhs:173_#1,e22_DimensionSourceNotes,1,kenmerken/rubformaths.rubformathsafm,"17 x 11 x 1,5","17 x 11 x 1,5 - height, width, depth, kenmerken/rubformaths.rubformathsafm"
a4d9f9f7-197b-5e3d-a551-e8623aa645ed,tg:rubhs:163_#1,e22_DimensionSourceNotes,1,kenmerken/rubformaths.rubformathsafm,"12,5 x 8,5 x 0,5","12,5 x 8,5 x 0,5 - height, width, depth, kenmerken/rubformaths.rubformathsafm"
700c5c2c-3825-5234-85a2-79af10c728e3,tg:rubhs:91_#1,e22_DimensionSourceNotes,1,kenmerken/rubformaths.rubformathsafm,"17,5 x 11 x 1,2","17,5 x 11 x 1,2 - height, width, depth, kenmerken/rubformaths.rubformathsafm"
d8c011d2-a6a2-566b-8ef4-032942ed15a8,tg:rubhs:81_#1,e22_DimensionSourceNotes,1,kenmerken/rubformaths.rubformathsafm,"16,5 x 10,5 x 1","16,5 x 10,5 x 1 - height, width, depth, kenmerken/rubformaths.rubformathsafm"
b26adc0c-a5bc-5319-9290-dd8d4aa6deac,tg:rubhs:215_#1,e22_DimensionSourceNotes,1,kenmerken/rubformaths.rubformathsafm,"19 x 13 x 0,8","19 x 13 x 0,8 - height, width, depth, kenmerken/rubformaths.rubformathsafm"
9c0d5d14-2e20-5c1d-a322-e7337e4307c0,tg:rubhs:205_#1,e22_DimensionSourceNotes,1,kenmerken/rubformaths.rubformathsafm,"21 x 16,5 x 1,2","21 x 16,5 x 1,2 - height, width, depth, kenmerken/rubformaths.rubformathsafm"
b541f3f7-0ade-5d72-820c-7123d84daa6e,tg:rubhs:75_#1,e22_DimensionSourceNotes,1,kenmerken/rubformaths.rubformathsafm,"16,5 x 11 x 1,5","16,5 x 11 x 1,5 - height, width, depth, kenmerken/rubformaths.rubformathsafm"
91b7564b-e48c-5703-abd9-245cc4fb06b9,tg:rubhs:65_#1,e22_DimensionSourceNotes,1,kenmerken/rubformaths.rubformathsafm,"16,5 x 10,5 x 0,6","16,5 x 10,5 x 0,6 - height, width, depth, kenmerken/rubformaths.rubformathsafm"
340304d0-5584-5bb1-8d3e-1fa98c47c4aa,tg:rubhs:197_#1,e22_DimensionSourceNotes,1,kenmerken/rubformaths.rubformathsafm,21 x 17 x 1,"21 x 17 x 1 - height, width, depth, kenmerken/rubformaths.rubformathsafm"
2656fe26-04e8-52b3-8f88-cfec5c5ee06d,tg:rubhs:187_#1,e22_DimensionSourceNotes,1,kenmerken/rubformaths.rubformathsafm,25 x 19 x 3,"25 x 19 x 3 - height, width, depth, kenmerken/rubformaths.rubformathsafm"
c93125de-0eed-504f-8f99-7e0e64468078,tg:rubhs:17_#1,e22_DimensionSourceNotes,1,kenmerken/rubformaths.rubformathsafm,"12,5 x 8,5 x 0,7","12,5 x 8,5 x 0,7 - height, width, depth, kenmerken/rubformaths.rubformathsafm"
762a80ad-4519-5272-b062-fa1d41dc0a4f,tg:rubhs:100_#1,e22_DimensionSourceNotes,1,kenmerken/rubformaths.rubformathsafm,"17 x 10,5 x 1","17 x 10,5 x 1 - height, width, depth, kenmerken/rubformaths.rubformathsafm"
1a6545a8-3afa-5321-8da9-5eff10f14cfb,tg:rubhs:110_#1,e22_DimensionSourceNotes,1,kenmerken/rubformaths.rubformathsafm,"16 x 10,5 x 1","16 x 10,5 x 1 - height, width, depth, kenmerken/rubformaths.rubformathsafm"
0b772e1c-484a-5dda-b31c-262403c2b20e,tg:rubhs:162_#1,e22_DimensionSourceNotes,1,kenmerken/rubformaths.rubformathsafm,"16,5 x 10 x 0,5","16,5 x 10 x 0,5 - height, width, depth, kenmerken/rubformaths.rubformathsafm"
e5c8217e-9356-5185-8cfc-069b74be70e4,tg:rubhs:172_#1,e22_DimensionSourceNotes,1,kenmerken/rubformaths.rubformathsafm,"16,5 x 10,5 x 0,7","16,5 x 10,5 x 0,7 - height, width, depth, kenmerken/rubformaths.rubformathsafm"
26188ae4-256d-591a-aa6c-01ee759ff9a8,tg:rubhs:204_#1,e22_DimensionSourceNotes,1,kenmerken/rubformaths.rubformathsafm,"21, 8 x 17, 5 x 0,5","21, 8 x 17, 5 x 0,5 - height, width, depth, kenmerken/rubformaths.rubformathsafm"
bb60850f-efe0-501c-8c5f-a98d65905e84,tg:rubhs:214_#1,e22_DimensionSourceNotes,1,kenmerken/rubformaths.rubformathsafm,"11,5 x 7,5 x 0,8","11,5 x 7,5 x 0,8 - height, width, depth, kenmerken/rubformaths.rubformathsafm"
9c7106c9-6779-5eed-b3df-9ec4d881a1c3,tg:rubhs:80_#1,e22_DimensionSourceNotes,1,kenmerken/rubformaths.rubformathsafm,16 x 10 x 2,"16 x 10 x 2 - height, width, depth, kenmerken/rubformaths.rubformathsafm"
56e18546-39d9-5b4d-b849-41a38cd50e4b,tg:rubhs:90_#1,e22_DimensionSourceNotes,1,kenmerken/rubformaths.rubformathsafm,"17 x 10,5 x 1,5","17 x 10,5 x 1,5 - height, width, depth, kenmerken/rubformaths.rubformathsafm"
d000db93-3296-50d4-876f-452212959e29,tg:rubhs:39_#1,e22_DimensionSourceNotes,1,kenmerken/rubformaths.rubformathsafm,"12,5 x 7,9 x 1,7","12,5 x 7,9 x 1,7 - height, width, depth, kenmerken/rubformaths.rubformathsafm"
41569fb0-7b3c-5bc9-b228-045e06e18d76,tg:rubhs:29_#1,e22_DimensionSourceNotes,1,kenmerken/rubformaths.rubformathsafm,"12,5 x 8,6 x 0,7","12,5 x 8,6 x 0,7 - height, width, depth, kenmerken/rubformaths.rubformathsafm"
9217b5e3-1813-5454-9f46-4015a9d42dc5,tg:rubhs:64_#1,e22_DimensionSourceNotes,1,kenmerken/rubformaths.rubformathsafm,"16,8 x 10,3 x 0,2","16,8 x 10,3 x 0,2 - height, width, depth, kenmerken/rubformaths.rubformathsafm"
0780e327-6208-5ff3-87fb-960d0a9a0ff2,tg:rubhs:74_#1,e22_DimensionSourceNotes,1,kenmerken/rubformaths.rubformathsafm,"16 x 10,5 x 1","16 x 10,5 x 1 - height, width, depth, kenmerken/rubformaths.rubformathsafm"
cd8000b6-b26a-54f7-b3f4-01bde0348542,tg:rubhs:5_#1,e22_DimensionSourceNotes,1,kenmerken/rubformaths.rubformathsafm,"13 x 8,7 x 0,5","13 x 8,7 x 0,5 - height, width, depth, kenmerken/rubformaths.rubformathsafm"
805919b9-d2fb-53d8-b410-a3cef0b2e95d,tg:rubhs:186_#1,e22_DimensionSourceNotes,1,kenmerken/rubformaths.rubformathsafm,"21,5 x 18 x 2","21,5 x 18 x 2 - height, width, depth, kenmerken/rubformaths.rubformathsafm"
42fab3cd-253c-5455-82aa-61a8bbdf2f73,tg:rubhs:196_#1,e22_DimensionSourceNotes,1,kenmerken/rubformaths.rubformathsafm,"20 x 13 x 1,3","20 x 13 x 1,3 - height, width, depth, kenmerken/rubformaths.rubformathsafm"
dbf2300b-c2f3-5820-8a2e-bc0be3e71817,tg:rubhs:16_#1,e22_DimensionSourceNotes,1,kenmerken/rubformaths.rubformathsafm,"12,8 x 8,5 x 0,6","12,8 x 8,5 x 0,6 - height, width, depth, kenmerken/rubformaths.rubformathsafm"
4eac3a12-7578-5445-a5e0-c30d5df9cb9c,tg:rubhs:99_#1,e22_DimensionSourceNotes,1,kenmerken/rubformaths.rubformathsafm,"17 x 10,5 x 1","17 x 10,5 x 1 - height, width, depth, kenmerken/rubformaths.rubformathsafm"
60b395f0-f4d8-55a3-b5b6-2bc3605078bb,tg:rubhs:89_#1,e22_DimensionSourceNotes,1,kenmerken/rubformaths.rubformathsafm,"16,5 x 10,5 x 1,2","16,5 x 10,5 x 1,2 - height, width, depth, kenmerken/rubformaths.rubformathsafm"
06bf299c-f23b-5c3d-8c4e-2bc4eb31b0fb,tg:rubhs:20_#1,e22_DimensionSourceNotes,1,kenmerken/rubformaths.rubformathsafm,"11,1 x 7,7 x 0,9","11,1 x 7,7 x 0,9 - height, width, depth, kenmerken/rubformaths.rubformathsafm"
756560da-8965-5099-acb4-02ad4cc406fe,tg:rubhs:30_#1,e22_DimensionSourceNotes,1,kenmerken/rubformaths.rubformathsafm,"12,5 x 8,5 x 0,7","12,5 x 8,5 x 0,7 - height, width, depth, kenmerken/rubformaths.rubformathsafm"
e0b7b257-41a6-5cdf-8770-cba7b3d91b8c,tg:rubhs:42_#1,e22_DimensionSourceNotes,1,kenmerken/rubformaths.rubformathsafm,"12,5 x 8 x 1,7","12,5 x 8 x 1,7 - height, width, depth, kenmerken/rubformaths.rubformathsafm"
8b38268e-683b-5cac-a5ad-81e103ebe79e,tg:rubhs:52_#1,e22_DimensionSourceNotes,1,kenmerken/rubformaths.rubformathsafm,"16,5 x 10,5 x 0,3","16,5 x 10,5 x 0,3 - height, width, depth, kenmerken/rubformaths.rubformathsafm"
a4a47ed7-43c9-5992-9e71-bee755f9eb0a,tg:rubhs:119_#1,e22_DimensionSourceNotes,1,kenmerken/rubformaths.rubformathsafm,"7 x 11 x 0,5","7 x 11 x 0,5 - height, width, depth, kenmerken/rubformaths.rubformathsafm"
d3d6cae7-cfb3-54a2-a441-1ca92cd0e2e6,tg:rubhs:109_#1,e22_DimensionSourceNotes,1,kenmerken/rubformaths.rubformathsafm,"16 x 10,5 x 1","16 x 10,5 x 1 - height, width, depth, kenmerken/rubformaths.rubformathsafm"
3d7b976f-b20d-5f5e-90aa-5edceaa2f1f2,tg:rubhs:144_#1,e22_DimensionSourceNotes,1,kenmerken/rubformaths.rubformathsafm,"16 x 10,5 x 1","16 x 10,5 x 1 - height, width, depth, kenmerken/rubformaths.rubformathsafm"
6e945ea5-b1ba-5b65-8ff3-20e606f8d585,tg:rubhs:154_#1,e22_DimensionSourceNotes,1,kenmerken/rubformaths.rubformathsafm,"17 x 10 x 0,3","17 x 10 x 0,3 - height, width, depth, kenmerken/rubformaths.rubformathsafm"
ab2b1c8a-37fb-5134-96a4-1e23b7890712,tg:rubhs:126_#1,e22_DimensionSourceNotes,1,kenmerken/rubformaths.rubformathsafm,"7 x 11 x 0,5","7 x 11 x 0,5 - height, width, depth, kenmerken/rubformaths.rubformathsafm"
ada0fb10-6451-5f52-9784-5960b9dacea8,tg:rubhs:136_#1,e22_DimensionSourceNotes,1,kenmerken/rubformaths.rubformathsafm,16 x 10 x 2,"16 x 10 x 2 - height, width, depth, kenmerken/rubformaths.rubformathsafm"
50156a22-632b-5770-8a14-eab4fb0c6233,tg:rubhs:92_#1,e22_DimensionSourceNotes,1,kenmerken/rubformaths.rubformathsafm,"16 x 10 x 0,8","16 x 10 x 0,8 - height, width, depth, kenmerken/rubformaths.rubformathsafm"
199a4a04-99dd-5bf6-a09d-f42c8ad0b4cf,tg:rubhs:82_#1,e22_DimensionSourceNotes,1,kenmerken/rubformaths.rubformathsafm,"10 x 15,5 x 0,6","10 x 15,5 x 0,6 - height, width, depth, kenmerken/rubformaths.rubformathsafm"
e8ba26a6-e980-54ea-aa0d-722472d0b018,tg:rubhs:206_#1,e22_DimensionSourceNotes,1,kenmerken/rubformaths.rubformathsafm,"20,5 x 16,5 x 0,7","20,5 x 16,5 x 0,7 - height, width, depth, kenmerken/rubformaths.rubformathsafm"
37dfdcfb-91e9-5761-8332-6063e7e77068,tg:rubhs:170_#1,e22_DimensionSourceNotes,1,kenmerken/rubformaths.rubformathsafm,"16,5 x 10,5 x 0,1","16,5 x 10,5 x 0,1 - height, width, depth, kenmerken/rubformaths.rubformathsafm"
49530f1d-5bfd-5f3d-9387-1d242d116bcb,tg:rubhs:49_#1,e22_DimensionSourceNotes,1,kenmerken/rubformaths.rubformathsafm,"10 x 7 x 1,5","10 x 7 x 1,5 - height, width, depth, kenmerken/rubformaths.rubformathsafm"
a456ea64-60eb-5823-b7c3-fcc17917ed72,tg:rubhs:59_#1,e22_DimensionSourceNotes,1,kenmerken/rubformaths.rubformathsafm,"17 x 10,5 x 0,5","17 x 10,5 x 0,5 - height, width, depth, kenmerken/rubformaths.rubformathsafm"
21e66a10-6e9c-5d38-b4d4-a049cebc79c2,tg:rubhs:112_#1,e22_DimensionSourceNotes,1,kenmerken/rubformaths.rubformathsafm,"16 x 10 x 1,5","16 x 10 x 1,5 - height, width, depth, kenmerken/rubformaths.rubformathsafm"
7a42a957-8e21-5673-a615-76bfbdefdf26,tg:rubhs:102_#1,e22_DimensionSourceNotes,1,kenmerken/rubformaths.rubformathsafm,"17 x 10,5 x 1","17 x 10,5 x 1 - height, width, depth, kenmerken/rubformaths.rubformathsafm"
2531ede1-d8b6-590e-9bdd-26451bbaa2f7,tg:rubhs:14_#1,e22_DimensionSourceNotes,1,kenmerken/rubformaths.rubformathsafm,"13,6 x 8 x 2","13,6 x 8 x 2 - height, width, depth, kenmerken/rubformaths.rubformathsafm"
efef8e3c-b46a-592b-8b64-6d3a5618766c,tg:rubhs:194_#1,e22_DimensionSourceNotes,1,kenmerken/rubformaths.rubformathsafm,"21 x 17 x 0,5","21 x 17 x 0,5 - height, width, depth, kenmerken/rubformaths.rubformathsafm"
a5db0acd-3e3b-56cd-be59-0fbfccc7e815,tg:rubhs:184_#1,e22_DimensionSourceNotes,1,kenmerken/rubformaths.rubformathsafm,17 x 11 x 2,"17 x 11 x 2 - height, width, depth, kenmerken/rubformaths.rubformathsafm"
259f4cdc-c6be-54e1-91c5-6e9542ecb047,tg:rubhs:76_#1,e22_DimensionSourceNotes,1,kenmerken/rubformaths.rubformathsafm,"16,5 x 10,5 x 1","16,5 x 10,5 x 1 - height, width, depth, kenmerken/rubformaths.rubformathsafm"
5defcea6-1315-54bd-b88c-a6c1350af73a,tg:rubhs:66_#1,e22_DimensionSourceNotes,1,kenmerken/rubformaths.rubformathsafm,"17 x 10,5 x 0,7","17 x 10,5 x 0,7 - height, width, depth, kenmerken/rubformaths.rubformathsafm"
cb2cbf50-22c8-522f-9e23-23cf7dbfb4ba,tg:rubhs:50_#1,e22_DimensionSourceNotes,1,kenmerken/rubformaths.rubformathsafm,"12,5 x 8 x 2","12,5 x 8 x 2 - height, width, depth, kenmerken/rubformaths.rubformathsafm"
078d4c0d-fb7d-509d-a2c6-84c163161555,tg:rubhs:40_#1,e22_DimensionSourceNotes,1,kenmerken/rubformaths.rubformathsafm,"13 x 8,7 x 2","13 x 8,7 x 2 - height, width, depth, kenmerken/rubformaths.rubformathsafm"
363f6a72-60db-51e5-80fe-c967c4c9ccc7,tg:rubhs:169_#1,e22_DimensionSourceNotes,1,kenmerken/rubformaths.rubformathsafm,"16,5 x 11 x 1","16,5 x 11 x 1 - height, width, depth, kenmerken/rubformaths.rubformathsafm"
ed458e55-6b7a-5f37-9260-b579dc7fc715,tg:rubhs:179_#1,e22_DimensionSourceNotes,1,kenmerken/rubformaths.rubformathsafm,16 x 10 x 2,"16 x 10 x 2 - height, width, depth, kenmerken/rubformaths.rubformathsafm"
a6267991-47ab-5f02-a3d0-165b1a0ca4c3,tg:rubhs:32_#1,e22_DimensionSourceNotes,1,kenmerken/rubformaths.rubformathsafm,"12,5 x 8,5 x 0,7","12,5 x 8,5 x 0,7 - height, width, depth, kenmerken/rubformaths.rubformathsafm"
27accdde-8d37-58df-a933-8ea1f9a28808,tg:rubhs:22_#1,e22_DimensionSourceNotes,1,kenmerken/rubformaths.rubformathsafm,"7,6 x 11 x 0,7","7,6 x 11 x 0,7 - height, width, depth, kenmerken/rubformaths.rubformathsafm"
12e2497b-e154-5377-8149-0e444e74378a,tg:rubhs:134_#1,e22_DimensionSourceNotes,1,kenmerken/rubformaths.rubformathsafm,"16,5 x 10 x 1,7","16,5 x 10 x 1,7 - height, width, depth, kenmerken/rubformaths.rubformathsafm"
d7deff59-3817-540a-a996-084957f85831,tg:rubhs:124_#1,e22_DimensionSourceNotes,1,kenmerken/rubformaths.rubformathsafm,"7 x 11 x 0,5","7 x 11 x 0,5 - height, width, depth, kenmerken/rubformaths.rubformathsafm"
118a2497-d0a5-5718-9310-7565172cd034,tg:rubhs:156_#1,e22_DimensionSourceNotes,1,kenmerken/rubformaths.rubformathsafm,"16,5 x 10,5 x 0,5","16,5 x 10,5 x 0,5 - height, width, depth, kenmerken/rubformaths.rubformathsafm"
4f64b2d8-7381-5c7c-875e-2f4b2b129f77,tg:rubhs:146_#1,e22_DimensionSourceNotes,1,kenmerken/rubformaths.rubformathsafm,"16,5 x 10,5 x 1","16,5 x 10,5 x 1 - height, width, depth, kenmerken/rubformaths.rubformathsafm"
595c84f4-0213-5540-8e85-86b168f8bab5,tg:rubhs:41_#1,e22_DimensionSourceNotes,1,kenmerken/rubformaths.rubformathsafm,"14 x 9,5 x 1,5","14 x 9,5 x 1,5 - height, width, depth, kenmerken/rubformaths.rubformathsafm"
7bd7948d-a147-5a8e-a99a-16e821da06fa,tg:rubhs:51_#1,e22_DimensionSourceNotes,1,kenmerken/rubformaths.rubformathsafm,"16,5 x 10,5 x 0,3","16,5 x 10,5 x 0,3 - height, width, depth, kenmerken/rubformaths.rubformathsafm"
6d159392-2438-5e4d-9a1c-afef4d1d6c41,tg:rubhs:23_#1,e22_DimensionSourceNotes,1,kenmerken/rubformaths.rubformathsafm,"11,2 x 8,3 x 1,2","11,2 x 8,3 x 1,2 - height, width, depth, kenmerken/rubformaths.rubformathsafm"
d922a1d8-0d13-55d1-b043-1caac07763d2,tg:rubhs:33_#1,e22_DimensionSourceNotes,1,kenmerken/rubformaths.rubformathsafm,"11,6 x 8 x 0,8","11,6 x 8 x 0,8 - height, width, depth, kenmerken/rubformaths.rubformathsafm"
cc71617a-e480-570c-b998-22558fa0e9fc,tg:rubhs:178_#1,e22_DimensionSourceNotes,1,kenmerken/rubformaths.rubformathsafm,16 x 10 x 2,"16 x 10 x 2 - height, width, depth, kenmerken/rubformaths.rubformathsafm"
f067f7dc-77bc-5780-a6ad-e6c6c9f55116,tg:rubhs:168_#1,e22_DimensionSourceNotes,1,kenmerken/rubformaths.rubformathsafm,"12,5 x 8,5 x 0,5","12,5 x 8,5 x 0,5 - height, width, depth, kenmerken/rubformaths.rubformathsafm"
09787836-cf6f-599f-8276-45d6aa10b17b,tg:rubhs:125_#1,e22_DimensionSourceNotes,1,kenmerken/rubformaths.rubformathsafm,"7 x 11 x 0,5","7 x 11 x 0,5 - height, width, depth, kenmerken/rubformaths.rubformathsafm"
e53c530a-232f-5968-bbd6-216ba7fb92c5,tg:rubhs:135_#1,e22_DimensionSourceNotes,1,kenmerken/rubformaths.rubformathsafm,"15,5 x 9,5 x 1","15,5 x 9,5 x 1 - height, width, depth, kenmerken/rubformaths.rubformathsafm"
5df33536-0257-50e2-899f-b7ca075b74a7,tg:rubhs:147_#1,e22_DimensionSourceNotes,1,kenmerken/rubformaths.rubformathsafm,"16 x 10 x 1,5","16 x 10 x 1,5 - height, width, depth, kenmerken/rubformaths.rubformathsafm"
6d3a826c-702e-5c73-8866-0cb8155f9d41,tg:rubhs:157_#1,e22_DimensionSourceNotes,1,kenmerken/rubformaths.rubformathsafm,"16 x 10 x 1,7","16 x 10 x 1,7 - height, width, depth, kenmerken/rubformaths.rubformathsafm"
85ffdb52-c485-5985-85ff-be87234bef3a,tg:rubhs:207_#1,e22_DimensionSourceNotes,1,kenmerken/rubformaths.rubformathsafm,"22 x 16,5 x 1","22 x 16,5 x 1 - height, width, depth, kenmerken/rubformaths.rubformathsafm"
9f187034-6d97-51c1-a06a-9a23dff03b4f,tg:rubhs:83_#1,e22_DimensionSourceNotes,1,kenmerken/rubformaths.rubformathsafm,"17 x 12 x 0,3","17 x 12 x 0,3 - height, width, depth, kenmerken/rubformaths.rubformathsafm"
59b1136a-dec9-5695-aaa2-e7c32e825b0d,tg:rubhs:93_#1,e22_DimensionSourceNotes,1,kenmerken/rubformaths.rubformathsafm,"16 x 10 x 1,1","16 x 10 x 1,1 - height, width, depth, kenmerken/rubformaths.rubformathsafm"
d00123d2-4e49-532f-b634-5192bc959496,tg:rubhs:171_#1,e22_DimensionSourceNotes,1,kenmerken/rubformaths.rubformathsafm,"16,5 x 11,5 x 1","16,5 x 11,5 x 1 - height, width, depth, kenmerken/rubformaths.rubformathsafm"
bb84d086-f20b-5493-bff6-77e4cea64a09,tg:rubhs:103_#1,e22_DimensionSourceNotes,1,kenmerken/rubformaths.rubformathsafm,"17 x 10,5 x 1","17 x 10,5 x 1 - height, width, depth, kenmerken/rubformaths.rubformathsafm"
72d62190-c444-585b-88fb-f969c7699910,tg:rubhs:113_#1,e22_DimensionSourceNotes,1,kenmerken/rubformaths.rubformathsafm,"17 x 10,5 x 0,7","17 x 10,5 x 0,7 - height, width, depth, kenmerken/rubformaths.rubformathsafm"
c2abaf85-c5e8-5f6b-a9d9-1a1b618745c5,tg:rubhs:58_#1,e22_DimensionSourceNotes,1,kenmerken/rubformaths.rubformathsafm,"16,5 x 10 x 0,3","16,5 x 10 x 0,3 - height, width, depth, kenmerken/rubformaths.rubformathsafm"
78014074-6231-593d-8d4c-399adeb1e8a4,tg:rubhs:48_#1,e22_DimensionSourceNotes,1,kenmerken/rubformaths.rubformathsafm,"12,6 x 9 x 2","12,6 x 9 x 2 - height, width, depth, kenmerken/rubformaths.rubformathsafm"
c105aaf5-bcb3-5516-b0ca-e807f418b4f4,tg:rubhs:15_#1,e22_DimensionSourceNotes,1,kenmerken/rubformaths.rubformathsafm,"13,3 x 8 x 0,7","13,3 x 8 x 0,7 - height, width, depth, kenmerken/rubformaths.rubformathsafm"
3bf3243b-282f-5116-bafe-47f165ded1c0,tg:rubhs:185_#1,e22_DimensionSourceNotes,1,kenmerken/rubformaths.rubformathsafm,"21,5 x 18 x 2","21,5 x 18 x 2 - height, width, depth, kenmerken/rubformaths.rubformathsafm"
5a25f7bf-106a-5288-9e86-ca047c45adae,tg:rubhs:195_#1,e22_DimensionSourceNotes,1,kenmerken/rubformaths.rubformathsafm,"16 x 10 x 0,6","16 x 10 x 0,6 - height, width, depth, kenmerken/rubformaths.rubformathsafm"
95dfc8c4-eb93-5660-b15d-25db2e6675eb,tg:rubhs:67_#1,e22_DimensionSourceNotes,1,kenmerken/rubformaths.rubformathsafm,"16,5 x 10,5 x 0,5","16,5 x 10,5 x 0,5 - height, width, depth, kenmerken/rubformaths.rubformathsafm"
e602992e-405e-5e8a-a048-7d03e6d7745b,tg:rubhs:77_#1,e22_DimensionSourceNotes,1,kenmerken/rubformaths.rubformathsafm,"17 x 10,5 x 1","17 x 10,5 x 1 - height, width, depth, kenmerken/rubformaths.rubformathsafm"
7312b51c-11d7-56db-8700-19ba55b98e1d,tg:rubhs:6_#1,e22_DimensionSourceNotes,1,kenmerken/rubformaths.rubformathsafm,"13,3 x 8,2 x 0,5","13,3 x 8,2 x 0,5 - height, width, depth, kenmerken/rubformaths.rubformathsafm"
7cb540c6-0d43-5074-a889-4d6a974350c1,tg:rubhs:10_#1,e22_DimensionSourceNotes,1,kenmerken/rubformaths.rubformathsafm,"13,3 x 8 x 0,7","13,3 x 8 x 0,7 - height, width, depth, kenmerken/rubformaths.rubformathsafm"
11bfe5cf-247b-5f8b-b000-ae652f064b31,tg:rubhs:72_#1,e22_DimensionSourceNotes,1,kenmerken/rubformaths.rubformathsafm,"16,5 x 10,5 x 0,3","16,5 x 10,5 x 0,3 - height, width, depth, kenmerken/rubformaths.rubformathsafm"
766aff27-7f3f-50f4-a32a-221fef876a2a,tg:rubhs:62_#1,e22_DimensionSourceNotes,1,kenmerken/rubformaths.rubformathsafm,"16,5 x 10,5 x 1,5","16,5 x 10,5 x 1,5 - height, width, depth, kenmerken/rubformaths.rubformathsafm"
760fc914-e7e8-5495-a804-c65bbd493330,tg:rubhs:180_#1,e22_DimensionSourceNotes,1,kenmerken/rubformaths.rubformathsafm,16 x 10 x 2,"16 x 10 x 2 - height, width, depth, kenmerken/rubformaths.rubformathsafm"
3845101d-ae35-59fa-8399-07fd4f3a3b56,tg:rubhs:129_#1,e22_DimensionSourceNotes,1,kenmerken/rubformaths.rubformathsafm,"7 x 11 x 0,5","7 x 11 x 0,5 - height, width, depth, kenmerken/rubformaths.rubformathsafm"
8d4adbed-139c-5ce3-a813-cba4d3bdebf7,tg:rubhs:139_#1,e22_DimensionSourceNotes,1,kenmerken/rubformaths.rubformathsafm,"15,7 x 10 x 0,5","15,7 x 10 x 0,5 - height, width, depth, kenmerken/rubformaths.rubformathsafm"
4d1ef414-9182-5689-b7e8-2c7b76fc822c,tg:rubhs:174_#1,e22_DimensionSourceNotes,1,kenmerken/rubformaths.rubformathsafm,"16,5 x 10,5 x 1","16,5 x 10,5 x 1 - height, width, depth, kenmerken/rubformaths.rubformathsafm"
36dd7d50-6276-5357-a1fc-ee4a34966f26,tg:rubhs:164_#1,e22_DimensionSourceNotes,1,kenmerken/rubformaths.rubformathsafm,"12,5 x 8,5 x 0,5","12,5 x 8,5 x 0,5 - height, width, depth, kenmerken/rubformaths.rubformathsafm"
aeb11d70-e89a-5b38-81bb-9d6a2b8de4f4,tg:rubhs:202_#1,e22_DimensionSourceNotes,1,kenmerken/rubformaths.rubformathsafm,"21 x 16,5 x 0,3","21 x 16,5 x 0,3 - height, width, depth, kenmerken/rubformaths.rubformathsafm"
ee8cc939-4eb3-5d65-a3cc-37b205b7581b,tg:rubhs:96_#1,e22_DimensionSourceNotes,1,kenmerken/rubformaths.rubformathsafm,"17 x 10,5 x 0,7","17 x 10,5 x 0,7 - height, width, depth, kenmerken/rubformaths.rubformathsafm"
78844807-a6e6-582f-9d7c-6ba4df66f4cb,tg:rubhs:86_#1,e22_DimensionSourceNotes,1,kenmerken/rubformaths.rubformathsafm,"17 x 11 x 1,5","17 x 11 x 1,5 - height, width, depth, kenmerken/rubformaths.rubformathsafm"
0c522d7e-7b0f-58d2-a1d0-21e18c76206d,tg:rubhs:116_#1,e22_DimensionSourceNotes,1,kenmerken/rubformaths.rubformathsafm,"16,5 x 10,5 x 0,3","16,5 x 10,5 x 0,3 - height, width, depth, kenmerken/rubformaths.rubformathsafm"
99ff87e3-b49f-5a54-a0ca-52b8d62203c7,tg:rubhs:106_#1,e22_DimensionSourceNotes,1,kenmerken/rubformaths.rubformathsafm,"16 x 10 x 1,7","16 x 10 x 1,7 - height, width, depth, kenmerken/rubformaths.rubformathsafm"
703c18ed-bdec-5799-9f10-97e8348ad7cd,tg:rubhs:199_#1,e22_DimensionSourceNotes,1,kenmerken/rubformaths.rubformathsafm,"23,5 x 18,5 x 0,2","23,5 x 18,5 x 0,2 - height, width, depth, kenmerken/rubformaths.rubformathsafm"
5252ea65-5f28-51ca-abb7-efc74c02bfc1,tg:rubhs:130_#1,e22_DimensionSourceNotes,1,kenmerken/rubformaths.rubformathsafm,"10 x 5,5 x 0,5","10 x 5,5 x 0,5 - height, width, depth, kenmerken/rubformaths.rubformathsafm"
6f7d86e3-ed70-504d-a06c-b05a714fd4eb,tg:rubhs:120_#1,e22_DimensionSourceNotes,1,kenmerken/rubformaths.rubformathsafm,"7 x 11 x 0,5","7 x 11 x 0,5 - height, width, depth, kenmerken/rubformaths.rubformathsafm"
c1deabfc-6cf7-5354-88a8-df059084bf6a,tg:rubhs:142_#1,e22_DimensionSourceNotes,1,kenmerken/rubformaths.rubformathsafm,"15,7 x 10 x 0,5","15,7 x 10 x 0,5 - height, width, depth, kenmerken/rubformaths.rubformathsafm"
ec87b6d0-af70-5183-a6d6-374c3ed484ad,tg:rubhs:19_#1,e22_DimensionSourceNotes,1,kenmerken/rubformaths.rubformathsafm,"11 x 7,4 x 1,1","11 x 7,4 x 1,1 - height, width, depth, kenmerken/rubformaths.rubformathsafm"
149b2d91-c2ad-5bdf-877b-94cc5fa3b09b,tg:rubhs:54_#1,e22_DimensionSourceNotes,1,kenmerken/rubformaths.rubformathsafm,"16,5 x 10,5 x 0,3","16,5 x 10,5 x 0,3 - height, width, depth, kenmerken/rubformaths.rubformathsafm"
ecb6c3a8-f463-5b35-a2a0-cdfee19186df,tg:rubhs:44_#1,e22_DimensionSourceNotes,1,kenmerken/rubformaths.rubformathsafm,"11,5 x 7,6 x 1,5","11,5 x 7,6 x 1,5 - height, width, depth, kenmerken/rubformaths.rubformathsafm"
e2888c40-11ee-50ba-ac04-00355c81b042,tg:rubhs:36_#1,e22_DimensionSourceNotes,1,kenmerken/rubformaths.rubformathsafm,"11,7 x 7,7 x 0,5","11,7 x 7,7 x 0,5 - height, width, depth, kenmerken/rubformaths.rubformathsafm"
9a63a518-a510-5a4d-8abd-f8507e1d708f,tg:rubhs:26_#1,e22_DimensionSourceNotes,1,kenmerken/rubformaths.rubformathsafm,"9,5 x 7 x 1,7","9,5 x 7 x 1,7 - height, width, depth, kenmerken/rubformaths.rubformathsafm"
bb87c8f3-f059-529a-94a8-96fef3455d4c,tg:rubhs:121_#1,e22_DimensionSourceNotes,1,kenmerken/rubformaths.rubformathsafm,"7 x 11 x 0,5","7 x 11 x 0,5 - height, width, depth, kenmerken/rubformaths.rubformathsafm"
097b8fc7-ecb0-54d2-8c97-6af7ed12f22e,tg:rubhs:131_#1,e22_DimensionSourceNotes,1,kenmerken/rubformaths.rubformathsafm,"16 x 10,5 x 1,2","16 x 10,5 x 1,2 - height, width, depth, kenmerken/rubformaths.rubformathsafm"
d3035ba3-a094-5154-9afe-b341289c889a,tg:rubhs:198_#1,e22_DimensionSourceNotes,1,kenmerken/rubformaths.rubformathsafm,"20,8 x 17 x 0,5","20,8 x 17 x 0,5 - height, width, depth, kenmerken/rubformaths.rubformathsafm"
5b881a0a-c4d8-535a-8c06-d9183fb65ee4,tg:rubhs:18_#1,e22_DimensionSourceNotes,1,kenmerken/rubformaths.rubformathsafm,"11,1 x 7,4 x 1","11,1 x 7,4 x 1 - height, width, depth, kenmerken/rubformaths.rubformathsafm"
16939ae4-0e3a-5352-9a02-76bfe59c7d54,tg:rubhs:143_#1,e22_DimensionSourceNotes,1,kenmerken/rubformaths.rubformathsafm,"16 x 10,5 x 1","16 x 10,5 x 1 - height, width, depth, kenmerken/rubformaths.rubformathsafm"
dc088ae6-67cb-53dd-88e3-3cb50a886763,tg:rubhs:153_#1,e22_DimensionSourceNotes,1,kenmerken/rubformaths.rubformathsafm,"16 x 10 x 0,3","16 x 10 x 0,3 - height, width, depth, kenmerken/rubformaths.rubformathsafm"
285ac27a-84a6-5916-9e38-e8e1660bacce,tg:rubhs:45_#1,e22_DimensionSourceNotes,1,kenmerken/rubformaths.rubformathsafm,"12,5 x 9,2 x 1,7","12,5 x 9,2 x 1,7 - height, width, depth, kenmerken/rubformaths.rubformathsafm"
003de1d7-0676-536d-8019-307d3a7f61c7,tg:rubhs:55_#1,e22_DimensionSourceNotes,1,kenmerken/rubformaths.rubformathsafm,"16,5 x 10,2 x 0,3","16,5 x 10,2 x 0,3 - height, width, depth, kenmerken/rubformaths.rubformathsafm"
e9ee0f47-8c16-5cd8-abbe-38712c5466a3,tg:rubhs:27_#1,e22_DimensionSourceNotes,1,kenmerken/rubformaths.rubformathsafm,"12 x 8 x 1,5","12 x 8 x 1,5 - height, width, depth, kenmerken/rubformaths.rubformathsafm"
3035042d-fe0a-5a1a-b2ed-237bbb3bcfea,tg:rubhs:37_#1,e22_DimensionSourceNotes,1,kenmerken/rubformaths.rubformathsafm,"12,7 x 8,6 x 1","12,7 x 8,6 x 1 - height, width, depth, kenmerken/rubformaths.rubformathsafm"
73f58a22-4888-5185-990c-9df0456f53b7,tg:rubhs:11_#1,e22_DimensionSourceNotes,1,kenmerken/rubformaths.rubformathsafm,"13,3 x 8 x 0,7","13,3 x 8 x 0,7 - height, width, depth, kenmerken/rubformaths.rubformathsafm"
9b4fbebb-a7fa-54dd-8cc5-8a8ad984b77c,tg:rubhs:138_#1,e22_DimensionSourceNotes,1,kenmerken/rubformaths.rubformathsafm,16 x 10 x 2,"16 x 10 x 2 - height, width, depth, kenmerken/rubformaths.rubformathsafm"
36a619d5-d117-5747-a87d-ff55254b77e7,tg:rubhs:128_#1,e22_DimensionSourceNotes,1,kenmerken/rubformaths.rubformathsafm,"7 x 11 x 0,5","7 x 11 x 0,5 - height, width, depth, kenmerken/rubformaths.rubformathsafm"
05a87375-69fc-5eca-b8ee-e6fc4b5e8818,tg:rubhs:63_#1,e22_DimensionSourceNotes,1,kenmerken/rubformaths.rubformathsafm,"16,5 x 10,5 x 1,5","16,5 x 10,5 x 1,5 - height, width, depth, kenmerken/rubformaths.rubformathsafm"
b52013a0-b63c-54df-bdf2-1b915b99805b,tg:rubhs:73_#1,e22_DimensionSourceNotes,1,kenmerken/rubformaths.rubformathsafm,"16,5 x 10,5 x 0,3","16,5 x 10,5 x 0,3 - height, width, depth, kenmerken/rubformaths.rubformathsafm"
a8a28038-bb47-5eba-8d32-b4505f564c61,tg:rubhs:181_#1,e22_DimensionSourceNotes,1,kenmerken/rubformaths.rubformathsafm,"19 x 11 x 0,5","19 x 11 x 0,5 - height, width, depth, kenmerken/rubformaths.rubformathsafm"
d7f65999-48f5-5e75-8a18-5117bd20daaa,tg:rubhs:165_#1,e22_DimensionSourceNotes,1,kenmerken/rubformaths.rubformathsafm,"12,5 x 8,5 x 0,5","12,5 x 8,5 x 0,5 - height, width, depth, kenmerken/rubformaths.rubformathsafm"
dcee3243-7c53-5e76-baaa-c95dc3f4a1f6,tg:rubhs:175_#1,e22_DimensionSourceNotes,1,kenmerken/rubformaths.rubformathsafm,"17,5 x 11,5 x 1,5","17,5 x 11,5 x 1,5 - height, width, depth, kenmerken/rubformaths.rubformathsafm"
f39b851e-21b9-510b-810c-df304501335b,tg:rubhs:87_#1,e22_DimensionSourceNotes,1,kenmerken/rubformaths.rubformathsafm,"16 x 10 x 1,5","16 x 10 x 1,5 - height, width, depth, kenmerken/rubformaths.rubformathsafm"
53cddbde-210a-5552-88aa-a19aa398e86c,tg:rubhs:97_#1,e22_DimensionSourceNotes,1,kenmerken/rubformaths.rubformathsafm,"17 x 10,5 x 1","17 x 10,5 x 1 - height, width, depth, kenmerken/rubformaths.rubformathsafm"
e30a2921-6dad-5a77-b6a0-63533fd3c312,tg:rubhs:203_#1,e22_DimensionSourceNotes,1,kenmerken/rubformaths.rubformathsafm,"19,2 x 16 x 0,4","19,2 x 16 x 0,4 - height, width, depth, kenmerken/rubformaths.rubformathsafm"
bfa7278f-aae3-5c02-a8e8-2c42270616fc,tg:rubhs:213_#1,e22_DimensionSourceNotes,1,kenmerken/rubformaths.rubformathsafm,"19 x 13 x 0,7","19 x 13 x 0,7 - height, width, depth, kenmerken/rubformaths.rubformathsafm"
dbe7fb7f-d180-5e7f-a479-0b6c59d29bf1,tg:rubhs:107_#1,e22_DimensionSourceNotes,1,kenmerken/rubformaths.rubformathsafm,"16,5 x 10,5 x 1,2","16,5 x 10,5 x 1,2 - height, width, depth, kenmerken/rubformaths.rubformathsafm"
c535d6e9-0007-557c-823c-ec7a97bf12e1,tg:rubhs:117_#1,e22_DimensionSourceNotes,1,kenmerken/rubformaths.rubformathsafm,"7 x 11 x 0,5","7 x 11 x 0,5 - height, width, depth, kenmerken/rubformaths.rubformathsafm"
db7b1405-2050-5109-b6f5-2d94112fe8c2,tg:rubhs:151_#1,e22_DimensionSourceNotes,1,kenmerken/rubformaths.rubformathsafm,"16,5 x 10,5 x 1,2","16,5 x 10,5 x 1,2 - height, width, depth, kenmerken/rubformaths.rubformathsafm"
0f166e9d-4096-5628-a533-7236debeeb47,tg:rubhs:141_#1,e22_DimensionSourceNotes,1,kenmerken/rubformaths.rubformathsafm,"15,7 x 10 x 0,5","15,7 x 10 x 0,5 - height, width, depth, kenmerken/rubformaths.rubformathsafm"
34de7e8d-7340-5e2d-ab81-bbf9b56b21a5,tg:rubhs:133_#1,e22_DimensionSourceNotes,1,kenmerken/rubformaths.rubformathsafm,"16,5 x 10,5 x 0,7","16,5 x 10,5 x 0,7 - height, width, depth, kenmerken/rubformaths.rubformathsafm"
5738d08e-0140-5924-984e-3068ee85d63e,tg:rubhs:123_#1,e22_DimensionSourceNotes,1,kenmerken/rubformaths.rubformathsafm,"7 x 11 x 0,5","7 x 11 x 0,5 - height, width, depth, kenmerken/rubformaths.rubformathsafm"
83a4b19f-c80d-5ad2-aabe-6ea68f26aa6b,tg:rubhs:68_#1,e22_DimensionSourceNotes,1,kenmerken/rubformaths.rubformathsafm,"16,5 x 10,5 x 0,2","16,5 x 10,5 x 0,2 - height, width, depth, kenmerken/rubformaths.rubformathsafm"
29022d7b-8902-5fa3-b328-9c706d3f8376,tg:rubhs:78_#1,e22_DimensionSourceNotes,1,kenmerken/rubformaths.rubformathsafm,"16,5 x 10,5 x 0,3","16,5 x 10,5 x 0,3 - height, width, depth, kenmerken/rubformaths.rubformathsafm"
d8b5bf72-7cbd-586e-838d-90886ab0b882,tg:rubhs:9_#1,e22_DimensionSourceNotes,1,kenmerken/rubformaths.rubformathsafm,"13,3 x 8,4 x 0,6","13,3 x 8,4 x 0,6 - height, width, depth, kenmerken/rubformaths.rubformathsafm"
2ad1cd0e-861a-5ea9-84e6-5b3e9fff7a81,tg:rubhs:208_#1,e22_DimensionSourceNotes,1,kenmerken/rubformaths.rubformathsafm,"23,5 x 17,5 x 4","23,5 x 17,5 x 4 - height, width, depth, kenmerken/rubformaths.rubformathsafm"
af3ffbe7-72f8-5be6-9d82-a728707b961b,tg:rubhs:218_#1,e22_DimensionSourceNotes,1,kenmerken/rubformaths.rubformathsafm,"22,4 x 18,3","22,4 x 18,3 - height, width, depth, kenmerken/rubformaths.rubformathsafm"
3e8d6af7-23ea-5371-b038-a5134f367cb7,tg:rubhs:35_#1,e22_DimensionSourceNotes,1,kenmerken/rubformaths.rubformathsafm,"10,6 x 6,7 x 0,5","10,6 x 6,7 x 0,5 - height, width, depth, kenmerken/rubformaths.rubformathsafm"
6b1492e3-51fa-53e0-8cc2-580b0b61fe02,tg:rubhs:25_#1,e22_DimensionSourceNotes,1,kenmerken/rubformaths.rubformathsafm,"11 x 7,5 x 1","11 x 7,5 x 1 - height, width, depth, kenmerken/rubformaths.rubformathsafm"
11af4609-627e-59a8-8d39-4e0c36f20741,tg:rubhs:57_#1,e22_DimensionSourceNotes,1,kenmerken/rubformaths.rubformathsafm,"16,5 x 10,5 x 1,5","16,5 x 10,5 x 1,5 - height, width, depth, kenmerken/rubformaths.rubformathsafm"
f7b59239-6e5b-5810-917c-71694554a8ce,tg:rubhs:47_#1,e22_DimensionSourceNotes,1,kenmerken/rubformaths.rubformathsafm,"12,3 x 8,5 x 2","12,3 x 8,5 x 2 - height, width, depth, kenmerken/rubformaths.rubformathsafm"
327319e0-7b76-5daf-97a0-a80e2a27ee99,tg:rubhs:193_#1,e22_DimensionSourceNotes,1,kenmerken/rubformaths.rubformathsafm,"20,3 x 14 x 1","20,3 x 14 x 1 - height, width, depth, kenmerken/rubformaths.rubformathsafm"
05d32546-7bee-5cea-9006-892767c6330e,tg:rubhs:183_#1,e22_DimensionSourceNotes,1,kenmerken/rubformaths.rubformathsafm,19 x 14 x 2,"19 x 14 x 2 - height, width, depth, kenmerken/rubformaths.rubformathsafm"
75b4f59d-c74b-54b1-9481-9aa030f29786,tg:rubhs:71_#1,e22_DimensionSourceNotes,1,kenmerken/rubformaths.rubformathsafm,"16,5 x 10,5 x 0,3","16,5 x 10,5 x 0,3 - height, width, depth, kenmerken/rubformaths.rubformathsafm"
5cadb8ee-a015-5d15-b772-220dcf425e0b,tg:rubhs:61_#1,e22_DimensionSourceNotes,1,kenmerken/rubformaths.rubformathsafm,"17 x 10,5 x 0,6","17 x 10,5 x 0,6 - height, width, depth, kenmerken/rubformaths.rubformathsafm"
a2fc095f-69b2-5fac-868c-651297f3fba2,tg:rubhs:13_#1,e22_DimensionSourceNotes,1,kenmerken/rubformaths.rubformathsafm,"13,3 x 8 x 0,7","13,3 x 8 x 0,7 - height, width, depth, kenmerken/rubformaths.rubformathsafm"
da88d2aa-facc-5716-bdac-74e05b801833,tg:rubhs:148_#1,e22_DimensionSourceNotes,1,kenmerken/rubformaths.rubformathsafm,16 x 10 x 2,"16 x 10 x 2 - height, width, depth, kenmerken/rubformaths.rubformathsafm"
9e90cbd1-20ae-512d-ba3e-f24f6666c9c9,tg:rubhs:158_#1,e22_DimensionSourceNotes,1,kenmerken/rubformaths.rubformathsafm,"16,5 x 10 x 1","16,5 x 10 x 1 - height, width, depth, kenmerken/rubformaths.rubformathsafm"
c95dd17e-9f64-58eb-98da-6982741d0dc6,tg:rubhs:115_#1,e22_DimensionSourceNotes,1,kenmerken/rubformaths.rubformathsafm,"16,5 x 10,5 x 0,3","16,5 x 10,5 x 0,3 - height, width, depth, kenmerken/rubformaths.rubformathsafm"
523fc9f1-c0b0-59eb-afde-4b2241ab1fad,tg:rubhs:105_#1,e22_DimensionSourceNotes,1,kenmerken/rubformaths.rubformathsafm,"17 x 10,5 x 0,3","17 x 10,5 x 0,3 - height, width, depth, kenmerken/rubformaths.rubformathsafm"
ba405876-42ce-5588-be13-17ffb41d36ba,tg:rubhs:211_#1,e22_DimensionSourceNotes,1,kenmerken/rubformaths.rubformathsafm,"24,7 x 18,8 x 2,5","24,7 x 18,8 x 2,5 - height, width, depth, kenmerken/rubformaths.rubformathsafm"
f6765b5f-da0e-531d-82b6-633637a5479d,tg:rubhs:201_#1,e22_DimensionSourceNotes,1,kenmerken/rubformaths.rubformathsafm,"21 x 16,5 x 0,3","21 x 16,5 x 0,3 - height, width, depth, kenmerken/rubformaths.rubformathsafm"
8434871f-a71a-55ec-8407-843696b803f3,tg:rubhs:95_#1,e22_DimensionSourceNotes,1,kenmerken/rubformaths.rubformathsafm,"19 x 12 x 0,5","19 x 12 x 0,5 - height, width, depth, kenmerken/rubformaths.rubformathsafm"
91cb9802-642a-5a21-b808-23acc66cc145,tg:rubhs:85_#1,e22_DimensionSourceNotes,1,kenmerken/rubformaths.rubformathsafm,"17,5 x 11,5 x 1,2","17,5 x 11,5 x 1,2 - height, width, depth, kenmerken/rubformaths.rubformathsafm"
0bacabbe-ddde-56a3-a285-540815f2fab2,tg:rubhs:177_#1,e22_DimensionSourceNotes,1,kenmerken/rubformaths.rubformathsafm,16 x 10 x 2,"16 x 10 x 2 - height, width, depth, kenmerken/rubformaths.rubformathsafm"
96c355f7-2ab8-57d9-8758-6fc069122ac5,tg:rubhs:167_#1,e22_DimensionSourceNotes,1,kenmerken/rubformaths.rubformathsafm,"12,5 x 8,5 x 0,5","12,5 x 8,5 x 0,5 - height, width, depth, kenmerken/rubformaths.rubformathsafm"
e6825b42-691e-5fb3-9dc3-292351f02d6d,tg:rubhs:182_#1,e22_DimensionSourceNotes,1,kenmerken/rubformaths.rubformathsafm,16 x 10 x 2,"16 x 10 x 2 - height, width, depth, kenmerken/rubformaths.rubformathsafm"
b9d634ea-f3ef-52da-ab1f-d2464342cdf3,tg:rubhs:60_#1,e22_DimensionSourceNotes,1,kenmerken/rubformaths.rubformathsafm,16 x 10 x 1,"16 x 10 x 1 - height, width, depth, kenmerken/rubformaths.rubformathsafm"
2f8cddc3-d439-5df7-b107-b64376ec7a53,tg:rubhs:70_#1,e22_DimensionSourceNotes,1,kenmerken/rubformaths.rubformathsafm,"16,5 x 10,5 x 0,2","16,5 x 10,5 x 0,2 - height, width, depth, kenmerken/rubformaths.rubformathsafm"
a53c030c-a34a-5f32-9296-99f7781d758f,tg:rubhs:159_#1,e22_DimensionSourceNotes,1,kenmerken/rubformaths.rubformathsafm,"17 x 10,5 x 1","17 x 10,5 x 1 - height, width, depth, kenmerken/rubformaths.rubformathsafm"
7933e8e6-6bae-5909-826c-958a569fc030,tg:rubhs:149_#1,e22_DimensionSourceNotes,1,kenmerken/rubformaths.rubformathsafm,"17,5 x 11,5 x 1","17,5 x 11,5 x 1 - height, width, depth, kenmerken/rubformaths.rubformathsafm"
ca99dd6f-1ea4-5b22-986e-dc0ccc849956,tg:rubhs:12_#1,e22_DimensionSourceNotes,1,kenmerken/rubformaths.rubformathsafm,"13,3 x 8 x 0,7","13,3 x 8 x 0,7 - height, width, depth, kenmerken/rubformaths.rubformathsafm"
32f7ba7d-bbed-5150-985f-10e610d7cb66,tg:rubhs:104_#1,e22_DimensionSourceNotes,1,kenmerken/rubformaths.rubformathsafm,"16 x 10,5 x 1,5","16 x 10,5 x 1,5 - height, width, depth, kenmerken/rubformaths.rubformathsafm"
506121e0-dec8-5361-8dd3-996af176fb30,tg:rubhs:114_#1,e22_DimensionSourceNotes,1,kenmerken/rubformaths.rubformathsafm,"16 x 10 x 1,5","16 x 10 x 1,5 - height, width, depth, kenmerken/rubformaths.rubformathsafm"
2636be68-8ab5-5b5c-946d-3dc6b62cc625,tg:rubhs:84_#1,e22_DimensionSourceNotes,1,kenmerken/rubformaths.rubformathsafm,"16,5 x 11 x 0,5","16,5 x 11 x 0,5 - height, width, depth, kenmerken/rubformaths.rubformathsafm"
d5d0f7f4-80dc-5a9f-aaef-db316bc03407,tg:rubhs:94_#1,e22_DimensionSourceNotes,1,kenmerken/rubformaths.rubformathsafm,16 x 10 x 1,"16 x 10 x 1 - height, width, depth, kenmerken/rubformaths.rubformathsafm"
05cbda07-04f4-500a-adcc-8029a2baec72,tg:rubhs:200_#1,e22_DimensionSourceNotes,1,kenmerken/rubformaths.rubformathsafm,"21 x 16,5 x 0,3","21 x 16,5 x 0,3 - height, width, depth, kenmerken/rubformaths.rubformathsafm"
e6c99a73-66ca-5729-a75b-3100e8d5822d,tg:rubhs:210_#1,e22_DimensionSourceNotes,1,kenmerken/rubformaths.rubformathsafm,"24,9 x 18,8 x 1,5","24,9 x 18,8 x 1,5 - height, width, depth, kenmerken/rubformaths.rubformathsafm"
c6cd2743-fb4b-5b26-b2cf-f1a44335ba56,tg:rubhs:166_#1,e22_DimensionSourceNotes,1,kenmerken/rubformaths.rubformathsafm,"12,5 x 8,5 x 0,5","12,5 x 8,5 x 0,5 - height, width, depth, kenmerken/rubformaths.rubformathsafm"
bbe84db1-323f-5d08-80c3-4fa68ed743f0,tg:rubhs:176_#1,e22_DimensionSourceNotes,1,kenmerken/rubformaths.rubformathsafm,"14,5 X 10 X 1","14,5 X 10 X 1 - height, width, depth, kenmerken/rubformaths.rubformathsafm"
f7ad2e8a-19e7-514e-9ebc-a910d0c8be3b,tg:rubhs:150_#1,e22_DimensionSourceNotes,1,kenmerken/rubformaths.rubformathsafm,16 x 10 x 1,"16 x 10 x 1 - height, width, depth, kenmerken/rubformaths.rubformathsafm"
6e360931-0f53-5122-8a19-48783af5bf3a,tg:rubhs:79_#1,e22_DimensionSourceNotes,1,kenmerken/rubformaths.rubformathsafm,"16,5 x 10,5 x 0,3","16,5 x 10,5 x 0,3 - height, width, depth, kenmerken/rubformaths.rubformathsafm"
43b46744-0739-51c0-b88c-97654a1e6391,tg:rubhs:69_#1,e22_DimensionSourceNotes,1,kenmerken/rubformaths.rubformathsafm,"16,5 x 10,5 x 0,3","16,5 x 10,5 x 0,3 - height, width, depth, kenmerken/rubformaths.rubformathsafm"
5a198259-4a36-5c9a-b609-105fea4dcb70,tg:rubhs:122_#1,e22_DimensionSourceNotes,1,kenmerken/rubformaths.rubformathsafm,"7 x 11 x 0,5","7 x 11 x 0,5 - height, width, depth, kenmerken/rubformaths.rubformathsafm"
eaeae0ba-eacf-5a0a-9f60-4592485b84a7,tg:rubhs:132_#1,e22_DimensionSourceNotes,1,kenmerken/rubformaths.rubformathsafm,"16,5 x 10,5 x 0,5","16,5 x 10,5 x 0,5 - height, width, depth, kenmerken/rubformaths.rubformathsafm"
f3588c10-fcef-54cd-8bac-2ce640818d00,tg:rubhs:24_#1,e22_DimensionSourceNotes,1,kenmerken/rubformaths.rubformathsafm,"13 x 9,5 x 1,5","13 x 9,5 x 1,5 - height, width, depth, kenmerken/rubformaths.rubformathsafm"
7fa18fd0-1546-5e83-96a0-f39c4f344b05,tg:rubhs:34_#1,e22_DimensionSourceNotes,1,kenmerken/rubformaths.rubformathsafm,"9,7 x 6,6 x 0,8","9,7 x 6,6 x 0,8 - height, width, depth, kenmerken/rubformaths.rubformathsafm"
514e1edb-e0e8-523d-934c-6228550354dc,tg:rubhs:219_#1,e22_DimensionSourceNotes,1,kenmerken/rubformaths.rubformathsafm,"28,2 x 22,3","28,2 x 22,3 - height, width, depth, kenmerken/rubformaths.rubformathsafm"
14419188-cf09-547a-b53f-b06f88500e9b,tg:rubhs:209_#1,e22_DimensionSourceNotes,1,kenmerken/rubformaths.rubformathsafm,"24,7 x 18,8 x 2","24,7 x 18,8 x 2 - height, width, depth, kenmerken/rubformaths.rubformathsafm"
2d5edbc7-0201-54f3-9f9a-38ee44ae8557,tg:rubhs:46_#1,e22_DimensionSourceNotes,1,kenmerken/rubformaths.rubformathsafm,"11,8 x 8 x 1,5","11,8 x 8 x 1,5 - height, width, depth, kenmerken/rubformaths.rubformathsafm"
dfbdc721-6ce6-5076-a3ca-97fdf2115eb4,tg:rubhs:56_#1,e22_DimensionSourceNotes,1,kenmerken/rubformaths.rubformathsafm,"15,8 x 10 x 1","15,8 x 10 x 1 - height, width, depth, kenmerken/rubformaths.rubformathsafm"
