ResourceID,brocade.id,card,order,source_field,source_code,Annotation,Annotation Language,Annotation Type
0b2598b4-2daa-59d7-bbbd-a7e517e1c11a,tg:rubgr:364,e73_AnnotationsImmaterial,1,note.rubalg,"<p>AFG: R85/417b</p>
","<p>AFG: R85/417b</p>
",Nederlands,remarks
5cdd8699-065c-522f-8332-6843378164ca,tg:rubgr:205,e73_AnnotationsImmaterial,1,note.rubalg,"<p><a href=""http://bestiary.ca/etext/druce1919"">http://bestiary.ca/etext/druce1919</a> (gedownload)</p>
","<p><a href=""http://bestiary.ca/etext/druce1919"">http://bestiary.ca/etext/druce1919</a> (gedownload)</p>
",Nederlands,remarks
cfe9a50e-15c3-5603-9629-5ebaf1a78d99,tg:rubgr:352,e73_AnnotationsImmaterial,1,note.rubalg,"<p><a href=""http://www.zeno.org/nid/20004755227"">http://www.zeno.org/nid/20004755227</a></p>
","<p><a href=""http://www.zeno.org/nid/20004755227"">http://www.zeno.org/nid/20004755227</a></p>
",Nederlands,remarks
35930fde-51f0-5566-a72e-e3da992efd42,tg:rubgr:249,e73_AnnotationsImmaterial,1,note.rubalg,"<p>British Library: Contrasto di carnesciale et della quaresima: Microfiche: Primary Source Microfilm (an imprint of Cengage Learning), 2006. Incunabula: the Printing Revolution in Europe 1455-1500. Unit 75 - Printing in Florence Part III, FL 223;</p>
","<p>British Library: Contrasto di carnesciale et della quaresima: Microfiche: Primary Source Microfilm (an imprint of Cengage Learning), 2006. Incunabula: the Printing Revolution in Europe 1455-1500. Unit 75 - Printing in Florence Part III, FL 223;</p>
",Nederlands,remarks
3efd20e7-fd4a-5a9a-b31f-e0dd5bab5f5b,tg:rubgr:431,e73_AnnotationsImmaterial,1,note.rubalg,"<p><a href=""http://digi.ub.uni-heidelberg.de/diglit/cpg76/0001?sid=b7d3baac5335a6b95be5ff650fa976cb"">http://digi.ub.uni-heidelberg.de/diglit/cpg76/0001?sid=b7d3baac5335a6b95be5ff650fa976cb</a></p>
","<p><a href=""http://digi.ub.uni-heidelberg.de/diglit/cpg76/0001?sid=b7d3baac5335a6b95be5ff650fa976cb"">http://digi.ub.uni-heidelberg.de/diglit/cpg76/0001?sid=b7d3baac5335a6b95be5ff650fa976cb</a></p>
",Nederlands,remarks
7205106a-92b0-57a9-96a0-703503d19275,tg:rubgr:1028,e73_AnnotationsImmaterial,1,note.rubalg,"<p>The Missal : compiled by lawful authority from the Missale Romanum : a new edition agreeable with the Vatican typical edition :  together with a supplement containing the additional masses used in English-speaking countries and those for the greater feasts of the principal religious orders</p>
","<p>The Missal : compiled by lawful authority from the Missale Romanum : a new edition agreeable with the Vatican typical edition :  together with a supplement containing the additional masses used in English-speaking countries and those for the greater feasts of the principal religious orders</p>
",Nederlands,remarks
6fbf689f-c91e-5463-a2f4-49a421add01f,tg:rubgr:366,e73_AnnotationsImmaterial,1,note.rubalg,"<p><a href=""http://www.geschkult.fu-berlin.de/e/jancke-quellenkunde/verzeichnis/s/v_schwarz/index.html"">http://www.geschkult.fu-berlin.de/e/jancke-quellenkunde/verzeichnis/s/v_schwarz/index.html</a><br />
<a href=""http://www.bildindex.de/obj20505003.html#"">http://www.bildindex.de/obj20505003.html#</a>|home</p>
","<p><a href=""http://www.geschkult.fu-berlin.de/e/jancke-quellenkunde/verzeichnis/s/v_schwarz/index.html"">http://www.geschkult.fu-berlin.de/e/jancke-quellenkunde/verzeichnis/s/v_schwarz/index.html</a><br />
<a href=""http://www.bildindex.de/obj20505003.html#"">http://www.bildindex.de/obj20505003.html#</a>|home</p>
",Nederlands,remarks
d6cff6a4-801f-59ed-8d3f-b166064d24a7,tg:rubgr:655,e73_AnnotationsImmaterial,1,note.rubalg,"<p><a href=""http://www.bl.uk/catalogues/illuminatedmanuscripts/welcome.htm"">http://www.bl.uk/catalogues/illuminatedmanuscripts/welcome.htm</a></p>
","<p><a href=""http://www.bl.uk/catalogues/illuminatedmanuscripts/welcome.htm"">http://www.bl.uk/catalogues/illuminatedmanuscripts/welcome.htm</a></p>
",Nederlands,remarks
0c88f3f6-288e-5782-8aee-0204878f5911,tg:rubgr:93,e73_AnnotationsImmaterial,1,note.rubalg,"<p>Grossmann 1955, p. 189, nr. 3</p>
","<p>Grossmann 1955, p. 189, nr. 3</p>
",Nederlands,remarks
ec79db82-8e6e-50c3-854c-a05c5b1f21d5,tg:rubgr:247,e73_AnnotationsImmaterial,1,note.rubalg,"<p><a href=""http://www.dbnl.org/titels/titel.php?id=oest001dieb01"">http://www.dbnl.org/titels/titel.php?id=oest001dieb01</a></p>
","<p><a href=""http://www.dbnl.org/titels/titel.php?id=oest001dieb01"">http://www.dbnl.org/titels/titel.php?id=oest001dieb01</a></p>
",Nederlands,remarks
551026ab-1969-5941-912a-b267f9d3a140,tg:rubgr:271,e73_AnnotationsImmaterial,1,note.rubalg,"<p><a href=""http://gallica.bnf.fr/ark:/12148/bpt6k5625727m"">http://gallica.bnf.fr/ark:/12148/bpt6k5625727m</a></p>
","<p><a href=""http://gallica.bnf.fr/ark:/12148/bpt6k5625727m"">http://gallica.bnf.fr/ark:/12148/bpt6k5625727m</a></p>
",Nederlands,remarks
e03e2fb0-ffc0-58ed-b220-af8624cb9bd6,tg:rubgr:3710,e73_AnnotationsImmaterial,1,note.rubalg,"<p>Op achterzijde van AFG_098_020</p>
","<p>Op achterzijde van AFG_098_020</p>
",Nederlands,remarks
94dd456a-5a2d-5392-8d75-a1e871c34561,tg:rubgr:201,e73_AnnotationsImmaterial,1,note.rubalg,"<p><a href=""http://digi.ub.uni-heidelberg.de/diglit/helbing1933_11_02_bd2/0010"">http://digi.ub.uni-heidelberg.de/diglit/helbing1933_11_02_bd2/0010</a></p>
","<p><a href=""http://digi.ub.uni-heidelberg.de/diglit/helbing1933_11_02_bd2/0010"">http://digi.ub.uni-heidelberg.de/diglit/helbing1933_11_02_bd2/0010</a></p>
",Nederlands,remarks
94dd456a-5a2d-5392-8d75-a1e871c34561,tg:rubgr:201,e73_AnnotationsImmaterial,2,note.rubalg,"<p><a href=""http://arcade.nyarc.org/record=b1093068~S7"">http://arcade.nyarc.org/record=b1093068~S7</a></p>
","<p><a href=""http://arcade.nyarc.org/record=b1093068~S7"">http://arcade.nyarc.org/record=b1093068~S7</a></p>
",Nederlands,remarks
d8aaa8f2-5a13-5fa4-8253-fb6aa53f48f7,tg:rubgr:1207,e73_AnnotationsImmaterial,1,note.rubalg,"<p>Zie ook <strong>RA 009 / 228</strong>.</p>
","<p>Zie ook <strong>RA 009 / 228</strong>.</p>
",Nederlands,remarks
ca91ea26-bfff-5961-b894-6c9ee193d370,tg:rubgr:114,e73_AnnotationsImmaterial,1,note.rubalg,"<p>blad 2: beschadigd</p>
","<p>blad 2: beschadigd</p>
",Nederlands,remarks
439b5b4d-a57a-5b41-9a6f-f4599efabfa4,tg:rubdoc:4225,e73_AnnotationsImmaterial,1,note.rubalg,"<p>Donated to the Rubenianum by Karsten Evers (Hans Gerhard Evers' youngest son) in 2019.</p>
","<p>Donated to the Rubenianum by Karsten Evers (Hans Gerhard Evers' youngest son) in 2019.</p>
",Nederlands,remarks
bbd86a70-370b-5266-842f-1b6c14e7c06a,tg:rubdoc:4235,e73_AnnotationsImmaterial,1,note.rubalg,"<p>Etiket op rug: &quot;[T]entoonstelling Jordaens / Engeland / Holland / Oostenrijk Hongarije&quot;.</p>
<p>Bevat inkomende briefwisseling uit de periode van september 1904 tot en met december 1905 ter voorbereiding en eveneens ter afhandeling van de tentoonstelling, voornamelijk gericht aan Rooses maar ook aan de burgemeester van Antwerpen.</p>
<p>Drie brieven werden los toegevoegd: een van 26/12/1905, een van 18/3/1906 en een van 2/04/1906. Dit los toevoegen van iets jongere documenten doet vermoeden dat het inbinden reeds in 1905 zelf gebeurde.</p>
<p>De briefwisseling is geordend per land (telkens afgebakend met een tussenblad en tabblad) en vervolgens chronologisch op datum.</p>
<p>Bevat verder ook visitekaartjes, postkaarten, foto's van kunstwerken, een telegram, een krantenknipsel, een reproductieprent uit publicatie geknipt en een gedrukt document met een overzicht van de leden van de <em>Commission autrichienne pour l'exposition universelle de Liége en 1905</em>.</p>
","<p>Etiket op rug: &quot;[T]entoonstelling Jordaens / Engeland / Holland / Oostenrijk Hongarije&quot;.</p>
<p>Bevat inkomende briefwisseling uit de periode van september 1904 tot en met december 1905 ter voorbereiding en eveneens ter afhandeling van de tentoonstelling, voornamelijk gericht aan Rooses maar ook aan de burgemeester van Antwerpen.</p>
<p>Drie brieven werden los toegevoegd: een van 26/12/1905, een van 18/3/1906 en een van 2/04/1906. Dit los toevoegen van iets jongere documenten doet vermoeden dat het inbinden reeds in 1905 zelf gebeurde.</p>
<p>De briefwisseling is geordend per land (telkens afgebakend met een tussenblad en tabblad) en vervolgens chronologisch op datum.</p>
<p>Bevat verder ook visitekaartjes, postkaarten, foto's van kunstwerken, een telegram, een krantenknipsel, een reproductieprent uit publicatie geknipt en een gedrukt document met een overzicht van de leden van de <em>Commission autrichienne pour l'exposition universelle de Liége en 1905</em>.</p>
",Nederlands,remarks
bbd86a70-370b-5266-842f-1b6c14e7c06a,tg:rubdoc:4235,e73_AnnotationsImmaterial,2,note.rubalg,"<p>De bundel van oorspronkelijk 10 (waarvan slechts 8 beschreven) katernen werd wegens conservatorische overwegingen gedemonteerd en de stukken worden nu in individuele mapjes bewaard, apart van de kaft.</p>
","<p>De bundel van oorspronkelijk 10 (waarvan slechts 8 beschreven) katernen werd wegens conservatorische overwegingen gedemonteerd en de stukken worden nu in individuele mapjes bewaard, apart van de kaft.</p>
",Nederlands,remarks
ad2cf02e-44e1-5a12-9a6c-745d34f3ed55,tg:rubdoc:4131,e73_AnnotationsImmaterial,1,note.rubalg,"<p>Contains a card with a (passport) photograph of Evers.</p>
","<p>Contains a card with a (passport) photograph of Evers.</p>
",Nederlands,remarks
2d9cada7-03ca-5273-bdb5-59108dc587b9,tg:rubdoc:4180,e73_AnnotationsImmaterial,1,note.rubalg,"<p>They probably were used for the Rubens calendar (see Kiste 2, Lose Akte 25).</p>
","<p>They probably were used for the Rubens calendar (see Kiste 2, Lose Akte 25).</p>
",Nederlands,remarks
e65f865f-587d-53f2-addb-f83fa0a9ed03,tg:rubdoc:4234,e73_AnnotationsImmaterial,1,note.rubalg,"<p>Etiket op rug: &quot;Tentoonstelling Jordaens / Duitschland / Denemarken / Italië / Frankrijk / Zweden / Rusland / Canada&quot;.</p>
<p>Bevat inkomende briefwisseling uit de periode van januari tot en met november 1905 ter voorbereiding en eveneens ter afhandeling van de tentoonstelling (bv. bruiklenen en transport ervan), voornamelijk gericht aan Rooses maar ook aan de burgemeester van Antwerpen.</p>
<p>De briefwisseling is geordend per land (telkens afgebakend met een tussenblad en tabblad) en vervolgens chronologisch op datum. Het grootste deel is afkomstig uit Duitsland; Canada bevat overigens enkel een visitekaartje. Er zit (minstens) een brief tussen die eigenlijk gedateerd is in 1904 maar werd ingewerkt alsof hij uit 1905 dateert.</p>
<p>Bevat verder ook losse notities, foto's van kunstwerken, visitekaartjes, postkaarten, een telegram, een gedrukte brochure van de Duitse spoorwegen en een excerpt uit een collectiecatalogus.</p>
<p>Vooraan bevinden zich een (later toegevoegd) Nederlandstalig en Franstalig exemplaar van de catalogus <em>Tentoonstelling van prenten naar het werk van Pieter Bruegel den Oude</em> (Museum Plantin-Moretus, 6 p.) uit 1924.</p>
","<p>Etiket op rug: &quot;Tentoonstelling Jordaens / Duitschland / Denemarken / Italië / Frankrijk / Zweden / Rusland / Canada&quot;.</p>
<p>Bevat inkomende briefwisseling uit de periode van januari tot en met november 1905 ter voorbereiding en eveneens ter afhandeling van de tentoonstelling (bv. bruiklenen en transport ervan), voornamelijk gericht aan Rooses maar ook aan de burgemeester van Antwerpen.</p>
<p>De briefwisseling is geordend per land (telkens afgebakend met een tussenblad en tabblad) en vervolgens chronologisch op datum. Het grootste deel is afkomstig uit Duitsland; Canada bevat overigens enkel een visitekaartje. Er zit (minstens) een brief tussen die eigenlijk gedateerd is in 1904 maar werd ingewerkt alsof hij uit 1905 dateert.</p>
<p>Bevat verder ook losse notities, foto's van kunstwerken, visitekaartjes, postkaarten, een telegram, een gedrukte brochure van de Duitse spoorwegen en een excerpt uit een collectiecatalogus.</p>
<p>Vooraan bevinden zich een (later toegevoegd) Nederlandstalig en Franstalig exemplaar van de catalogus <em>Tentoonstelling van prenten naar het werk van Pieter Bruegel den Oude</em> (Museum Plantin-Moretus, 6 p.) uit 1924.</p>
",Nederlands,remarks
e65f865f-587d-53f2-addb-f83fa0a9ed03,tg:rubdoc:4234,e73_AnnotationsImmaterial,2,note.rubalg,"<p>De bundel van oorspronkelijk 10 katernen werd wegens conservatorische overwegingen gedemonteerd en de stukken worden nu in individuele mapjes bewaard, apart van de kaft.</p>
","<p>De bundel van oorspronkelijk 10 katernen werd wegens conservatorische overwegingen gedemonteerd en de stukken worden nu in individuele mapjes bewaard, apart van de kaft.</p>
",Nederlands,remarks
ab19efae-57d2-5245-9c83-c6a0af9d167b,tg:rubdoc:4262,e73_AnnotationsImmaterial,1,note.rubalg,"<p>De grotere map rond dit onderwerp in de Rubensdocumentatie bevat ook een overdruk uit de bibliotheek van Burchard (nr. 8111) met een opdracht aan Rooses d.d. 15/02/1903. Dit stuk behoorde vermoedelijk dus ook ooit tot de bibliotheek van Rooses. Het gaat om het artikel 'Rubens' eigenhändiges Original der heiligen Familie in Antwerpen (La vierge au perroquet)' van Eugen Voss. Zie link onderaan.</p>
","<p>De grotere map rond dit onderwerp in de Rubensdocumentatie bevat ook een overdruk uit de bibliotheek van Burchard (nr. 8111) met een opdracht aan Rooses d.d. 15/02/1903. Dit stuk behoorde vermoedelijk dus ook ooit tot de bibliotheek van Rooses. Het gaat om het artikel 'Rubens' eigenhändiges Original der heiligen Familie in Antwerpen (La vierge au perroquet)' van Eugen Voss. Zie link onderaan.</p>
",Nederlands,remarks
0468028f-0e57-5480-abf3-ce05942f43c3,tg:rubdoc:4226,e73_AnnotationsImmaterial,1,note.rubalg,"<p>After finding our archival description online, Evers' youngest son, Karsten Evers, contacted the Rubenianum in 2019. He had found this folder in a box with material of H. G. Evers that came to Karsten Evers after it was nearly thrown away at the Bildarchiv Marburg. He subsequently donated the folder to the Rubenianum.</p>
","<p>After finding our archival description online, Evers' youngest son, Karsten Evers, contacted the Rubenianum in 2019. He had found this folder in a box with material of H. G. Evers that came to Karsten Evers after it was nearly thrown away at the Bildarchiv Marburg. He subsequently donated the folder to the Rubenianum.</p>
",Nederlands,remarks
002257b6-844f-5e14-843f-bf067ce040a1,tg:rubdoc:4236,e73_AnnotationsImmaterial,1,note.rubalg,"<p>Etiket op rug: &quot;Exposition / L'Art Belge au XVIIe siècle / 1910&quot;.</p>
<p>Bevat inkomende briefwisseling uit de periode van 14/05/1909 tot en met 2/01/1911 ter voorbereiding en eveneens ter afhandeling van de tentoonstelling, gericht aan Rooses (heel wat brieven afkomstig van <a href=""https://anet.be/record/isaarrub/au::10919/N"">Paul Lambotte</a>, algemeen secretaris van de commissie).</p>
<p>De brieven zijn (grotendeels) chronologisch geordend en handelen onder meer over het programma van de tentoonstelling en de bruiklenen.</p>
<p>Bevat verder ook drukwerk in verband met de tentoonstelling, lijstjes van kunstwerken, rekeningen, telegrammen, krantenknipsels, een postkaart, een foto van een kunstwerk, een conditierapport van enkele werken, een uittreksel van een proces-verbaal van het college van burgemeester en schepenen van de Stad Antwerpen en een uitnodiging aan Rooses voor het <em>Congrès International d'Art et d'Histoire</em> (augustus 1910).</p>
<p>Achteraan bevinden zich los toegevoegde documenten zoals een hele reeks kladjes van uitgaande brieven van Rooses (deels genummerd), notities van Rooses (e.a.), een rekening, twee brieven aan Rooses en een excerpt uit literatuur.</p>
","<p>Etiket op rug: &quot;Exposition / L'Art Belge au XVIIe siècle / 1910&quot;.</p>
<p>Bevat inkomende briefwisseling uit de periode van 14/05/1909 tot en met 2/01/1911 ter voorbereiding en eveneens ter afhandeling van de tentoonstelling, gericht aan Rooses (heel wat brieven afkomstig van <a href=""https://anet.be/record/isaarrub/au::10919/N"">Paul Lambotte</a>, algemeen secretaris van de commissie).</p>
<p>De brieven zijn (grotendeels) chronologisch geordend en handelen onder meer over het programma van de tentoonstelling en de bruiklenen.</p>
<p>Bevat verder ook drukwerk in verband met de tentoonstelling, lijstjes van kunstwerken, rekeningen, telegrammen, krantenknipsels, een postkaart, een foto van een kunstwerk, een conditierapport van enkele werken, een uittreksel van een proces-verbaal van het college van burgemeester en schepenen van de Stad Antwerpen en een uitnodiging aan Rooses voor het <em>Congrès International d'Art et d'Histoire</em> (augustus 1910).</p>
<p>Achteraan bevinden zich los toegevoegde documenten zoals een hele reeks kladjes van uitgaande brieven van Rooses (deels genummerd), notities van Rooses (e.a.), een rekening, twee brieven aan Rooses en een excerpt uit literatuur.</p>
",Nederlands,remarks
002257b6-844f-5e14-843f-bf067ce040a1,tg:rubdoc:4236,e73_AnnotationsImmaterial,2,note.rubalg,"<p>De bundel van oorspronkelijk 10 (waarvan slechts 7 beschreven) katernen werd wegens conservatorische overwegingen gedemonteerd en de stukken worden nu in individuele mapjes bewaard, apart van de kaft.</p>
","<p>De bundel van oorspronkelijk 10 (waarvan slechts 7 beschreven) katernen werd wegens conservatorische overwegingen gedemonteerd en de stukken worden nu in individuele mapjes bewaard, apart van de kaft.</p>
",Nederlands,remarks
002257b6-844f-5e14-843f-bf067ce040a1,tg:rubdoc:4236,e73_AnnotationsImmaterial,3,note.rubalg,"<p>Opmerking: deze bundel bevatte tijdens de inventarisatie twee losse documenten (een gedrukte rondzendbrief door Rooses geannoteerd en een geschreven brief daterende 19/05/1905; map 32 en 33) die te maken hebben met de Jordaenstentoonstelling van 1905 en terug werden verplaatst naar hun rechtmatige plaats (zijnde: RA 006 / 006).</p>
","<p>Opmerking: deze bundel bevatte tijdens de inventarisatie twee losse documenten (een gedrukte rondzendbrief door Rooses geannoteerd en een geschreven brief daterende 19/05/1905; map 32 en 33) die te maken hebben met de Jordaenstentoonstelling van 1905 en terug werden verplaatst naar hun rechtmatige plaats (zijnde: RA 006 / 006).</p>
",Nederlands,remarks
dd2868d5-af0b-5e92-b4dd-2e0058b607bb,tg:rubdoc:4219,e73_AnnotationsImmaterial,1,note.rubalg,"<p>Possibly connected to RA 010 / 278.</p>
","<p>Possibly connected to RA 010 / 278.</p>
",Nederlands,remarks
2e120e9e-2e7d-5f64-acf2-d9be5b45121b,tg:rubdoc:4227,e73_AnnotationsImmaterial,1,note.rubalg,"<p>Dit dossier werd in het Rubenianum tot eind 2017 bewaard in de dozen <em>Aanbiedingen Schilderijen</em> (bij het adviezenarchief) als dossier &quot;1909/1&quot;. Vermoedelijk kwam het daar terecht in 1982 (af te leiden van het etiket dat erop werd gekleefd). Op het eerste stuk werd ook door een toenmalige medewerker van het Rubenianum (Paul Huvenne) de inhoud geduid. De documenten dragen geen &quot;Doc.Rooses&quot;-stempel, maar dit werd in potlood wel op datzelfde eerste stuk geschreven.</p>
","<p>Dit dossier werd in het Rubenianum tot eind 2017 bewaard in de dozen <em>Aanbiedingen Schilderijen</em> (bij het adviezenarchief) als dossier &quot;1909/1&quot;. Vermoedelijk kwam het daar terecht in 1982 (af te leiden van het etiket dat erop werd gekleefd). Op het eerste stuk werd ook door een toenmalige medewerker van het Rubenianum (Paul Huvenne) de inhoud geduid. De documenten dragen geen &quot;Doc.Rooses&quot;-stempel, maar dit werd in potlood wel op datzelfde eerste stuk geschreven.</p>
",Nederlands,remarks
f1d50cee-780f-5c69-ac0a-55b4d95427f3,tg:rubdoc:4183,e73_AnnotationsImmaterial,1,note.rubalg,"<p>There are other photos of necklaces in RA 010 / 054, RA 010 / 185 and RA 010 / 193.</p>
","<p>There are other photos of necklaces in RA 010 / 054, RA 010 / 185 and RA 010 / 193.</p>
",Nederlands,remarks
b5b4092b-9eac-5dfb-b3ae-60d8539a47e6,tg:rubdoc:3969,e73_AnnotationsImmaterial,1,note.rubalg,"<p>One document bears Evers' signature and stamp (&quot;Prof. Fr. Hans Gerhard Evers 6101 Traisa bei Darmstadt Heldeweg 2 . Tel. 06151/14308&quot;)</p>
","<p>One document bears Evers' signature and stamp (&quot;Prof. Fr. Hans Gerhard Evers 6101 Traisa bei Darmstadt Heldeweg 2 . Tel. 06151/14308&quot;)</p>
",Nederlands,remarks
941f9a7d-4d69-50ed-9754-4a523aa02c60,tg:rubdoc:4328,e73_AnnotationsImmaterial,1,note.rubalg,"<p>Omvat:</p>
<ul>
<li>Brief van Buschmann, vermoedelijk aan Rooses, d.d. 12/11/1901, o.a. betreffende Onze Kunst en Van Eyck.</li>
<li>Drukwerk van Duitse Uitgeverij, met in potlood opschrift &quot;Varia&quot;. Diende als omslag maar is nu leeg.</li>
<li>Drukwerk van Museum Plantin-Moretus met in potlood opschrift &quot;Varia II&quot;. Dient als omslag voor nummer van Duits tijdschrift &quot;Daheim&quot;. De pagina's met het artikel over Rubens werden eruit gehaald en zitten in RA 006 / 015.</li>
<li>Krantenknipsel over Rubens uit Le Matin 27/01/1897.</li>
<li>Excerpt uit literatuur, gedicht 'Rubens Borstbeeld' uit &quot;Dicht en Tooneelkundig Nalatenschap&quot; van J. F. Willems (1856). Geannoteerd maar niet door Rooses.</li>
<li>Excerpt uit literatuur, Franse tekst over Rubens' beeld.</li>
<li>Reeks facturen voor gravuren naar Rubens, aangekocht door ene Lady Carington van ene G.   Love[?], 1854-1857. Gemonteerd op pagina's uit een Brits tijdschrift. Gezien Rooses contacten had met bv. Sainsbury en erg geïnteresseerd was in dit soort gravures, mogelijk afkomstig uit zijn archief. Frans Baudouin voegde de nota &quot;class. in de Rubens' Bible&quot; bij de stukken.</li>
</ul>
<p>Het is niet van alle stukken 100% zeker dat ze uit het archief van Rooses afkomstig zijn. De stukken werden in mei 2021 teruggevonden in de doos met algemene biografische stukken over Rubens bij de Rubensdocumentatie van het Rubenianum. In de dozen met verzameling losse stukken m.b.t. documenten over Rubens bij de Rubensdocumentatie van het Rubenianum, zit in map 234 vooraan overigens één transcriptie die 19de-eeuws oogt en mogelijk ook uit het archief van Rooses afkomstig is.</p>
","<p>Omvat:</p>
<ul>
<li>Brief van Buschmann, vermoedelijk aan Rooses, d.d. 12/11/1901, o.a. betreffende Onze Kunst en Van Eyck.</li>
<li>Drukwerk van Duitse Uitgeverij, met in potlood opschrift &quot;Varia&quot;. Diende als omslag maar is nu leeg.</li>
<li>Drukwerk van Museum Plantin-Moretus met in potlood opschrift &quot;Varia II&quot;. Dient als omslag voor nummer van Duits tijdschrift &quot;Daheim&quot;. De pagina's met het artikel over Rubens werden eruit gehaald en zitten in RA 006 / 015.</li>
<li>Krantenknipsel over Rubens uit Le Matin 27/01/1897.</li>
<li>Excerpt uit literatuur, gedicht 'Rubens Borstbeeld' uit &quot;Dicht en Tooneelkundig Nalatenschap&quot; van J. F. Willems (1856). Geannoteerd maar niet door Rooses.</li>
<li>Excerpt uit literatuur, Franse tekst over Rubens' beeld.</li>
<li>Reeks facturen voor gravuren naar Rubens, aangekocht door ene Lady Carington van ene G.   Love[?], 1854-1857. Gemonteerd op pagina's uit een Brits tijdschrift. Gezien Rooses contacten had met bv. Sainsbury en erg geïnteresseerd was in dit soort gravures, mogelijk afkomstig uit zijn archief. Frans Baudouin voegde de nota &quot;class. in de Rubens' Bible&quot; bij de stukken.</li>
</ul>
<p>Het is niet van alle stukken 100% zeker dat ze uit het archief van Rooses afkomstig zijn. De stukken werden in mei 2021 teruggevonden in de doos met algemene biografische stukken over Rubens bij de Rubensdocumentatie van het Rubenianum. In de dozen met verzameling losse stukken m.b.t. documenten over Rubens bij de Rubensdocumentatie van het Rubenianum, zit in map 234 vooraan overigens één transcriptie die 19de-eeuws oogt en mogelijk ook uit het archief van Rooses afkomstig is.</p>
",Nederlands,remarks
643a56ab-ada8-5856-bc6f-6d6b4c7e4a1c,tg:rubdoc:4232,e73_AnnotationsImmaterial,1,note.rubalg,"<p>Deze documenten werden ooit terug uit de Rubensdocumentatie van het Rubenianum gehaald of werden er nooit in ingeklasseerd. Deze stukken worden daarom nu los bij het archief van Rooses bewaard.</p>
","<p>Deze documenten werden ooit terug uit de Rubensdocumentatie van het Rubenianum gehaald of werden er nooit in ingeklasseerd. Deze stukken worden daarom nu los bij het archief van Rooses bewaard.</p>
",Nederlands,remarks
0a42d3d4-1adb-5580-af78-935351735045,tg:rubdoc:4329,e73_AnnotationsImmaterial,1,note.rubalg,"<p>De stukken werden teruggevonden in de Rubenianumdocumentatie over het Rubenshuis (materiaal Frans Baudouin-Nora De Poorter). Gezien verschillende stukken annotaties van Rooses bevatten en gezien de datering, zijn ze vermoedelijk allemaal afkomstig uit het archief van Rooses. Doorheen de jaren werden ze in het Rubenianum wel in een niet originele map en allerlei submappen gestoken.</p>
","<p>De stukken werden teruggevonden in de Rubenianumdocumentatie over het Rubenshuis (materiaal Frans Baudouin-Nora De Poorter). Gezien verschillende stukken annotaties van Rooses bevatten en gezien de datering, zijn ze vermoedelijk allemaal afkomstig uit het archief van Rooses. Doorheen de jaren werden ze in het Rubenianum wel in een niet originele map en allerlei submappen gestoken.</p>
",Nederlands,remarks
cd1168e0-7a6a-5958-a1ad-d99aa160b42b,tg:rubdoc:4233,e73_AnnotationsImmaterial,1,note.rubalg,"<p>Etiket op rug: &quot;Tentoonstelling Jordaens / België 8 December 1904 tot 18 Juli 1905 / Dagbladen 23 Januari 1905 tot 27 ber [sic] 1905&quot;.</p>
<p>Deze bundel bestaat uit twee delen:</p>
<ul>
<li>
<p>Het eerste deel bevat voornamelijk briefwisseling aan Rooses in verband met de voorbereidingen van de tentoonstelling (o.a. de bruiklenen). De ingebonden brieven dateren uit de periode van 8 december 1904 tot en met 18 juli 1905 en zijn chronologisch geklasseerd. Hier zit één brief tussen die gedateerd is 29/06/1904, maar het zou kunnen dat het jaartal er fout op staat en zo werd hij ook ingeklasseerd door Rooses (als zijnde 1905). Eén latere brief van 25/11/1905 werd los vooraan toegevoegd.<br />
Tussen de brieven zitten heel wat bijkomende documenten, zoals visitekaartjes, lijsten van kunstwerken, notities, drukwerk in verband met de tentoonstelling (rondzendbrieven, aankondiging, uitnodigingen, verzekeringsformulieren, documenten in verband met transport kunstwerken, ...), foto's van kunstwerken, krantenknipsels en postkaarten. Verder ook nog een schetsje van een kunstwerk, een rondzendbrief van het Congres van Kunst- en Letterkundigen Eigendom in België, een uitnodiging aan Rooses voor een feestmaal en een proces-verbaal en overdruk van de gemeenteraad van Antwerpen.<br />
De eerste brieven (december 1904 - maart 1905) zaten tijdens inventarisatie achteraan in de bundel. Deze orde werd hersteld.<br />
Er werden achteraan twee documenten (een gedrukte rondzendbrief door Rooses geannoteerd en een geschreven brief daterende 19/05/1905) terug toegevoegd die verkeerdelijk in de bundel van de tentoonstelling <em>L'Art Belge au XVIIe siècle</em> terecht waren gekomen (zie ook RA 006 / 011; map 32 en 33).</p>
</li>
<li>
<p>Het tweede deel van de bundel omslaat op papier gekleefde knipsels uit kranten en tijdschriften, daterende van 23/01/1905 t.e.m. 4/11/1905. In de eerste katern zit een enkel los excerpt uit literatuur.</p>
</li>
</ul>
","<p>Etiket op rug: &quot;Tentoonstelling Jordaens / België 8 December 1904 tot 18 Juli 1905 / Dagbladen 23 Januari 1905 tot 27 ber [sic] 1905&quot;.</p>
<p>Deze bundel bestaat uit twee delen:</p>
<ul>
<li>
<p>Het eerste deel bevat voornamelijk briefwisseling aan Rooses in verband met de voorbereidingen van de tentoonstelling (o.a. de bruiklenen). De ingebonden brieven dateren uit de periode van 8 december 1904 tot en met 18 juli 1905 en zijn chronologisch geklasseerd. Hier zit één brief tussen die gedateerd is 29/06/1904, maar het zou kunnen dat het jaartal er fout op staat en zo werd hij ook ingeklasseerd door Rooses (als zijnde 1905). Eén latere brief van 25/11/1905 werd los vooraan toegevoegd.<br />
Tussen de brieven zitten heel wat bijkomende documenten, zoals visitekaartjes, lijsten van kunstwerken, notities, drukwerk in verband met de tentoonstelling (rondzendbrieven, aankondiging, uitnodigingen, verzekeringsformulieren, documenten in verband met transport kunstwerken, ...), foto's van kunstwerken, krantenknipsels en postkaarten. Verder ook nog een schetsje van een kunstwerk, een rondzendbrief van het Congres van Kunst- en Letterkundigen Eigendom in België, een uitnodiging aan Rooses voor een feestmaal en een proces-verbaal en overdruk van de gemeenteraad van Antwerpen.<br />
De eerste brieven (december 1904 - maart 1905) zaten tijdens inventarisatie achteraan in de bundel. Deze orde werd hersteld.<br />
Er werden achteraan twee documenten (een gedrukte rondzendbrief door Rooses geannoteerd en een geschreven brief daterende 19/05/1905) terug toegevoegd die verkeerdelijk in de bundel van de tentoonstelling <em>L'Art Belge au XVIIe siècle</em> terecht waren gekomen (zie ook RA 006 / 011; map 32 en 33).</p>
</li>
<li>
<p>Het tweede deel van de bundel omslaat op papier gekleefde knipsels uit kranten en tijdschriften, daterende van 23/01/1905 t.e.m. 4/11/1905. In de eerste katern zit een enkel los excerpt uit literatuur.</p>
</li>
</ul>
",Nederlands,remarks
cd1168e0-7a6a-5958-a1ad-d99aa160b42b,tg:rubdoc:4233,e73_AnnotationsImmaterial,2,note.rubalg,"<p>De bundel van oorspronkelijk 18 (15+3) katernen werd wegens conservatorische overwegingen gedemonteerd en de stukken worden nu in individuele mapjes bewaard, apart van de kaft.</p>
","<p>De bundel van oorspronkelijk 18 (15+3) katernen werd wegens conservatorische overwegingen gedemonteerd en de stukken worden nu in individuele mapjes bewaard, apart van de kaft.</p>
",Nederlands,remarks
e143e02a-6049-5504-b0c2-ed597bc2b920,tg:rubdoc:3989,e73_AnnotationsImmaterial,1,note.rubalg,"<p>Contains three photographs of the restauration of the Rubenshouse.</p>
","<p>Contains three photographs of the restauration of the Rubenshouse.</p>
",Nederlands,remarks
c0f66260-fce1-55bf-ad1b-99b269cd9afd,tg:rubdoc:4231,e73_AnnotationsImmaterial,1,note.rubalg,"<p>Vermoedelijk zaten de stukken oorspronkelijk in de grotere band rond hetzelfde onderwerp (RA 006 / 004) maar werden ze er in het Rubenianum ooit uitgehaald en niet teruggestoken.</p>
","<p>Vermoedelijk zaten de stukken oorspronkelijk in de grotere band rond hetzelfde onderwerp (RA 006 / 004) maar werden ze er in het Rubenianum ooit uitgehaald en niet teruggestoken.</p>
",Nederlands,remarks
14db1bde-a748-5dc9-b232-2c4baf24762d,tg:rubdoc:4228,e73_AnnotationsImmaterial,1,note.rubalg,"<p>Rooses schreef in potlood bovenaan de brieven het onderwerp van het werk van Rubens waarover ze handelen. De brieven zijn geordend op dit onderwerp.</p>
<p>Etiket op rug: &quot;Oeuvre de Rubens 1885 / 1887&quot;. Op schutblad: &quot;I&quot;. Behandelt veelal Bijbelse onderwerpen in het werk van Rubens. De chronologische afbakening lijkt niet te kloppen: de bundel bevat ook documenten van 1878 t.e.m. 1884 en van 1888 t.e.m. 1892. Rooses schreef op de eerste documenten in rood potlood &quot;vu&quot;.</p>
<p>De bundel van oorspronkelijk 10 katernen werd wegens conservatorische overwegingen gedemonteerd en de stukken worden nu in individuele mapjes bewaard, apart van de kaft.</p>
","<p>Rooses schreef in potlood bovenaan de brieven het onderwerp van het werk van Rubens waarover ze handelen. De brieven zijn geordend op dit onderwerp.</p>
<p>Etiket op rug: &quot;Oeuvre de Rubens 1885 / 1887&quot;. Op schutblad: &quot;I&quot;. Behandelt veelal Bijbelse onderwerpen in het werk van Rubens. De chronologische afbakening lijkt niet te kloppen: de bundel bevat ook documenten van 1878 t.e.m. 1884 en van 1888 t.e.m. 1892. Rooses schreef op de eerste documenten in rood potlood &quot;vu&quot;.</p>
<p>De bundel van oorspronkelijk 10 katernen werd wegens conservatorische overwegingen gedemonteerd en de stukken worden nu in individuele mapjes bewaard, apart van de kaft.</p>
",Nederlands,remarks
4a4a46e3-0de4-599f-a2ee-4a159e0385d4,tg:rubdoc:4229,e73_AnnotationsImmaterial,1,note.rubalg,"<p>Rooses schreef in potlood bovenaan de brieven het onderwerp van het werk van Rubens waarover ze handelen. De brieven zijn geordend op dit onderwerp.</p>
<p>Etiket op rug: &quot;Oeuvre de Rubens 1887 / 1891&quot;. Op schutblad: &quot;II&quot;. Behandelt afbeeldingen van heiligen en mythologische thema's in het werk van Rubens. De chronologische afbakening lijkt ook hier niet te kloppen: de bundel bevat ook documenten van 1878, van 1880 t.e.m. 1886 en van 1892.</p>
<p>De bundel van oorspronkelijk 10 katernen werd wegens conservatorische overwegingen gedemonteerd en de stukken worden nu in individuele mapjes bewaard, apart van de kaft.</p>
","<p>Rooses schreef in potlood bovenaan de brieven het onderwerp van het werk van Rubens waarover ze handelen. De brieven zijn geordend op dit onderwerp.</p>
<p>Etiket op rug: &quot;Oeuvre de Rubens 1887 / 1891&quot;. Op schutblad: &quot;II&quot;. Behandelt afbeeldingen van heiligen en mythologische thema's in het werk van Rubens. De chronologische afbakening lijkt ook hier niet te kloppen: de bundel bevat ook documenten van 1878, van 1880 t.e.m. 1886 en van 1892.</p>
<p>De bundel van oorspronkelijk 10 katernen werd wegens conservatorische overwegingen gedemonteerd en de stukken worden nu in individuele mapjes bewaard, apart van de kaft.</p>
",Nederlands,remarks
cf68fc39-4ade-58d9-a61e-4dd2a5d7512e,tg:rubdoc:4230,e73_AnnotationsImmaterial,1,note.rubalg,"<p>Sainsbury (1825 - 1895) was archivaris bij het Public Record Office in Londen. Hij publiceerde in 1859 de <em>Original unpublished papers illustrative of the life of Sir Peter Paul Rubens, as an artist and a diplomatist, preserved in H.M. State Paper Office</em>. Zie ook: <a href=""https://www.royalacademy.org.uk/art-artists/name/william-noel-sainsbury"">https://www.royalacademy.org.uk/art-artists/name/william-noel-sainsbury</a>.</p>
<p>De band bevat:</p>
<ul>
<li>Een los stuk van <a href=""https://anet.be/record/isaarrub/au::2751/N"">Frans Jos van den Branden</a> over Albert Rubens.</li>
<li>Een enveloppe met opschrift &quot;Max Rooses Handschrift&quot; met daarin een notitieschriftje van Charles Ruelens. De eerste pagina begint met hoofding &quot;Carpentras / Lettres de Peiresc à Rubens&quot;. De pagina's zijn genummerd van 1 t.e.m. 23 maar enkel de oneven pagina's zijn beschreven. Op elke pagina staat in potlood de opmerking &quot;revu&quot;.</li>
<li>Een omslag met opschrift &quot;Collection Sainsbury&quot;. Bevat notities en transcripties, voornamelijk in andere handschriften dan dat van Rooses (maar mogelijk wel aan hem toegezonden en door hem geannoteerd). Er zit een brief tussen die dateert van 1899.</li>
<li>Acht omslagen zonder opschrift (verwijderd) met krantenknipsels die ooit in het Rubenianum op papieren fiches gekleefd werden en voorzien van de getypte hoofding &quot;Doc. Rooses / Extraits de journaux appartenant à Mr. Noel Sainsbury / 18-X-1894&quot;. De opgekleefde stukken dateren wel niet allemaal uit 1894: als er data vermeld staan is dit vooral uit de jaren 70 en 80 van de 19de eeuw.<br />
Tussen de knipsels zitten ook andere stukken: twee brieven uit 1888 van Roper Lethbridge aan Noël Sainsbury en een document, over twee inscripties over de familie Rubens in Antwerpse kerken, dat overhandigd werd aan Sainsbury in 1861.</li>
<li>Een originele omslag met opschrift &quot;Afschriften van brieven van Rubens&quot;. Bevat transcripties (zowel door Rooses als door andere handen), notities (o.a. &quot;Paris / Documents sur Rubens à la Bibliothèque nationale&quot;, stukken vermoedelijk aan Rooses toegestuurd), briefwisseling aan Rooses (daterende van 07/04/1882 (afzender: verzamelaar uit Rome), 18/07/1892, 23/11/1896 (afzender: Léon Brunschvig) 12/02/1898), excerpten uit literatuur (o.a. van artikel <em>Lettres inédites de Rubens</em> door Charles Simond uit 1898).</li>
<li>Een originele omslag met opschrift &quot;Ventes d'autographes&quot;. Bevat notities, excerpten en briefwisseling (24/03/1894) van Rooses i.v.m. geveilde brieven, grotendeels van bij Charavay in Parijs maar bijvoorbeeld ook Sotheby's in Londen.</li>
<li>Een omslag zonder opschrift. Bevat transcripties van brieven van Jacob Jordaens, waarvan eentje overgenomen uit Oud Holland 1891.</li>
<li>Een omslag zonder opschrift. Bevat transcripties van brieven van <a href=""https://anet.be/record/isaarrub/au::21192/N"">Godfried Wendelen</a> (Govaert Wendelen).</li>
<li>Een omslag zonder opschrift. Bevat notities (een gedateerd 11/04/1899) omtrent 19de-eeuwse veilingen van brieven en overzichten van brieven in bepaalde collecties alsook transcripties. Verder ook briefwisseling: brief van burgemeester <a href=""https://anet.be/record/isaarrub/au::15746/N"">Jan van Rijswijck</a> aan Rooses i.v.m. Codex Diplomaticus Rubenianus (28/05/1894), brieven van Roper Lethbridge aan Noël Sainsbury (24/09/1888 en 7/12/1888). Ten slotte ook twee opvragingsbiljetten van een Engelstalige instelling uit 1888 getekend door Ch. Ruelens.</li>
<li>Een omslag zonder opschrift. Bevat notities (Rooses en andere handen), overzichten, transcripties en briefwisseling (08/09/1893 (afzender: Em. Spanagh) en 08/09/1875[?]). Een gedeelte handelt over familie (Isabella) Brant. Op het laatste document staat &quot;Notes Ruelens&quot;, wat erop zou kunnen wijzen dat dit door hem geschreven was en dat we datzelfde handschrift in de volledige band dus als het zijne kunnen identificeren.</li>
<li>Zes losse stukken van eenzelfde hand, niet Rooses. Werd deels geschreven op achterzijde van een document dat ten vroegste dateert van 1938, dus latere toevoeging in het archief.</li>
</ul>
","<p>Sainsbury (1825 - 1895) was archivaris bij het Public Record Office in Londen. Hij publiceerde in 1859 de <em>Original unpublished papers illustrative of the life of Sir Peter Paul Rubens, as an artist and a diplomatist, preserved in H.M. State Paper Office</em>. Zie ook: <a href=""https://www.royalacademy.org.uk/art-artists/name/william-noel-sainsbury"">https://www.royalacademy.org.uk/art-artists/name/william-noel-sainsbury</a>.</p>
<p>De band bevat:</p>
<ul>
<li>Een los stuk van <a href=""https://anet.be/record/isaarrub/au::2751/N"">Frans Jos van den Branden</a> over Albert Rubens.</li>
<li>Een enveloppe met opschrift &quot;Max Rooses Handschrift&quot; met daarin een notitieschriftje van Charles Ruelens. De eerste pagina begint met hoofding &quot;Carpentras / Lettres de Peiresc à Rubens&quot;. De pagina's zijn genummerd van 1 t.e.m. 23 maar enkel de oneven pagina's zijn beschreven. Op elke pagina staat in potlood de opmerking &quot;revu&quot;.</li>
<li>Een omslag met opschrift &quot;Collection Sainsbury&quot;. Bevat notities en transcripties, voornamelijk in andere handschriften dan dat van Rooses (maar mogelijk wel aan hem toegezonden en door hem geannoteerd). Er zit een brief tussen die dateert van 1899.</li>
<li>Acht omslagen zonder opschrift (verwijderd) met krantenknipsels die ooit in het Rubenianum op papieren fiches gekleefd werden en voorzien van de getypte hoofding &quot;Doc. Rooses / Extraits de journaux appartenant à Mr. Noel Sainsbury / 18-X-1894&quot;. De opgekleefde stukken dateren wel niet allemaal uit 1894: als er data vermeld staan is dit vooral uit de jaren 70 en 80 van de 19de eeuw.<br />
Tussen de knipsels zitten ook andere stukken: twee brieven uit 1888 van Roper Lethbridge aan Noël Sainsbury en een document, over twee inscripties over de familie Rubens in Antwerpse kerken, dat overhandigd werd aan Sainsbury in 1861.</li>
<li>Een originele omslag met opschrift &quot;Afschriften van brieven van Rubens&quot;. Bevat transcripties (zowel door Rooses als door andere handen), notities (o.a. &quot;Paris / Documents sur Rubens à la Bibliothèque nationale&quot;, stukken vermoedelijk aan Rooses toegestuurd), briefwisseling aan Rooses (daterende van 07/04/1882 (afzender: verzamelaar uit Rome), 18/07/1892, 23/11/1896 (afzender: Léon Brunschvig) 12/02/1898), excerpten uit literatuur (o.a. van artikel <em>Lettres inédites de Rubens</em> door Charles Simond uit 1898).</li>
<li>Een originele omslag met opschrift &quot;Ventes d'autographes&quot;. Bevat notities, excerpten en briefwisseling (24/03/1894) van Rooses i.v.m. geveilde brieven, grotendeels van bij Charavay in Parijs maar bijvoorbeeld ook Sotheby's in Londen.</li>
<li>Een omslag zonder opschrift. Bevat transcripties van brieven van Jacob Jordaens, waarvan eentje overgenomen uit Oud Holland 1891.</li>
<li>Een omslag zonder opschrift. Bevat transcripties van brieven van <a href=""https://anet.be/record/isaarrub/au::21192/N"">Godfried Wendelen</a> (Govaert Wendelen).</li>
<li>Een omslag zonder opschrift. Bevat notities (een gedateerd 11/04/1899) omtrent 19de-eeuwse veilingen van brieven en overzichten van brieven in bepaalde collecties alsook transcripties. Verder ook briefwisseling: brief van burgemeester <a href=""https://anet.be/record/isaarrub/au::15746/N"">Jan van Rijswijck</a> aan Rooses i.v.m. Codex Diplomaticus Rubenianus (28/05/1894), brieven van Roper Lethbridge aan Noël Sainsbury (24/09/1888 en 7/12/1888). Ten slotte ook twee opvragingsbiljetten van een Engelstalige instelling uit 1888 getekend door Ch. Ruelens.</li>
<li>Een omslag zonder opschrift. Bevat notities (Rooses en andere handen), overzichten, transcripties en briefwisseling (08/09/1893 (afzender: Em. Spanagh) en 08/09/1875[?]). Een gedeelte handelt over familie (Isabella) Brant. Op het laatste document staat &quot;Notes Ruelens&quot;, wat erop zou kunnen wijzen dat dit door hem geschreven was en dat we datzelfde handschrift in de volledige band dus als het zijne kunnen identificeren.</li>
<li>Zes losse stukken van eenzelfde hand, niet Rooses. Werd deels geschreven op achterzijde van een document dat ten vroegste dateert van 1938, dus latere toevoeging in het archief.</li>
</ul>
",Nederlands,remarks
cf68fc39-4ade-58d9-a61e-4dd2a5d7512e,tg:rubdoc:4230,e73_AnnotationsImmaterial,2,note.rubalg,"<p>De documenten werden in het Rubenianum ooit (grotendeels) herordend in thematische submapjes (vermoedelijk door Paul Huvenne, die op het eerste submapje &quot;Collection Sainsbury&quot; schreef). Er werd ook minstens één stuk aan toegevoegd dat niet origineel tot het pakket behoorde (helemaal vooraan: excerpt over de handtekeningen van Rubens).</p>
<p>De band stond in het Rubenianum lange tijd bij het archief van Ludwig Burchard (en kreeg dan ook nr. 38 in de plaatsingslijst van deze collectie).</p>
","<p>De documenten werden in het Rubenianum ooit (grotendeels) herordend in thematische submapjes (vermoedelijk door Paul Huvenne, die op het eerste submapje &quot;Collection Sainsbury&quot; schreef). Er werd ook minstens één stuk aan toegevoegd dat niet origineel tot het pakket behoorde (helemaal vooraan: excerpt over de handtekeningen van Rubens).</p>
<p>De band stond in het Rubenianum lange tijd bij het archief van Ludwig Burchard (en kreeg dan ook nr. 38 in de plaatsingslijst van deze collectie).</p>
",Nederlands,remarks
b8dc72da-ef79-56ae-83a1-392fe8d16013,tg:rubhs:28,e73_AnnotationsImmaterial,1,note.rubalg,"<p>Zwaar beschadigd (rug ontbreekt).</p>
","<p>Zwaar beschadigd (rug ontbreekt).</p>
",Nederlands,remarks
bf1ea677-dc81-5e11-997c-658e291849eb,tg:rubhs:75,e73_AnnotationsImmaterial,1,note.rubalg,"<p>Bevat enkele losse stukken.</p>
","<p>Bevat enkele losse stukken.</p>
",Nederlands,remarks
d43eb5ca-58dd-59c7-9a3b-6f79751297c9,tg:rubhs:65,e73_AnnotationsImmaterial,1,note.rubalg,"<p>Bevat enkele losse stukken.</p>
","<p>Bevat enkele losse stukken.</p>
",Nederlands,remarks
fc2118b1-b344-55e4-bb6e-0a98740e35aa,tg:rubhs:187,e73_AnnotationsImmaterial,1,note.rubalg,"<p>LB 1542.</p>
","<p>LB 1542.</p>
",Nederlands,remarks
fc2118b1-b344-55e4-bb6e-0a98740e35aa,tg:rubhs:187,e73_AnnotationsImmaterial,2,note.rubalg,"<p>Bevat heel wat losse stukken, voornamelijk losgekomen foto's.</p>
","<p>Bevat heel wat losse stukken, voornamelijk losgekomen foto's.</p>
",Nederlands,remarks
bb580b69-be01-550d-9ef8-8ecd9a1e9dc4,tg:rubhs:17,e73_AnnotationsImmaterial,1,note.rubalg,"<p>Wordt bijeengehouden door nietjes.</p>
","<p>Wordt bijeengehouden door nietjes.</p>
",Nederlands,remarks
bba95541-b953-51cb-bb30-06349e54c4d3,tg:rubhs:162,e73_AnnotationsImmaterial,1,note.rubalg,"<p>Bevat enkele losse stukken.</p>
","<p>Bevat enkele losse stukken.</p>
",Nederlands,remarks
cb89c78c-ecd6-5fcb-8b1f-79e76d37edad,tg:rubhs:90,e73_AnnotationsImmaterial,1,note.rubalg,"<p>Bevat enkele losse stukken.</p>
","<p>Bevat enkele losse stukken.</p>
",Nederlands,remarks
b60f8b49-fe75-52a5-9c7d-6b7ebc8bb095,tg:rubhs:5,e73_AnnotationsImmaterial,1,note.rubalg,"<p>Voorkaft verdwenen, net zoals eerste bladzijden van de agenda. De eerste bewaarde bladzijde hangt los.</p>
","<p>Voorkaft verdwenen, net zoals eerste bladzijden van de agenda. De eerste bewaarde bladzijde hangt los.</p>
",Nederlands,remarks
b48683ed-abdc-5508-8aca-77356550fa87,tg:rubhs:89,e73_AnnotationsImmaterial,1,note.rubalg,"<p>Bevat enkele losse stukken.</p>
","<p>Bevat enkele losse stukken.</p>
",Nederlands,remarks
7070f9cc-d99a-5d50-a5e8-313604832c73,tg:rubhs:52,e73_AnnotationsImmaterial,1,note.rubalg,"<p>Bevat een tekening van Burchard.</p>
","<p>Bevat een tekening van Burchard.</p>
",Nederlands,remarks
34cdbfe1-25aa-59d8-9c0c-8f805df7634f,tg:rubhs:154,e73_AnnotationsImmaterial,1,note.rubalg,"<p>Bevat notities betreffende de privécollectie van Burchard.</p>
","<p>Bevat notities betreffende de privécollectie van Burchard.</p>
",Nederlands,remarks
1be503ea-dd3a-5275-91d0-e41d1bc02f28,tg:rubhs:170,e73_AnnotationsImmaterial,1,note.rubalg,"<p>De omslag van het notitieboekje zit los.</p>
","<p>De omslag van het notitieboekje zit los.</p>
",Nederlands,remarks
3f377f02-e7c5-5b6e-992c-aef5050aa0d4,tg:rubhs:59,e73_AnnotationsImmaterial,1,note.rubalg,"<p>Het opschrift &quot;Agenda&quot; is verwarrend. Een aanzienlijk deel van de notities zijn weggegomd.</p>
","<p>Het opschrift &quot;Agenda&quot; is verwarrend. Een aanzienlijk deel van de notities zijn weggegomd.</p>
",Nederlands,remarks
9bf33f5e-af29-5d24-9ccd-c31c35e18a45,tg:rubhs:184,e73_AnnotationsImmaterial,1,note.rubalg,"<p>Komt uit de Rubensdocumentatie: LB 992/3.</p>
","<p>Komt uit de Rubensdocumentatie: LB 992/3.</p>
",Nederlands,remarks
14d1116b-2ddd-539c-b4d5-26e75caa949a,tg:rubhs:66,e73_AnnotationsImmaterial,1,note.rubalg,"<p>Een aanzienlijk deel van de pagina's is niet beschreven.</p>
","<p>Een aanzienlijk deel van de pagina's is niet beschreven.</p>
",Nederlands,remarks
326344e8-80b6-59c8-8401-124cdc6218eb,tg:rubhs:169,e73_AnnotationsImmaterial,1,note.rubalg,"<p>Bevat enkele losse stukken, waaronder een kaft. Het is echter onduidelijk of de kaft bij dit notitieboekje hoort.</p>
","<p>Bevat enkele losse stukken, waaronder een kaft. Het is echter onduidelijk of de kaft bij dit notitieboekje hoort.</p>
",Nederlands,remarks
ba53b791-7b7d-54c1-ab97-d87002a8a91d,tg:rubhs:179,e73_AnnotationsImmaterial,1,note.rubalg,"<p>Bevat enkele losse stukken.</p>
","<p>Bevat enkele losse stukken.</p>
",Nederlands,remarks
7c225786-d095-55ee-8d80-eaf75ab82926,tg:rubhs:134,e73_AnnotationsImmaterial,1,note.rubalg,"<p>Plaatsbeschrijving Aix-en-Provence: in het notitieboekje staat enkel &quot;Aix&quot;.</p>
","<p>Plaatsbeschrijving Aix-en-Provence: in het notitieboekje staat enkel &quot;Aix&quot;.</p>
",Nederlands,remarks
27b6c1e7-9d36-5a2f-80cd-1051b8bd1cca,tg:rubhs:51,e73_AnnotationsImmaterial,1,note.rubalg,"<p>Bevat eveneens notities betreffende andere edities van deze catalogus (tot editie 11, 1911).</p>
","<p>Bevat eveneens notities betreffende andere edities van deze catalogus (tot editie 11, 1911).</p>
",Nederlands,remarks
18455cb0-af81-5990-8c2f-9be2d557f2df,tg:rubhs:23,e73_AnnotationsImmaterial,1,note.rubalg,"<p>Bevat opschrift van Burchard op de kaft: &quot;1933 diary</p>
","<p>Bevat opschrift van Burchard op de kaft: &quot;1933 diary</p>
",Nederlands,remarks
41eac4eb-3b74-56f5-9d08-c0c998a6ae5e,tg:rubhs:157,e73_AnnotationsImmaterial,1,note.rubalg,"<p>Bevat enkele losse stukken.</p>
","<p>Bevat enkele losse stukken.</p>
",Nederlands,remarks
6ba58e6a-c5aa-528d-8223-0cdeecb3d481,tg:rubhs:83,e73_AnnotationsImmaterial,1,note.rubalg,"<p>Voor- en achterkaft zitten los.</p>
","<p>Voor- en achterkaft zitten los.</p>
",Nederlands,remarks
98ea238d-43b8-531c-ac18-c215f018db56,tg:rubhs:171,e73_AnnotationsImmaterial,1,note.rubalg,"<p>Bevat enkele losse stukken.</p>
","<p>Bevat enkele losse stukken.</p>
",Nederlands,remarks
5a984b56-7518-5567-bd45-9da5759b06b6,tg:rubhs:113,e73_AnnotationsImmaterial,1,note.rubalg,"<p>Vermoedelijk bezocht Burchard niet al deze plaatsen in 1924, maar gaat het om aantekeningen betreffende verscheidene onderwerpen gerelateerd aan deze plaatsen.</p>
","<p>Vermoedelijk bezocht Burchard niet al deze plaatsen in 1924, maar gaat het om aantekeningen betreffende verscheidene onderwerpen gerelateerd aan deze plaatsen.</p>
",Nederlands,remarks
b412a4ae-4325-5a90-83f0-e809116a7f9e,tg:rubhs:6,e73_AnnotationsImmaterial,1,note.rubalg,"<p>Voorkaft verdwenen.</p>
","<p>Voorkaft verdwenen.</p>
",Nederlands,remarks
845bc693-2538-5d6d-9e00-26cf91dec288,tg:rubhs:62,e73_AnnotationsImmaterial,1,note.rubalg,"<p>Kaft zit los.</p>
","<p>Kaft zit los.</p>
",Nederlands,remarks
28c0517b-4e9b-55a4-9055-fcbb1599aadd,tg:rubhs:164,e73_AnnotationsImmaterial,1,note.rubalg,"<p>Werd gedeeltelijk gebruikt als agenda.</p>
","<p>Werd gedeeltelijk gebruikt als agenda.</p>
",Nederlands,remarks
28c0517b-4e9b-55a4-9055-fcbb1599aadd,tg:rubhs:164,e73_AnnotationsImmaterial,2,note.rubalg,"<p>Bevat een adressenbestand.</p>
","<p>Bevat een adressenbestand.</p>
",Nederlands,remarks
91ee98a4-3d3a-5ddf-b8fe-2c74ed627849,tg:rubhs:116,e73_AnnotationsImmaterial,1,note.rubalg,"<p>Mogelijk bezocht Burchard niet alle plaatsen die in de notitieboekje aan bod komen, maar gaat het om aantekeningen betreffende verscheidene onderwerpen gerelateerd aan deze plaatsen.</p>
","<p>Mogelijk bezocht Burchard niet alle plaatsen die in de notitieboekje aan bod komen, maar gaat het om aantekeningen betreffende verscheidene onderwerpen gerelateerd aan deze plaatsen.</p>
",Nederlands,remarks
5e546408-f4a9-5c7c-b046-f311a42a1621,tg:rubhs:26,e73_AnnotationsImmaterial,1,note.rubalg,"<p>Bevat een notitie van Burchard op de voorkaft: &quot;1936 diary&quot;.</p>
","<p>Bevat een notitie van Burchard op de voorkaft: &quot;1936 diary&quot;.</p>
",Nederlands,remarks
87474395-b13a-597b-821b-be7ae3d6d461,tg:rubhs:18,e73_AnnotationsImmaterial,1,note.rubalg,"<p>Bevat nietjes.</p>
","<p>Bevat nietjes.</p>
",Nederlands,remarks
b2d6e750-f8ac-5088-bd1f-f73776d665e5,tg:rubhs:45,e73_AnnotationsImmaterial,1,note.rubalg,"<p>Bevat enkele losse stukken.</p>
","<p>Bevat enkele losse stukken.</p>
",Nederlands,remarks
568eb2b2-e872-5bd4-b883-d45041fbf573,tg:rubhs:138,e73_AnnotationsImmaterial,1,note.rubalg,"<p>Bevat enkele losse stukken.</p>
","<p>Bevat enkele losse stukken.</p>
",Nederlands,remarks
c8de16ec-31f2-5b12-9718-450e360a0516,tg:rubhs:87,e73_AnnotationsImmaterial,1,note.rubalg,"<p>Plaatsbeschrijving Dorset: Kingston Lacy House in Wimborne Minster, East Dorset.</p>
","<p>Plaatsbeschrijving Dorset: Kingston Lacy House in Wimborne Minster, East Dorset.</p>
",Nederlands,remarks
c8de16ec-31f2-5b12-9718-450e360a0516,tg:rubhs:87,e73_AnnotationsImmaterial,2,note.rubalg,"<p>Plaatsbeschrijving Salisbury: Wilton House</p>
","<p>Plaatsbeschrijving Salisbury: Wilton House</p>
",Nederlands,remarks
a6f753c8-f1e2-57f2-bcd7-0745988c4e23,tg:rubhs:9,e73_AnnotationsImmaterial,1,note.rubalg,"<p>Geen agenda met voorgedrukte data. Het betreft een notaboekje waarin de dagen van het jaar met de hand zijn genoteerd. Achtereen bevindt er zich een adressenbestand, alfabetisch geordend.</p>
","<p>Geen agenda met voorgedrukte data. Het betreft een notaboekje waarin de dagen van het jaar met de hand zijn genoteerd. Achtereen bevindt er zich een adressenbestand, alfabetisch geordend.</p>
",Nederlands,remarks
a928c7a8-04c3-5484-9d94-e11d0e2c2f4b,tg:rubhs:208,e73_AnnotationsImmaterial,1,note.rubalg,"<p>Bevat losse notities en correspondentie uit de jaren 1935.</p>
","<p>Bevat losse notities en correspondentie uit de jaren 1935.</p>
",Nederlands,remarks
b94c9251-d3a4-532f-ba4e-470c528dc483,tg:rubhs:25,e73_AnnotationsImmaterial,1,note.rubalg,"<p>Bevat een notitie van Burchard op de voorkaft: &quot;1935 diary&quot;.</p>
","<p>Bevat een notitie van Burchard op de voorkaft: &quot;1935 diary&quot;.</p>
",Nederlands,remarks
49892431-bc2a-50f8-96c0-ccb9f4b359cf,tg:rubhs:183,e73_AnnotationsImmaterial,1,note.rubalg,"<p>Bevat enkele losse stukken in een enveloppe.</p>
","<p>Bevat enkele losse stukken in een enveloppe.</p>
",Nederlands,remarks
8ba8ffac-3c35-5178-85a8-0df0924a37f1,tg:rubhs:61,e73_AnnotationsImmaterial,1,note.rubalg,"<p>Het is onduidelijk waar dit notitieboekje voor gediend heeft. Het bevat slechts weinig beschrijvingen.</p>
","<p>Het is onduidelijk waar dit notitieboekje voor gediend heeft. Het bevat slechts weinig beschrijvingen.</p>
",Nederlands,remarks
4a5d8e8c-601e-58d6-83be-195dea6361b9,tg:rubhs:148,e73_AnnotationsImmaterial,1,note.rubalg,"<p>Bevat aantekeningen betreffende privécollectie van Burchard.</p>
","<p>Bevat aantekeningen betreffende privécollectie van Burchard.</p>
",Nederlands,remarks
4a5d8e8c-601e-58d6-83be-195dea6361b9,tg:rubhs:148,e73_AnnotationsImmaterial,2,note.rubalg,"<p>Onduidelijk of Burchard al deze collecties bezocht heeft, of dat het louter gaat om aantekeningen betreffende deze specifieke kunstwerken in deze collecties.</p>
","<p>Onduidelijk of Burchard al deze collecties bezocht heeft, of dat het louter gaat om aantekeningen betreffende deze specifieke kunstwerken in deze collecties.</p>
",Nederlands,remarks
1b921760-1f17-5fe5-be95-642c417b73b3,tg:rubhs:105,e73_AnnotationsImmaterial,1,note.rubalg,"<p>Bevat een los stuk bevestigd met een metalen nageltje.</p>
","<p>Bevat een los stuk bevestigd met een metalen nageltje.</p>
",Nederlands,remarks
2f639716-8718-5e72-a485-c6e0b0ec814c,tg:rubhs:211,e73_AnnotationsImmaterial,1,note.rubalg,"<p>Bevat fotografische reproducties.</p>
","<p>Bevat fotografische reproducties.</p>
",Nederlands,remarks
75577ba0-3510-5f3a-a847-8e835bbcf15b,tg:rubhs:60,e73_AnnotationsImmaterial,1,note.rubalg,"<p>Kaft zit los.</p>
","<p>Kaft zit los.</p>
",Nederlands,remarks
ca5d8c26-c718-5902-9abc-81ece16fe78b,tg:rubhs:149,e73_AnnotationsImmaterial,1,note.rubalg,"<p>Bevat een aantal losse stukken.</p>
","<p>Bevat een aantal losse stukken.</p>
",Nederlands,remarks
f922fabb-2edf-5f02-a48b-b520db166615,tg:rubhs:210,e73_AnnotationsImmaterial,1,note.rubalg,"<p>Bevat fotografische reproducties.</p>
","<p>Bevat fotografische reproducties.</p>
",Nederlands,remarks
58f9caae-36f5-5268-95c3-6b6008397d6b,tg:rubhs:176,e73_AnnotationsImmaterial,1,note.rubalg,"<p>Bevat ijzeren ringen.</p>
","<p>Bevat ijzeren ringen.</p>
",Nederlands,remarks
f3c7e972-bd15-5ea5-a80f-88f304395901,tg:rubhs:79,e73_AnnotationsImmaterial,1,note.rubalg,"<p>Vochtschade</p>
","<p>Vochtschade</p>
",Nederlands,remarks
da18148f-d2af-5bae-8550-df807cde96ef,tg:rubhs:132,e73_AnnotationsImmaterial,1,note.rubalg,"<p>Het notitieboekje is voor een groot deel niet beschreven.</p>
","<p>Het notitieboekje is voor een groot deel niet beschreven.</p>
",Nederlands,remarks
5faa1eb2-5d3a-59c5-94c7-41873d211d30,tg:rubhs:24,e73_AnnotationsImmaterial,1,note.rubalg,"<p>Bevat een opschrift van Burchard op de kaft: &quot;1934 diary</p>
","<p>Bevat een opschrift van Burchard op de kaft: &quot;1934 diary</p>
",Nederlands,remarks
362d2b3f-ff1e-5ef1-b7ab-4e44f28a893d,tg:rubhs:219,e73_AnnotationsImmaterial,1,note.rubalg,"<p>De brieven zijn genummerd van 1 t.e.m. 390 en helemaal achteraan bevindt zich een &quot;table alphabètique&quot; van de nummers 1 t.e.m. 382 (met een vloeipapier tussen). Vooraan bevinden zich lijsten met &quot;formules&quot; en adressen.</p>
<p>In de meeste gevallen gaat het om volledig uitgeschreven brieven, maar soms betreft het samenvattingen van de inhoud. Rooses voegde opmerkingen toe in potlood, zoals de landen van de correspondenten (cfr. inkomende briefwisseling), &quot;ja&quot; of &quot;nee&quot; (bij lijsten van correspondenten, vermoedelijk in het geval van rondzendbrieven, om aan te geven of ze al dan niet verzonden werden), &quot;groot&quot; of &quot;klein&quot; (vermoedelijk over het formaat van de besproken kunstwerken). Soms komen er ook lijsten voor waarin aangegeven wordt welke kunstwerken bepaalde personen/correspondenten in hun bezit hadden.</p>
","<p>De brieven zijn genummerd van 1 t.e.m. 390 en helemaal achteraan bevindt zich een &quot;table alphabètique&quot; van de nummers 1 t.e.m. 382 (met een vloeipapier tussen). Vooraan bevinden zich lijsten met &quot;formules&quot; en adressen.</p>
<p>In de meeste gevallen gaat het om volledig uitgeschreven brieven, maar soms betreft het samenvattingen van de inhoud. Rooses voegde opmerkingen toe in potlood, zoals de landen van de correspondenten (cfr. inkomende briefwisseling), &quot;ja&quot; of &quot;nee&quot; (bij lijsten van correspondenten, vermoedelijk in het geval van rondzendbrieven, om aan te geven of ze al dan niet verzonden werden), &quot;groot&quot; of &quot;klein&quot; (vermoedelijk over het formaat van de besproken kunstwerken). Soms komen er ook lijsten voor waarin aangegeven wordt welke kunstwerken bepaalde personen/correspondenten in hun bezit hadden.</p>
",Nederlands,remarks
3baa811e-a310-587f-bb59-d0447c53d0e7,tg:rubhs:209,e73_AnnotationsImmaterial,1,note.rubalg,"<p>Bevat fotografische reproducties.</p>
","<p>Bevat fotografische reproducties.</p>
",Nederlands,remarks
60652640-6649-5c96-84e5-d8915306a9d1,tg:rubhs:46,e73_AnnotationsImmaterial,1,note.rubalg,"<p>Rug van het boekje is los.</p>
","<p>Rug van het boekje is los.</p>
",Nederlands,remarks
