ResourceID,brocade.id,card,order,source_field,source_code,Production Technique Note
fff6765a-0157-5677-98a7-736c82f8ddc5,tg:lhaq:8538_#1,e22_ProductionTechniqueNote,1,kenmerken.lhtechvrijic,"aquarel,Oost-Indische inkt, krijt en potlood op papier","aquarel,Oost-Indische inkt, krijt en potlood op papier"
cf4709e1-0612-5671-a167-0ab37b5a70e4,tg:lhaq:8575_#1,e22_ProductionTechniqueNote,1,kenmerken.lhtechvrijic,"gouache, aquarel, oost-indische inkt en balpen op papier","gouache, aquarel, oost-indische inkt en balpen op papier"
d63e8dfc-71c4-5bdb-af92-669e65d719fb,tg:lhaq:8565_#1,e22_ProductionTechniqueNote,1,kenmerken.lhtechvrijic,"gouache, aquarel, oost-indische inkt en potlood op papier","gouache, aquarel, oost-indische inkt en potlood op papier"
5ef0a0ef-0982-5482-9c1c-4f56135c1737,tg:lhaq:8553_#1,e22_ProductionTechniqueNote,1,kenmerken.lhtechvrijic,"gouache, aquarel, oost-indische inkt en potlood op papier","gouache, aquarel, oost-indische inkt en potlood op papier"
034241d5-817c-5c77-8514-584030397b9b,tg:lhaq:8542_#1,e22_ProductionTechniqueNote,1,kenmerken.lhtechvrijic,"aquarel,Oost-Indische inkt, krijt en potlood op papier","aquarel,Oost-Indische inkt, krijt en potlood op papier"
9130b288-c574-578f-a6f3-543ce686e897,tg:lhaq:8552_#1,e22_ProductionTechniqueNote,1,kenmerken.lhtechvrijic,"gouache, aquarel, oost-indische inkt en potlood op papier","gouache, aquarel, oost-indische inkt en potlood op papier"
3ab328d0-2310-5adc-a3d9-f558a6ecf9d1,tg:lhaq:8539_#1,e22_ProductionTechniqueNote,1,kenmerken.lhtechvrijic,"aquarel,Oost-Indische inkt, krijt en potlood op papier","aquarel,Oost-Indische inkt, krijt en potlood op papier"
4d071d05-62ab-55e9-8216-65194f82d322,tg:lhaq:8564_#1,e22_ProductionTechniqueNote,1,kenmerken.lhtechvrijic,"gouache, aquarel, oost-indische inkt en potlood op papier","gouache, aquarel, oost-indische inkt en potlood op papier"
341f3a77-6e92-5bdf-b694-77a84144b46d,tg:lhaq:8574_#1,e22_ProductionTechniqueNote,1,kenmerken.lhtechvrijic,"gouache, aquarel, oost-indische inkt en potlood op papier","gouache, aquarel, oost-indische inkt en potlood op papier"
d5d42cac-752e-597b-9d53-951936e452ee,tg:lhaq:8550_#1,e22_ProductionTechniqueNote,1,kenmerken.lhtechvrijic,"gouache, aquarel, oost-indische inkt en potlood op papier","gouache, aquarel, oost-indische inkt en potlood op papier"
9e1d849a-5a86-5f02-beb1-a646a54fcf90,tg:lhaq:8540_#1,e22_ProductionTechniqueNote,1,kenmerken.lhtechvrijic,"aquarel,Oost-Indische inkt, krijt en potlood op papier","aquarel,Oost-Indische inkt, krijt en potlood op papier"
ef652a5f-2504-5b4f-9355-297322b844fa,tg:lhaq:8549_#1,e22_ProductionTechniqueNote,1,kenmerken.lhtechvrijic,"gouache, aquarel, oost-indische inkt en potlood op papier","gouache, aquarel, oost-indische inkt en potlood op papier"
3312dec2-1403-5db2-b105-4823b1672b0c,tg:lhaq:8559_#1,e22_ProductionTechniqueNote,1,kenmerken.lhtechvrijic,"gouache, aquarel, oost-indische inkt en potlood op papier","gouache, aquarel, oost-indische inkt en potlood op papier"
ee226c06-c573-530c-913d-dc088eaeee60,tg:lhaq:8566_#1,e22_ProductionTechniqueNote,1,kenmerken.lhtechvrijic,"gouache, aquarel, oost-indische inkt en potlood op papier","gouache, aquarel, oost-indische inkt en potlood op papier"
289c59b2-e8c6-525c-99bb-1d6acd0c2b6b,tg:lhaq:8558_#1,e22_ProductionTechniqueNote,1,kenmerken.lhtechvrijic,"gouache, aquarel, oost-indische inkt en potlood op papier","gouache, aquarel, oost-indische inkt en potlood op papier"
ef02cb21-5b47-521e-85fd-823adc759c6e,tg:lhaq:8548_#1,e22_ProductionTechniqueNote,1,kenmerken.lhtechvrijic,"gouache, aquarel, oost-indische inkt en potlood op gekleurd papier","gouache, aquarel, oost-indische inkt en potlood op gekleurd papier"
3deed494-75d8-5466-9552-1a4641380535,tg:lhaq:8567_#1,e22_ProductionTechniqueNote,1,kenmerken.lhtechvrijic,"gouache, aquarel, oost-indische inkt en potlood op papier","gouache, aquarel, oost-indische inkt en potlood op papier"
84077e2b-beaf-553b-aea0-2701c559d4f6,tg:lhaq:8541_#1,e22_ProductionTechniqueNote,1,kenmerken.lhtechvrijic,"aquarel,Oost-Indische inkt, krijt en potlood op papier","aquarel,Oost-Indische inkt, krijt en potlood op papier"
290f6855-ad1f-5da2-a430-d47e0358ea31,tg:lhaq:8551_#1,e22_ProductionTechniqueNote,1,kenmerken.lhtechvrijic,"gouache, aquarel, oost-indische inkt en potlood op papier","gouache, aquarel, oost-indische inkt en potlood op papier"
7bc92660-f67b-5f74-a273-24b9ef5da806,tg:lhaq:6645_#1,e22_ProductionTechniqueNote,1,kenmerken.lhtechvrijic,kleurenkopie,kleurenkopie
3cc94c9a-56d0-5b7d-af1c-df60f08a3b8b,tg:lhaq:8536_#1,e22_ProductionTechniqueNote,1,kenmerken.lhtechvrijic,"aquarel,Oost-Indische inkt, krijt en potlood op papier","aquarel,Oost-Indische inkt, krijt en potlood op papier"
4bd1514f-a8cf-5d5e-a9e8-1ca890a2f0f1,tg:lhaq:8544_#1,e22_ProductionTechniqueNote,1,kenmerken.lhtechvrijic,"gouache, aquarel, oost-indische inkt en potlood op papier","gouache, aquarel, oost-indische inkt en potlood op papier"
784166a9-92e1-5eaa-bd81-f7f9da7e9c36,tg:lhaq:8572_#1,e22_ProductionTechniqueNote,1,kenmerken.lhtechvrijic,"gouache, aquarel, oost-indische inkt en potlood op papier","gouache, aquarel, oost-indische inkt en potlood op papier"
3105a255-fbed-5ae4-b7a0-20603497f4c5,tg:lhaq:8563_#1,e22_ProductionTechniqueNote,1,kenmerken.lhtechvrijic,"gouache, aquarel, oost-indische inkt en potlood op papier","gouache, aquarel, oost-indische inkt en potlood op papier"
b7f59ee6-b687-55e0-9db0-737a8825a7d0,tg:lhaq:8537_#1,e22_ProductionTechniqueNote,1,kenmerken.lhtechvrijic,"aquarel,Oost-Indische inkt, krijt en potlood op papier","aquarel,Oost-Indische inkt, krijt en potlood op papier"
ab6a175a-1bb3-5e05-a982-29ba4237767f,tg:lhaq:8545_#1,e22_ProductionTechniqueNote,1,kenmerken.lhtechvrijic,"gouache, aquarel, oost-indische inkt en potlood op papier","gouache, aquarel, oost-indische inkt en potlood op papier"
dcba867e-50aa-5b9b-bf78-ccf238c1a83b,tg:lhaq:8555_#1,e22_ProductionTechniqueNote,1,kenmerken.lhtechvrijic,"gouache, aquarel, oost-indische inkt en potlood op papier","gouache, aquarel, oost-indische inkt en potlood op papier"
a68f5cf1-72bd-51a4-bec7-dcd3b7fc4858,tg:lhaq:8571_#1,e22_ProductionTechniqueNote,1,kenmerken.lhtechvrijic,"gouache, aquarel, oost-indische inkt en potlood op papier","gouache, aquarel, oost-indische inkt en potlood op papier"
8515f696-a1b5-573e-8116-ab1dc7fc986f,tg:lhaq:8561_#1,e22_ProductionTechniqueNote,1,kenmerken.lhtechvrijic,"gouache, aquarel, oost-indische inkt en potlood op papier","gouache, aquarel, oost-indische inkt en potlood op papier"
afd07bcd-3048-5da9-940f-7f8df0383ac4,tg:lhaq:8568_#1,e22_ProductionTechniqueNote,1,kenmerken.lhtechvrijic,"gouache, aquarel, oost-indische inkt en potlood op papier","gouache, aquarel, oost-indische inkt en potlood op papier"
cb18b7c2-c760-551a-8004-c68c6afb8b44,tg:lhaq:8547_#1,e22_ProductionTechniqueNote,1,kenmerken.lhtechvrijic,"gouache, aquarel, oost-indische inkt en potlood op papier","gouache, aquarel, oost-indische inkt en potlood op papier"
6537a4d5-8e4c-5226-92d1-baeff7a8819e,tg:lhaq:6646_#1,e22_ProductionTechniqueNote,1,kenmerken.lhtechvrijic,kleurenkopie,kleurenkopie
79ee04dc-6753-514c-ac04-dabd64f8c837,tg:lhaq:8569_#1,e22_ProductionTechniqueNote,1,kenmerken.lhtechvrijic,"gouache, aquarel, oost-indische inkt en potlood op gekleurd papier","gouache, aquarel, oost-indische inkt en potlood op gekleurd papier"
098354ee-a7ef-51c7-81e3-003aebf45718,tg:lhaq:8546_#1,e22_ProductionTechniqueNote,1,kenmerken.lhtechvrijic,"gouache, aquarel, oost-indische inkt en potlood op papier","gouache, aquarel, oost-indische inkt en potlood op papier"
eac8e659-049b-5e45-9db1-965e4dee2a33,tg:lhaq:8560_#1,e22_ProductionTechniqueNote,1,kenmerken.lhtechvrijic,"gouache, aquarel, oost-indische inkt en potlood op papier","gouache, aquarel, oost-indische inkt en potlood op papier"
a90077ea-4816-57e4-90da-c9730b59ab8b,tg:lhaq:8570_#1,e22_ProductionTechniqueNote,1,kenmerken.lhtechvrijic,"gouache, aquarel, oost-indische inkt en potlood op papier","gouache, aquarel, oost-indische inkt en potlood op papier"
cd9e9a04-daca-55ac-ace0-69fdc639fd8a,tg:lhpa:5685_#1,e22_ProductionTechniqueNote,1,kenmerken.lhtechvrijic,Beschilderd sierbord met portret van Herman van den Reeck.,Beschilderd sierbord met portret van Herman van den Reeck.
b62b3fb5-f96c-54f0-915b-e6033f217d00,tg:lhpa:591_#1,e22_ProductionTechniqueNote,1,kenmerken.lhtechvrijic,l.o.: <i>LvE -59</i>,l.o.: <i>LvE -59</i>
eb534b23-0a15-54b4-b310-f34abf900988,tg:lhpa:5684_#1,e22_ProductionTechniqueNote,1,kenmerken.lhtechvrijic,Beschilderd sierbord met portret van August Borms.,Beschilderd sierbord met portret van August Borms.
962d4062-2fef-51a3-8706-09ef39cd0db7,tg:lhpa:1379_#1,e22_ProductionTechniqueNote,1,kenmerken.lhtechvrijic,Acryl op doek,Acryl op doek
cf771fb6-c6c4-5baf-8bfb-24f6132521fc,tg:lhpa:9418_#1,e22_ProductionTechniqueNote,1,kenmerken.lhtechvrijic,"De roze maan werd uitgezaagd uit hout, beschilderd en met het doek verlijmd.","De roze maan werd uitgezaagd uit hout, beschilderd en met het doek verlijmd."
7272111f-2b39-5c3c-a1c4-b1cf0c41dd53,tg:lhpa:9325_#1,e22_ProductionTechniqueNote,1,kenmerken.lhtechvrijic,Reproductie (poster) van olieverfschilderij.,Reproductie (poster) van olieverfschilderij.
35df79be-3cbd-5f99-a33a-a6b0f8f82700,tg:lhpa:9427_#1,e22_ProductionTechniqueNote,1,kenmerken.lhtechvrijic,Olieverf op doek opgekleefd op drie lagen karton.,Olieverf op doek opgekleefd op drie lagen karton.
61d27c00-4690-5f54-a6cd-77fbdb5a4c6a,tg:lhpa:609_#1,e22_ProductionTechniqueNote,1,kenmerken.lhtechvrijic,acryl op hardboard,acryl op hardboard
c50803e9-2b0a-5a40-bf56-28be06e00bc1,tg:lhpa:9834_#1,e22_ProductionTechniqueNote,1,kenmerken.lhtechvrijic,"acryl, krijtpastels, houtskool en fixatief","acryl, krijtpastels, houtskool en fixatief"
55b7b55d-3ada-55fd-b263-b166568f7c6f,tg:lhpa:1378_#1,e22_ProductionTechniqueNote,1,kenmerken.lhtechvrijic,Acryl op doek,Acryl op doek
03caf5d8-95b9-54b9-a14c-658fcaa5b6de,tg:lhpa:318_#1,e22_ProductionTechniqueNote,1,kenmerken.lhtechvrijic,beschilderde foto,beschilderde foto
3467fc58-6fde-512a-b69c-95088dbeb54b,tg:lhpa:131_#1,e22_ProductionTechniqueNote,1,kenmerken.lhtechvrijic,Collage op paneel en raam.,Collage op paneel en raam.
7b09c055-437c-5775-830d-87dd4513ede7,tg:lhpa:7361_#1,e22_ProductionTechniqueNote,1,kenmerken.lhtechvrijic,Beschilderde tegel.,Beschilderde tegel.
f13d1477-bd9a-5933-9c7a-aaaa38bf3159,tg:lhpa:319_#1,e22_ProductionTechniqueNote,1,kenmerken.lhtechvrijic,beschilderde foto,beschilderde foto
5f2e6abd-23d7-55a9-b452-9a3edba4d7f0,tg:lhpa:1882_#1,e22_ProductionTechniqueNote,1,kenmerken.lhtechvrijic,"Olieverf op karton, opgekleefd op spaanderplaat.","Olieverf op karton, opgekleefd op spaanderplaat."
d9022fff-b242-55e5-a46f-4cf7d4bce0e4,tg:lhpa:1377_#1,e22_ProductionTechniqueNote,1,kenmerken.lhtechvrijic,Acryl op doek,Acryl op doek
0dd4b2e9-e030-5ee7-ad6d-c561371d4ef9,tg:lhpa:3685_#1,e22_ProductionTechniqueNote,1,kenmerken.lhtechvrijic,Beschilderde foto.,Beschilderde foto.
c444089f-54fb-5203-83a2-8bab7d827623,tg:lhpa:607_#1,e22_ProductionTechniqueNote,1,kenmerken.lhtechvrijic,olieverf op softboard,olieverf op softboard
73df6680-43d1-5fb4-aa50-aa10d91c244e,tg:lhpa:2268_#1,e22_ProductionTechniqueNote,1,kenmerken.lhtechvrijic,olieverf op gekartoneerd linnen,olieverf op gekartoneerd linnen
9f1e8b24-c9c8-5839-8722-6617c8d579a1,tg:lhpa:9832_#1,e22_ProductionTechniqueNote,1,kenmerken.lhtechvrijic,verdunde plakkaatverf gebruikt,verdunde plakkaatverf gebruikt
b6648ac9-0945-500a-8e06-6230015f4564,tg:lhpa:1382_#1,e22_ProductionTechniqueNote,1,kenmerken.lhtechvrijic,Acryl op doek,Acryl op doek
cfc634f8-a269-5113-8436-01d157e3269d,tg:lhpr:11990_#1,e22_ProductionTechniqueNote,1,kenmerken.lhtechvrijic,rastervorming in het beeld.,rastervorming in het beeld.
b378b2e3-e113-5f65-8143-feedd1ae203b,tg:lhpr:9469_#1,e22_ProductionTechniqueNote,1,kenmerken.lhtechvrijic,"Mechanische afdruk van een pentekening in zwart, bijgewerkt met witte verf.","Mechanische afdruk van een pentekening in zwart, bijgewerkt met witte verf."
75aa55e9-3ab5-558e-8524-5ef9bd760ed4,tg:lhpr:9511_#1,e22_ProductionTechniqueNote,1,kenmerken.lhtechvrijic,"Mechanische afdruk van een pentekening, bijgewerkt met witte verf.","Mechanische afdruk van een pentekening, bijgewerkt met witte verf."
33127769-9f8a-5b9f-977c-5ba233a1f398,tg:lhpr:9479_#1,e22_ProductionTechniqueNote,1,kenmerken.lhtechvrijic,"Mechanische afdruk van een pentekening, bijgewerkt met witte verf.","Mechanische afdruk van een pentekening, bijgewerkt met witte verf."
da84557a-0c20-5831-b177-7c4e4bd86da3,tg:lhpr:9501_#1,e22_ProductionTechniqueNote,1,kenmerken.lhtechvrijic,"Mechanische afdruk van een pentekening, bijgewerkt met witte verf.","Mechanische afdruk van een pentekening, bijgewerkt met witte verf."
603b7c0c-6194-5e57-a7c7-bb644c64784c,tg:lhpr:9456_#1,e22_ProductionTechniqueNote,1,kenmerken.lhtechvrijic,"Mechanische afdruk van een pentekening, bijgewerkt met witte verf.","Mechanische afdruk van een pentekening, bijgewerkt met witte verf."
a0c447f1-a0eb-54bc-9128-25c25776180e,tg:lhpr:9446_#1,e22_ProductionTechniqueNote,1,kenmerken.lhtechvrijic,"Mechanische afdruk van een pentekening, bijgewerkt met witte verf.","Mechanische afdruk van een pentekening, bijgewerkt met witte verf."
6e613bfb-7164-5da0-9648-a6e279353475,tg:lhpr:11026_#1,e22_ProductionTechniqueNote,1,kenmerken.lhtechvrijic,Tweekleurendruk,Tweekleurendruk
fd6ecd30-481e-52b8-a6ed-7eb8f8bd6019,tg:lhpr:12120_#1,e22_ProductionTechniqueNote,1,kenmerken.lhtechvrijic,fotocliché-druk in donkerblauw.,fotocliché-druk in donkerblauw.
4ca6ae7f-ce5e-5826-abc1-37a602436ebb,tg:lhpr:10115_#1,e22_ProductionTechniqueNote,1,kenmerken.lhtechvrijic,Afdruk op porceleinkaart,Afdruk op porceleinkaart
75241ef8-4669-5931-843f-7018506043d6,tg:lhpr:4310_#1,e22_ProductionTechniqueNote,1,kenmerken.lhtechvrijic,linoleumplaat voor afdruk op papier,linoleumplaat voor afdruk op papier
28b5f99a-bfcf-59ef-916e-50ffb175c1d2,tg:lhpr:9434_#1,e22_ProductionTechniqueNote,1,kenmerken.lhtechvrijic,"Mechanische afdruk van een pentekening, bijgewerkt met witte verf.","Mechanische afdruk van een pentekening, bijgewerkt met witte verf."
1c8b1385-65ce-58e0-9f3b-55f6f9d95ea6,tg:lhpr:9261_#1,e22_ProductionTechniqueNote,1,kenmerken.lhtechvrijic,"Mechanische afdruk in kleur, van pentekening.","Mechanische afdruk in kleur, van pentekening."
666b1f26-810b-524d-9019-52571f0fbdeb,tg:lhpr:12682_#1,e22_ProductionTechniqueNote,1,kenmerken.lhtechvrijic,bijna fotografische weergave als clichédruk.,bijna fotografische weergave als clichédruk.
b8ab4d08-fb53-5f35-b230-c43c5a6fd5fe,tg:lhpr:11989_#1,e22_ProductionTechniqueNote,1,kenmerken.lhtechvrijic,rastervorming in het beeld.,rastervorming in het beeld.
72b69fcf-35eb-550b-8a2c-ec582d719907,tg:lhpr:9470_#1,e22_ProductionTechniqueNote,1,kenmerken.lhtechvrijic,"Mechanische afdruk van een pentekening in zwart, bijgewerkt met witte verf.","Mechanische afdruk van een pentekening in zwart, bijgewerkt met witte verf."
9b0fadda-1358-5c43-b6e9-d59098fc018f,tg:lhpr:9508_#1,e22_ProductionTechniqueNote,1,kenmerken.lhtechvrijic,"Mechanische afdruk van een pentekening, bijgewerkt met witte verf.","Mechanische afdruk van een pentekening, bijgewerkt met witte verf."
c88a9c21-38ba-5590-b231-4dae8a00987f,tg:lhpr:9460_#1,e22_ProductionTechniqueNote,1,kenmerken.lhtechvrijic,"Mechanische afdruk van een pentekening in zwart, bijgewerkt met witte verf.","Mechanische afdruk van een pentekening in zwart, bijgewerkt met witte verf."
eff5c467-eacb-55ba-8ea9-e1ad3da3b1f5,tg:lhpr:9518_#1,e22_ProductionTechniqueNote,1,kenmerken.lhtechvrijic,"Mechanische afdruk van een pentekening, bijgewerkt met witte verf.","Mechanische afdruk van een pentekening, bijgewerkt met witte verf."
f844069e-e08d-57fe-bb2a-ea0746078def,tg:lhpr:9494_#1,e22_ProductionTechniqueNote,1,kenmerken.lhtechvrijic,"Mechanische afdruk van een pentekening, bijgewerkt met witte verf.","Mechanische afdruk van een pentekening, bijgewerkt met witte verf."
935a8f05-3a7a-530a-b612-67962c23e3a3,tg:lhpr:12572_#1,e22_ProductionTechniqueNote,1,kenmerken.lhtechvrijic,kleurreproductie,kleurreproductie
a0359f9c-026a-5489-a0f2-f0fa69879640,tg:lhpr:9484_#1,e22_ProductionTechniqueNote,1,kenmerken.lhtechvrijic,"Mechanische afdruk van een pentekening, bijgewerkt met witte verf.","Mechanische afdruk van een pentekening, bijgewerkt met witte verf."
0c12cf58-4ecb-5e56-b8ad-2492a99cd18c,tg:lhpr:4309_#1,e22_ProductionTechniqueNote,1,kenmerken.lhtechvrijic,linoleumplaat voor afdruk op papier,linoleumplaat voor afdruk op papier
5e50af86-72e0-570f-9301-8d5eaa4225d7,tg:lhpr:9545_#1,e22_ProductionTechniqueNote,1,kenmerken.lhtechvrijic,"Mechanische afdruk van een pentekening in zwart, bijgewerkt met witte verf.","Mechanische afdruk van een pentekening in zwart, bijgewerkt met witte verf."
af114167-ee12-59df-9b44-27680f708237,tg:lhpr:9527_#1,e22_ProductionTechniqueNote,1,kenmerken.lhtechvrijic,"Mechanische afdruk van een pentekening in zwart, bijgewerkt met witte verf.","Mechanische afdruk van een pentekening in zwart, bijgewerkt met witte verf."
33448815-93e2-5881-899d-4a250cc91c8a,tg:lhpr:8880_#1,e22_ProductionTechniqueNote,1,kenmerken.lhtechvrijic,Mechanische afdruk van Lithografie.,Mechanische afdruk van Lithografie.
dc5062f4-5474-50f1-b9ee-335071058ef9,tg:lhpr:9519_#1,e22_ProductionTechniqueNote,1,kenmerken.lhtechvrijic,"Mechanische afdruk van een pentekening, bijgewerkt met witte verf.","Mechanische afdruk van een pentekening, bijgewerkt met witte verf."
2975bdc6-3f03-5ce7-bdae-b2fc2a7bbb67,tg:lhpr:9461_#1,e22_ProductionTechniqueNote,1,kenmerken.lhtechvrijic,"Mechanische afdruk van een pentekening in zwart, bijgewerkt met witte verf.","Mechanische afdruk van een pentekening in zwart, bijgewerkt met witte verf."
bea99471-01de-5b5b-b7da-9b3c563eab0a,tg:lhpr:9509_#1,e22_ProductionTechniqueNote,1,kenmerken.lhtechvrijic,"Mechanische afdruk van een pentekening, bijgewerkt met witte verf.","Mechanische afdruk van een pentekening, bijgewerkt met witte verf."
4236cb34-0a24-5f6c-b60e-7dda78965caf,tg:lhpr:9471_#1,e22_ProductionTechniqueNote,1,kenmerken.lhtechvrijic,"Mechanische afdruk van een pentekening in zwart, bijgewerkt met witte verf.","Mechanische afdruk van een pentekening in zwart, bijgewerkt met witte verf."
e01af2e7-577f-5f70-83cb-2e5b5e0fbf74,tg:lhpr:12175_#1,e22_ProductionTechniqueNote,1,kenmerken.lhtechvrijic,fotocliché-druk.,fotocliché-druk.
9a10b994-bb77-5420-8140-e72ada0fbadc,tg:lhpr:4468_#1,e22_ProductionTechniqueNote,1,kenmerken.lhtechvrijic,Linoleumsnede.,Linoleumsnede.
b248bdcb-85bc-578e-9443-9518b9f884a1,tg:lhpr:11804_#1,e22_ProductionTechniqueNote,1,kenmerken.lhtechvrijic,"11 x 8,5","11 x 8,5"
031d6633-37e2-5951-912d-13305c8fee72,tg:lhpr:9544_#1,e22_ProductionTechniqueNote,1,kenmerken.lhtechvrijic,"Mechanische afdruk van een pentekening in zwart, bijgewerkt met witte verf.","Mechanische afdruk van een pentekening in zwart, bijgewerkt met witte verf."
32d08593-0656-55ad-a23c-8f77371ab7a3,tg:lhpr:9485_#1,e22_ProductionTechniqueNote,1,kenmerken.lhtechvrijic,"Mechanische afdruk van een pentekening, bijgewerkt met witte verf.","Mechanische afdruk van een pentekening, bijgewerkt met witte verf."
e93b253a-6c58-5ca0-8bea-8a9f6f196df4,tg:lhpr:9495_#1,e22_ProductionTechniqueNote,1,kenmerken.lhtechvrijic,"Mechanische afdruk van een pentekening, bijgewerkt met witte verf.","Mechanische afdruk van een pentekening, bijgewerkt met witte verf."
93c14697-9b79-598d-acdf-64a0efc92cdf,tg:lhpr:9526_#1,e22_ProductionTechniqueNote,1,kenmerken.lhtechvrijic,"Mechanische afdruk van een pentekening in zwart, bijgewerkt met witte verf.","Mechanische afdruk van een pentekening in zwart, bijgewerkt met witte verf."
6a088e02-18e7-575f-9a74-e9bd81adbc81,tg:lhpr:2481_#1,e22_ProductionTechniqueNote,1,kenmerken.lhtechvrijic,Vlakdruk op papier,Vlakdruk op papier
23e9fdea-c605-58b7-a783-1ca6e856f67a,tg:lhpr:12912_#1,e22_ProductionTechniqueNote,1,kenmerken.lhtechvrijic,Loodgravure,Loodgravure
57ecacce-b161-5617-a267-da31922165c6,tg:lhpr:10937_#1,e22_ProductionTechniqueNote,1,kenmerken.lhtechvrijic,Camaieu,Camaieu
e7e534c5-1b53-5c0f-b55e-1c521d97dfaf,tg:lhpr:9478_#1,e22_ProductionTechniqueNote,1,kenmerken.lhtechvrijic,"Mechanische afdruk van een pentekening, bijgewerkt met witte verf.","Mechanische afdruk van een pentekening, bijgewerkt met witte verf."
f3897fce-6711-5ffc-9bcd-449ba827e1a4,tg:lhpr:8172_#1,e22_ProductionTechniqueNote,1,kenmerken.lhtechvrijic,kleurendruk,kleurendruk
5c4bd5bb-9e75-575c-a095-dc4932c33569,tg:lhpr:9510_#1,e22_ProductionTechniqueNote,1,kenmerken.lhtechvrijic,"Mechanische afdruk van een pentekening, bijgewerkt met witte verf.","Mechanische afdruk van een pentekening, bijgewerkt met witte verf."
61fbf13c-5d35-5fd6-ada1-cab699fefe0b,tg:lhpr:9468_#1,e22_ProductionTechniqueNote,1,kenmerken.lhtechvrijic,"Mechanische afdruk van een pentekening in zwart, bijgewerkt met witte verf.","Mechanische afdruk van een pentekening in zwart, bijgewerkt met witte verf."
263cf311-ff64-5a9d-9f58-3707dd4080f7,tg:lhpr:8727_#1,e22_ProductionTechniqueNote,1,kenmerken.lhtechvrijic,Afdruk (oranje) van historisch object op papier.,Afdruk (oranje) van historisch object op papier.
c609ce59-870e-5f7a-84c7-cd154d32f61d,tg:lhpr:3584_#1,e22_ProductionTechniqueNote,1,kenmerken.lhtechvrijic,Afdruk van linoleumsnede op papier,Afdruk van linoleumsnede op papier
9cd81d74-a30a-513e-bcec-6c9ad1026ec4,tg:lhpr:11027_#1,e22_ProductionTechniqueNote,1,kenmerken.lhtechvrijic,Groen camaiue,Groen camaiue
749e7893-674c-52b4-ad62-8df46e4961fa,tg:lhpr:9447_#1,e22_ProductionTechniqueNote,1,kenmerken.lhtechvrijic,"Mechanische afdruk van een pentekening, bijgewerkt met witte verf.","Mechanische afdruk van een pentekening, bijgewerkt met witte verf."
bfd64508-5dc7-5e99-98dd-223fc40acba3,tg:lhpr:9457_#1,e22_ProductionTechniqueNote,1,kenmerken.lhtechvrijic,"Mechanische afdruk van een pentekening, bijgewerkt met witte verf.","Mechanische afdruk van een pentekening, bijgewerkt met witte verf."
5b280e94-8da3-545e-ab7c-587d1a1dcd72,tg:lhpr:9260_#1,e22_ProductionTechniqueNote,1,kenmerken.lhtechvrijic,"Mechanische afdruk in kleur, van pentekening.","Mechanische afdruk in kleur, van pentekening."
1f747132-a4ef-5810-97a3-1f57d3c8262f,tg:lhpr:9425_#1,e22_ProductionTechniqueNote,1,kenmerken.lhtechvrijic,"Mechanische afdruk van een pentekening, bijgewerkt met witte verf.","Mechanische afdruk van een pentekening, bijgewerkt met witte verf."
122ea968-9369-599d-a8c7-f8f38b535821,tg:lhpr:9435_#1,e22_ProductionTechniqueNote,1,kenmerken.lhtechvrijic,"Mechanische afdruk van een pentekening, bijgewerkt met witte verf.","Mechanische afdruk van een pentekening, bijgewerkt met witte verf."
c6b2be06-60e3-5495-a95c-ba7c55914b3d,tg:lhpr:12121_#1,e22_ProductionTechniqueNote,1,kenmerken.lhtechvrijic,fotocliché-druk.,fotocliché-druk.
619687d8-89a3-5423-976d-f646818631f1,tg:lhpr:11923_#1,e22_ProductionTechniqueNote,1,kenmerken.lhtechvrijic,De Westertoren werd fotografisch weergegeven.,De Westertoren werd fotografisch weergegeven.
653afa0b-d500-517b-ab4d-90323a65f872,tg:lhpr:9463_#1,e22_ProductionTechniqueNote,1,kenmerken.lhtechvrijic,"Mechanische afdruk van een pentekening in zwart, bijgewerkt met witte verf.","Mechanische afdruk van een pentekening in zwart, bijgewerkt met witte verf."
e0f3449c-64dc-5dfa-b934-7a9008a3383c,tg:lhpr:11013_#1,e22_ProductionTechniqueNote,1,kenmerken.lhtechvrijic,Tweekleurendruk,Tweekleurendruk
70e27c07-3960-5bb4-994d-173ba8ebc1c5,tg:lhpr:11003_#1,e22_ProductionTechniqueNote,1,kenmerken.lhtechvrijic,in twee kleuren,in twee kleuren
19439c39-612c-544e-8a07-eb30261ef004,tg:lhpr:11880_#1,e22_ProductionTechniqueNote,1,kenmerken.lhtechvrijic,Veelkleurig.,Veelkleurig.
fb96614b-7fff-505e-a6a3-95b939abbfa3,tg:lhpr:11095_#1,e22_ProductionTechniqueNote,1,kenmerken.lhtechvrijic,Loodgravure,Loodgravure
1a7e55cd-2be3-5005-8650-241517ea14de,tg:lhpr:3541_#2,e22_ProductionTechniqueNote,1,kenmerken.lhtechvrijic,Een ets en een potloodtekening op papier,Een ets en een potloodtekening op papier
c7275d63-6456-5675-975b-af7875635b27,tg:lhpr:9534_#1,e22_ProductionTechniqueNote,1,kenmerken.lhtechvrijic,"Mechanische afdruk van een pentekening in zwart, bijgewerkt met witte verf.","Mechanische afdruk van een pentekening in zwart, bijgewerkt met witte verf."
7c5d6e72-594a-5e64-a566-aa47f5170014,tg:lhpr:9546_#1,e22_ProductionTechniqueNote,1,kenmerken.lhtechvrijic,"Mechanische afdruk van een pentekening in zwart, bijgewerkt met witte verf.","Mechanische afdruk van een pentekening in zwart, bijgewerkt met witte verf."
c6667bd7-28f6-5c69-85f2-5a465d760610,tg:lhpr:11806_#1,e22_ProductionTechniqueNote,1,kenmerken.lhtechvrijic,Ingekleurd.,Ingekleurd.
468de07b-4720-5b6e-8b1d-a4d2982f4ecf,tg:lhpr:1585_#1,e22_ProductionTechniqueNote,1,kenmerken.lhtechvrijic,drukexemplaar,drukexemplaar
6cf4c208-5499-5c17-95a4-eb0c7138cd96,tg:lhpr:9497_#1,e22_ProductionTechniqueNote,1,kenmerken.lhtechvrijic,"Mechanische afdruk van een pentekening, bijgewerkt met witte verf.","Mechanische afdruk van een pentekening, bijgewerkt met witte verf."
7a3d1a9d-7261-5dee-9824-41dbfb9227c9,tg:lhpr:12409_#1,e22_ProductionTechniqueNote,1,kenmerken.lhtechvrijic,Veelkleurig.,Veelkleurig.
091a3537-3187-5612-8994-67da1504835e,tg:lhpr:9487_#1,e22_ProductionTechniqueNote,1,kenmerken.lhtechvrijic,"Mechanische afdruk van een pentekening, bijgewerkt met witte verf.","Mechanische afdruk van een pentekening, bijgewerkt met witte verf."
4686f82d-0f32-5c08-8fa0-c0a4f2ac658e,tg:lhpr:9408_#1,e22_ProductionTechniqueNote,1,kenmerken.lhtechvrijic,Kleurendruk op wit papier.,Kleurendruk op wit papier.
7a91b3fc-24c0-509c-aacb-280af29f868d,tg:lhpr:9512_#1,e22_ProductionTechniqueNote,1,kenmerken.lhtechvrijic,"Mechanische afdruk van een pentekening, bijgewerkt met witte verf.","Mechanische afdruk van een pentekening, bijgewerkt met witte verf."
92d273d1-11fb-5eab-ac5a-b7cc83bfae16,tg:lhpr:9502_#1,e22_ProductionTechniqueNote,1,kenmerken.lhtechvrijic,"Mechanische afdruk van een pentekening, bijgewerkt met witte verf.","Mechanische afdruk van een pentekening, bijgewerkt met witte verf."
0cf3548d-d2e7-59cd-8960-6b8f60223a3a,tg:lhpr:9437_#1,e22_ProductionTechniqueNote,1,kenmerken.lhtechvrijic,"Mechanische afdruk van een pentekening in zwart, bijgewerkt met witte verf.","Mechanische afdruk van een pentekening in zwart, bijgewerkt met witte verf."
8fdf6c41-7e71-53de-8717-fa3cbd573c68,tg:lhpr:9427_#1,e22_ProductionTechniqueNote,1,kenmerken.lhtechvrijic,Mechanische afdruk van een pentekening in zwart wit.,Mechanische afdruk van een pentekening in zwart wit.
37741ec2-e80a-5e17-8794-450e3353991b,tg:lhpr:9262_#1,e22_ProductionTechniqueNote,1,kenmerken.lhtechvrijic,"Mechanische afdruk in kleur, van pentekening.","Mechanische afdruk in kleur, van pentekening."
274e644c-5861-57f3-9404-1c52e937de9f,tg:lhpr:11025_#1,e22_ProductionTechniqueNote,1,kenmerken.lhtechvrijic,Driekleurendruk,Driekleurendruk
a9a6fbaa-bee1-5d15-a5b5-bd67e7c0fff5,tg:lhpr:9455_#1,e22_ProductionTechniqueNote,1,kenmerken.lhtechvrijic,"Mechanische afdruk van een pentekening, bijgewerkt met witte verf.","Mechanische afdruk van een pentekening, bijgewerkt met witte verf."
055e0670-5b9d-5905-a9dc-ef35fffd57e3,tg:lhpr:9409_#1,e22_ProductionTechniqueNote,1,kenmerken.lhtechvrijic,Druk op wit papier.,Druk op wit papier.
9ee3e4dd-158e-5be9-9b0c-9f3dd6988b07,tg:lhpr:3648_#1,e22_ProductionTechniqueNote,1,kenmerken.lhtechvrijic,Afdruk van postkaartje op papier,Afdruk van postkaartje op papier
dbada86e-ace3-54aa-bd8e-3ade9af83699,tg:lhpr:12642_#1,e22_ProductionTechniqueNote,1,kenmerken.lhtechvrijic,1570(b) gedrukt op lichtblauw papier,1570(b) gedrukt op lichtblauw papier
358cf114-0d2c-599a-86df-e3b63ac894ee,tg:lhpr:9503_#1,e22_ProductionTechniqueNote,1,kenmerken.lhtechvrijic,"Mechanische afdruk van een pentekening, bijgewerkt met witte verf.","Mechanische afdruk van een pentekening, bijgewerkt met witte verf."
461ff2d7-40f5-520c-b428-74ff3980cbc8,tg:lhpr:9513_#1,e22_ProductionTechniqueNote,1,kenmerken.lhtechvrijic,"Mechanische afdruk van een pentekening, bijgewerkt met witte verf.","Mechanische afdruk van een pentekening, bijgewerkt met witte verf."
54253a16-e020-5e2b-9fc3-cdf74fde2727,tg:lhpr:9436_#1,e22_ProductionTechniqueNote,1,kenmerken.lhtechvrijic,"Mechanische afdruk van een pentekening, bijgewerkt met witte verf.","Mechanische afdruk van een pentekening, bijgewerkt met witte verf."
cb1142ed-dc91-5a43-8e48-255c2ea7a436,tg:lhpr:9454_#1,e22_ProductionTechniqueNote,1,kenmerken.lhtechvrijic,"Mechanische afdruk van een pentekening, bijgewerkt met witte verf.","Mechanische afdruk van een pentekening, bijgewerkt met witte verf."
c671f9f6-f593-5378-aba0-0a33b4dea624,tg:lhpr:12236_#1,e22_ProductionTechniqueNote,1,kenmerken.lhtechvrijic,reliëfstempel,reliëfstempel
65c4a8f0-c61b-5fe5-b303-de44ecb9edb0,tg:lhpr:12038_#1,e22_ProductionTechniqueNote,1,kenmerken.lhtechvrijic,Ingekleurd.,Ingekleurd.
0ebd27fa-5072-500d-bd41-fb42d76e8748,tg:lhpr:12987_#1,e22_ProductionTechniqueNote,1,kenmerken.lhtechvrijic,Reproductie op papier,Reproductie op papier
baf60017-42a5-5d79-bbf2-9e25072f0e77,tg:lhpr:9462_#1,e22_ProductionTechniqueNote,1,kenmerken.lhtechvrijic,"Mechanische afdruk van een pentekening in zwart, bijgewerkt met witte verf.","Mechanische afdruk van een pentekening in zwart, bijgewerkt met witte verf."
48529dfd-8553-55da-8e8d-2968e6fccd2c,tg:lhpr:12584_#1,e22_ProductionTechniqueNote,1,kenmerken.lhtechvrijic,Veelkleurig.,Veelkleurig.
2265177c-1412-5353-99c4-9b7dc4a95cba,tg:lhpr:9472_#1,e22_ProductionTechniqueNote,1,kenmerken.lhtechvrijic,"Mechanische afdruk van een pentekening in zwart, bijgewerkt met witte verf.","Mechanische afdruk van een pentekening in zwart, bijgewerkt met witte verf."
406ed8e1-deca-5bcc-a7ec-24419648038a,tg:lhpr:113_#1,e22_ProductionTechniqueNote,1,kenmerken.lhtechvrijic,drukwerk,drukwerk
4fa41fff-d05a-5f2e-ab7e-4ae1687503ed,tg:lhpr:4193_#1,e22_ProductionTechniqueNote,1,kenmerken.lhtechvrijic,cliche - afdruk van litcho op papier,cliche - afdruk van litcho op papier
f0871fa3-0d34-5bd2-849b-6f2330998732,tg:lhpr:11891_#1,e22_ProductionTechniqueNote,1,kenmerken.lhtechvrijic,bijna fotografische weergave als cliché naar ets.,bijna fotografische weergave als cliché naar ets.
a3cd6b93-d982-51bb-9c83-02ae4079fe22,tg:lhpr:12104_#1,e22_ProductionTechniqueNote,1,kenmerken.lhtechvrijic,purper en zwart gekleurd.,purper en zwart gekleurd.
f5ca2f6c-42e7-5b14-a646-84e2bf9a5026,tg:lhpr:9525_#1,e22_ProductionTechniqueNote,1,kenmerken.lhtechvrijic,"Mechanische afdruk van een pentekening in zwart, bijgewerkt met witte verf.","Mechanische afdruk van een pentekening in zwart, bijgewerkt met witte verf."
84d590d7-1bad-5873-b29e-5bb89e4e02f5,tg:lhpr:9535_#1,e22_ProductionTechniqueNote,1,kenmerken.lhtechvrijic,"Mechanische afdruk van een pentekening in zwart, bijgewerkt met witte verf.","Mechanische afdruk van een pentekening in zwart, bijgewerkt met witte verf."
949587f8-8c8f-5d56-923e-110d1b185e92,tg:lhpr:3402_#1,e22_ProductionTechniqueNote,1,kenmerken.lhtechvrijic,ets,ets
e566505e-09c6-5ccd-9ffa-d4b9084bef59,tg:lhpr:9486_#1,e22_ProductionTechniqueNote,1,kenmerken.lhtechvrijic,"Mechanische afdruk van een pentekening, bijgewerkt met witte verf.","Mechanische afdruk van een pentekening, bijgewerkt met witte verf."
85a9b363-3536-5f66-8424-37f83f07f12f,tg:lhpr:9496_#1,e22_ProductionTechniqueNote,1,kenmerken.lhtechvrijic,"Mechanische afdruk van een pentekening, bijgewerkt met witte verf.","Mechanische afdruk van een pentekening, bijgewerkt met witte verf."
6b172510-39ab-5db7-993a-0a73ddf411e0,tg:lhpr:9547_#1,e22_ProductionTechniqueNote,1,kenmerken.lhtechvrijic,"Mechanische afdruk van een pentekening in zwart, bijgewerkt met witte verf.","Mechanische afdruk van een pentekening in zwart, bijgewerkt met witte verf."
4237270e-72f5-58c3-a0a1-6848feca9e40,tg:lhpr:9448_#1,e22_ProductionTechniqueNote,1,kenmerken.lhtechvrijic,"Mechanische afdruk van een pentekening, bijgewerkt met witte verf.","Mechanische afdruk van een pentekening, bijgewerkt met witte verf."
355648ac-b565-532f-87be-781ba3753f3e,tg:lhpr:9530_#1,e22_ProductionTechniqueNote,1,kenmerken.lhtechvrijic,"Mechanische afdruk van een pentekening in zwart, bijgewerkt met witte verf.","Mechanische afdruk van een pentekening in zwart, bijgewerkt met witte verf."
0ee1e146-d2ce-51d0-a665-6b51125d5f1f,tg:lhpr:9458_#1,e22_ProductionTechniqueNote,1,kenmerken.lhtechvrijic,"Mechanische afdruk van een pentekening, bijgewerkt met witte verf.","Mechanische afdruk van een pentekening, bijgewerkt met witte verf."
baa9f386-68c5-56bb-92dd-eb6667e5efcf,tg:lhpr:9520_#1,e22_ProductionTechniqueNote,1,kenmerken.lhtechvrijic,"Mechanische afdruk van een pentekening, bijgewerkt met witte verf.","Mechanische afdruk van een pentekening, bijgewerkt met witte verf."
e9782a0d-e88c-5e78-831c-f1fa2a651d06,tg:lhpr:12904_#1,e22_ProductionTechniqueNote,1,kenmerken.lhtechvrijic,Loodsnede,Loodsnede
00f37b86-740e-5b1e-94c8-b5a1d73b3d6b,tg:lhpr:4529_#1,e22_ProductionTechniqueNote,1,kenmerken.lhtechvrijic,Kopie van afdruk van een houtsnede,Kopie van afdruk van een houtsnede
c47a6cdf-b3cd-5f27-a62f-f5e8bbf21877,tg:lhpr:12330_#1,e22_ProductionTechniqueNote,1,kenmerken.lhtechvrijic,Simili-foto in lichtbruine kleur.,Simili-foto in lichtbruine kleur.
f4dccc2c-7307-5539-9398-eb94afb5b4ac,tg:lhpr:9493_#1,e22_ProductionTechniqueNote,1,kenmerken.lhtechvrijic,"Mechanische afdruk van een pentekening, bijgewerkt met witte verf.","Mechanische afdruk van een pentekening, bijgewerkt met witte verf."
f7d574cf-f1e8-5741-945e-3aa57503a6df,tg:lhpr:9483_#1,e22_ProductionTechniqueNote,1,kenmerken.lhtechvrijic,"Mechanische afdruk van een pentekening, bijgewerkt met witte verf.","Mechanische afdruk van een pentekening, bijgewerkt met witte verf."
9daed996-5f3a-5a26-8d39-6673c40f28ba,tg:lhpr:11802_#1,e22_ProductionTechniqueNote,1,kenmerken.lhtechvrijic,Ingekleurd.,Ingekleurd.
b40e33ac-ea63-5c28-ac21-6439c43f99b3,tg:lhpr:9467_#1,e22_ProductionTechniqueNote,1,kenmerken.lhtechvrijic,"Mechanische afdruk van een pentekening in zwart, bijgewerkt met witte verf.","Mechanische afdruk van een pentekening in zwart, bijgewerkt met witte verf."
a3e5dcc7-6ca5-5cab-a728-c53e626ba4a9,tg:lhpr:9250_#1,e22_ProductionTechniqueNote,1,kenmerken.lhtechvrijic,Gemengde techniek.,Gemengde techniek.
f6038fb2-8a05-575b-ac1c-0fc5616a46f5,tg:lhpr:4574_#1,e22_ProductionTechniqueNote,1,kenmerken.lhtechvrijic,Reproductie van prent (ets): scan of fotokopie.,Reproductie van prent (ets): scan of fotokopie.
73cabf1b-c5dd-58f8-b844-4d6e5dbac5a8,tg:lhpr:3522_#1,e22_ProductionTechniqueNote,1,kenmerken.lhtechvrijic,"zegel, zwart inkt op papier","zegel, zwart inkt op papier"
cb54408f-f883-5b72-82f4-a609f0e0858e,tg:lhpr:10559_#1,e22_ProductionTechniqueNote,1,kenmerken.lhtechvrijic,Heliografie op velijnpapier,Heliografie op velijnpapier
fa29dffc-d9cf-5654-a1e4-0c04268f7381,tg:lhpr:2445_#1,e22_ProductionTechniqueNote,1,kenmerken.lhtechvrijic,Lithografie op reproduktie,Lithografie op reproduktie
d8e4ea9e-56f5-5e03-a111-15dbc8427494,tg:lhpr:4542_#1,e22_ProductionTechniqueNote,1,kenmerken.lhtechvrijic,Kopie van afdruk van een houtsnede,Kopie van afdruk van een houtsnede
c0fb7972-b685-54c2-9316-4f6bb9eab006,tg:lhpr:120_#1,e22_ProductionTechniqueNote,1,kenmerken.lhtechvrijic,Reproductie naar litho,Reproductie naar litho
945ba943-9ec4-5bea-b788-4525e20b6f06,tg:lhpr:9433_#1,e22_ProductionTechniqueNote,1,kenmerken.lhtechvrijic,"Mechanische afdruk van een pentekening, bijgewerkt met witte verf.","Mechanische afdruk van een pentekening, bijgewerkt met witte verf."
59b0ed74-b420-5239-8bd4-b1ee49e2c72d,tg:lhpr:9423_#1,e22_ProductionTechniqueNote,1,kenmerken.lhtechvrijic,"Mechanische afdruk van een pentekening, bijgewerkt met witte verf.","Mechanische afdruk van een pentekening, bijgewerkt met witte verf."
27cb383b-24f7-5182-876d-f9fb6b19d79a,tg:lhpr:9451_#1,e22_ProductionTechniqueNote,1,kenmerken.lhtechvrijic,"Mechanische afdruk van een pentekening, bijgewerkt met witte verf.","Mechanische afdruk van een pentekening, bijgewerkt met witte verf."
576e3ce1-f3aa-5c5c-ad4e-0e7462ea86fe,tg:lhpr:9529_#1,e22_ProductionTechniqueNote,1,kenmerken.lhtechvrijic,"Mechanische afdruk van een pentekening in zwart, bijgewerkt met witte verf.","Mechanische afdruk van een pentekening in zwart, bijgewerkt met witte verf."
f315ef23-c2cb-577f-96d4-457158aa498f,tg:lhpr:9259_#1,e22_ProductionTechniqueNote,1,kenmerken.lhtechvrijic,"Mechanische afdruk in kleur, van pentekening.","Mechanische afdruk in kleur, van pentekening."
fa72d8c1-6dfd-50aa-81df-bf3ed538184a,tg:lhpr:12002_#1,e22_ProductionTechniqueNote,1,kenmerken.lhtechvrijic,rastervorming in het beeld.,rastervorming in het beeld.
8dee0106-7008-5139-9c3d-44ffcf99864e,tg:lhpr:9516_#1,e22_ProductionTechniqueNote,1,kenmerken.lhtechvrijic,"Mechanische afdruk van een pentekening, bijgewerkt met witte verf.","Mechanische afdruk van een pentekening, bijgewerkt met witte verf."
2bc73a7d-6ba5-50f5-8021-11ef54ef8d15,tg:lhpr:9506_#1,e22_ProductionTechniqueNote,1,kenmerken.lhtechvrijic,"Mechanische afdruk van een pentekening, bijgewerkt met witte verf.","Mechanische afdruk van een pentekening, bijgewerkt met witte verf."
d3616c3c-aeb3-591a-a174-304b1ca6cfa3,tg:lhpr:12598_#1,e22_ProductionTechniqueNote,1,kenmerken.lhtechvrijic,Ingekleurd met de hand.,Ingekleurd met de hand.
0cee6ea3-1601-5492-8da4-b2dabc9e207b,tg:lhpr:9432_#1,e22_ProductionTechniqueNote,1,kenmerken.lhtechvrijic,"Mechanische afdruk van een pentekening, bijgewerkt met witte verf.","Mechanische afdruk van een pentekening, bijgewerkt met witte verf."
f67fdfd1-647d-5941-9bf7-73b7aa1bacdd,tg:lhpr:12154_#1,e22_ProductionTechniqueNote,1,kenmerken.lhtechvrijic,fotocliché-druk.,fotocliché-druk.
5f25ad62-c5d9-55c1-8edb-15f10003f81b,tg:lhpr:9440_#1,e22_ProductionTechniqueNote,1,kenmerken.lhtechvrijic,"Mechanische afdruk van een pentekening, bijgewerkt met witte verf.","Mechanische afdruk van een pentekening, bijgewerkt met witte verf."
62f482ac-0625-52bb-ba95-92c27385b753,tg:lhpr:9528_#1,e22_ProductionTechniqueNote,1,kenmerken.lhtechvrijic,"Mechanische afdruk van een pentekening in zwart, bijgewerkt met witte verf.","Mechanische afdruk van een pentekening in zwart, bijgewerkt met witte verf."
327a538a-2a3d-5de1-bbb1-de69ff18b4dc,tg:lhpr:9450_#1,e22_ProductionTechniqueNote,1,kenmerken.lhtechvrijic,"Mechanische afdruk van een pentekening, bijgewerkt met witte verf.","Mechanische afdruk van een pentekening, bijgewerkt met witte verf."
f4692659-fb29-57eb-9856-011e948d4251,tg:lhpr:12095_#1,e22_ProductionTechniqueNote,1,kenmerken.lhtechvrijic,foto-zink techniek,foto-zink techniek
417be343-8f33-5b8b-982b-d3daf5f1d6a5,tg:lhpr:9982_#1,e22_ProductionTechniqueNote,1,kenmerken.lhtechvrijic,galvanoglyphie op papier,galvanoglyphie op papier
7977229f-494f-501e-bb4c-95e7b54f0875,tg:lhpr:9258_#1,e22_ProductionTechniqueNote,1,kenmerken.lhtechvrijic,"Mechanische afdruk in kleur, van pentekening.","Mechanische afdruk in kleur, van pentekening."
f0b99370-2d90-5088-8ad7-ae1900ebc0b0,tg:lhpr:9507_#1,e22_ProductionTechniqueNote,1,kenmerken.lhtechvrijic,"Mechanische afdruk van een pentekening, bijgewerkt met witte verf.","Mechanische afdruk van een pentekening, bijgewerkt met witte verf."
4ca2cbc9-f67d-5c9a-9153-609a84a30b52,tg:lhpr:9517_#1,e22_ProductionTechniqueNote,1,kenmerken.lhtechvrijic,"Mechanische afdruk van een pentekening, bijgewerkt met witte verf.","Mechanische afdruk van een pentekening, bijgewerkt met witte verf."
4cb7486e-8f49-5544-a2e1-c36340735e84,tg:lhpr:12343_#1,e22_ProductionTechniqueNote,1,kenmerken.lhtechvrijic,Veelkleurig.,Veelkleurig.
66bd3c1f-2b16-5dab-ae92-7d71137f2c23,tg:lhpr:9459_#1,e22_ProductionTechniqueNote,1,kenmerken.lhtechvrijic,"Mechanische afdruk van een pentekening in zwart, bijgewerkt met witte verf.","Mechanische afdruk van een pentekening in zwart, bijgewerkt met witte verf."
78855c8a-7d3a-563c-b973-05fb5e3df161,tg:lhpr:9531_#1,e22_ProductionTechniqueNote,1,kenmerken.lhtechvrijic,"Mechanische afdruk van een pentekening in zwart, bijgewerkt met witte verf.","Mechanische afdruk van een pentekening in zwart, bijgewerkt met witte verf."
90700e01-b376-5c61-8dc2-ae0ed616bc32,tg:lhpr:9449_#1,e22_ProductionTechniqueNote,1,kenmerken.lhtechvrijic,"Mechanische afdruk van een pentekening, bijgewerkt met witte verf.","Mechanische afdruk van een pentekening, bijgewerkt met witte verf."
1173b578-dd26-5469-9366-1197d3fe4960,tg:lhpr:12915_#1,e22_ProductionTechniqueNote,1,kenmerken.lhtechvrijic,Plastiekgravure,Plastiekgravure
a719ddab-565d-50b5-b4fc-125d689d9503,tg:lhpr:12905_#1,e22_ProductionTechniqueNote,1,kenmerken.lhtechvrijic,Loodsnede,Loodsnede
6ba585d1-7f8c-517e-9f6d-1b2f165e145b,tg:lhpr:9543_#1,e22_ProductionTechniqueNote,1,kenmerken.lhtechvrijic,"Mechanische afdruk van een pentekening in zwart, bijgewerkt met witte verf.","Mechanische afdruk van een pentekening in zwart, bijgewerkt met witte verf."
04157d38-c495-5dd2-a530-7acb459ff971,tg:lhpr:9482_#1,e22_ProductionTechniqueNote,1,kenmerken.lhtechvrijic,"Mechanische afdruk van een pentekening, bijgewerkt met witte verf.","Mechanische afdruk van een pentekening, bijgewerkt met witte verf."
0659923d-d532-525e-84c8-89a0927ca623,tg:lhpr:9492_#1,e22_ProductionTechniqueNote,1,kenmerken.lhtechvrijic,"Mechanische afdruk van een pentekening, bijgewerkt met witte verf.","Mechanische afdruk van een pentekening, bijgewerkt met witte verf."
522d036a-9a7f-544e-b0e3-9da72b524f8f,tg:lhpr:12602_#1,e22_ProductionTechniqueNote,1,kenmerken.lhtechvrijic,Veelkleurig.,Veelkleurig.
a6c940a5-09a8-5ae4-b69f-3363ddc09a12,tg:lhpr:9466_#1,e22_ProductionTechniqueNote,1,kenmerken.lhtechvrijic,"Mechanische afdruk van een pentekening in zwart, bijgewerkt met witte verf.","Mechanische afdruk van een pentekening in zwart, bijgewerkt met witte verf."
8918edba-1cfd-5a0a-9d0f-e4fbf7e15308,tg:lhpr:3541_#1,e22_ProductionTechniqueNote,1,kenmerken.lhtechvrijic,Een ets en een potloodtekening op papier,Een ets en een potloodtekening op papier
68cb99d7-f6b6-5037-8c22-74227c3b4a71,tg:lhpr:10770_#1,e22_ProductionTechniqueNote,1,kenmerken.lhtechvrijic,drukwerk,drukwerk
c23a536c-3d1c-5925-9a67-03734e7d4401,tg:lhpr:12110_#1,e22_ProductionTechniqueNote,1,kenmerken.lhtechvrijic,Ingekleurd.,Ingekleurd.
d1ba0826-2bbc-53e6-a267-7ad6cac9fefc,tg:lhpr:6428_#1,e22_ProductionTechniqueNote,1,kenmerken.lhtechvrijic,ets,ets
4aef9fcc-4ec3-50db-a661-8795c391bbc1,tg:lhpr:1585_#2,e22_ProductionTechniqueNote,1,kenmerken.lhtechvrijic,drukexemplaar,drukexemplaar
0f0a6cb1-7ebd-58a5-9d11-837b4d30aab8,tg:lhpr:4187_#1,e22_ProductionTechniqueNote,1,kenmerken.lhtechvrijic,Afdruk van tekening op papier,Afdruk van tekening op papier
ff0002e4-8330-50de-9a3c-49fff5117ade,tg:lhpr:9452_#1,e22_ProductionTechniqueNote,1,kenmerken.lhtechvrijic,"Mechanische afdruk van een pentekening, bijgewerkt met witte verf.","Mechanische afdruk van een pentekening, bijgewerkt met witte verf."
f1bbd24b-697d-53b5-8c8e-ea5a092a7b68,tg:lhpr:9442_#1,e22_ProductionTechniqueNote,1,kenmerken.lhtechvrijic,"Mechanische afdruk van een pentekening, bijgewerkt met witte verf.","Mechanische afdruk van een pentekening, bijgewerkt met witte verf."
db59fc6e-5e11-54d6-9496-a1f9abbef1f0,tg:lhpr:9265_#1,e22_ProductionTechniqueNote,1,kenmerken.lhtechvrijic,Mechanische afdruk van pentekening.,Mechanische afdruk van pentekening.
4613b98e-2ec0-5ffc-aa09-1a80febc26a1,tg:lhpr:9548_#1,e22_ProductionTechniqueNote,1,kenmerken.lhtechvrijic,"Mechanische afdruk van een pentekening in zwart, bijgewerkt met witte verf.","Mechanische afdruk van een pentekening in zwart, bijgewerkt met witte verf."
fb090e5d-72d8-5ebd-ad3d-72db26f60535,tg:lhpr:9430_#1,e22_ProductionTechniqueNote,1,kenmerken.lhtechvrijic,"Mechanische afdruk van een pentekening, bijgewerkt met witte verf.","Mechanische afdruk van een pentekening, bijgewerkt met witte verf."
84137abb-f41d-5c43-97e9-465c85084edd,tg:lhpr:10079_#1,e22_ProductionTechniqueNote,1,kenmerken.lhtechvrijic,Porceleinkaart,Porceleinkaart
4559d943-b6a2-5c4b-a5cf-500140feeb58,tg:lhpr:9489_#1,e22_ProductionTechniqueNote,1,kenmerken.lhtechvrijic,"Mechanische afdruk van een pentekening, bijgewerkt met witte verf.","Mechanische afdruk van een pentekening, bijgewerkt met witte verf."
0148b64b-4970-5aaa-ab63-c4256009a345,tg:lhpr:9515_#1,e22_ProductionTechniqueNote,1,kenmerken.lhtechvrijic,"Mechanische afdruk van een pentekening, bijgewerkt met witte verf.","Mechanische afdruk van een pentekening, bijgewerkt met witte verf."
03a0c150-a71c-50db-9b03-ca898aa14994,tg:lhpr:9505_#1,e22_ProductionTechniqueNote,1,kenmerken.lhtechvrijic,"Mechanische afdruk van een pentekening, bijgewerkt met witte verf.","Mechanische afdruk van een pentekening, bijgewerkt met witte verf."
51f92d2c-1c45-5332-9b32-624f1aae265f,tg:lhpr:11979_#1,e22_ProductionTechniqueNote,1,kenmerken.lhtechvrijic,bijna fotografische weergave als clichédruk.,bijna fotografische weergave als clichédruk.
3d86d564-b809-5ee7-8bdc-103a3ceaa0a6,tg:lhpr:9541_#1,e22_ProductionTechniqueNote,1,kenmerken.lhtechvrijic,Mechanische afdruk van een pentekening in zwart.,Mechanische afdruk van een pentekening in zwart.
b8631a82-0748-52a2-8f70-9880365a7e89,tg:lhpr:9439_#1,e22_ProductionTechniqueNote,1,kenmerken.lhtechvrijic,"Mechanische afdruk van een pentekening, bijgewerkt met witte verf.","Mechanische afdruk van een pentekening, bijgewerkt met witte verf."
b4292eb7-5356-5add-9b6b-cff5361def8c,tg:lhpr:10940_#1,e22_ProductionTechniqueNote,1,kenmerken.lhtechvrijic,Camaiue,Camaiue
0d9caa45-725a-51da-a06c-b9e94adbde33,tg:lhpr:12045_#1,e22_ProductionTechniqueNote,1,kenmerken.lhtechvrijic,bijna fotografische weergave als clichédruk.,bijna fotografische weergave als clichédruk.
71e2f28f-f42a-57e6-8d50-3005201b4219,tg:lhpr:9490_#1,e22_ProductionTechniqueNote,1,kenmerken.lhtechvrijic,"Mechanische afdruk van een pentekening, bijgewerkt met witte verf.","Mechanische afdruk van een pentekening, bijgewerkt met witte verf."
6fb3210a-b286-54f5-9d91-e0d9ae24712a,tg:lhpr:4019_#1,e22_ProductionTechniqueNote,1,kenmerken.lhtechvrijic,Litho 46/50,Litho 46/50
deecdc8b-8eb8-504d-9c1c-7657b0ec3c7d,tg:lhpr:3404_#1,e22_ProductionTechniqueNote,1,kenmerken.lhtechvrijic,ets,ets
c2f12e55-844e-5202-9bdb-24306333ba1d,tg:lhpr:12907_#1,e22_ProductionTechniqueNote,1,kenmerken.lhtechvrijic,Loodsnede,Loodsnede
bd255f31-65b7-5a05-9b2c-5ce8b2592825,tg:lhpr:9533_#1,e22_ProductionTechniqueNote,1,kenmerken.lhtechvrijic,"Mechanische afdruk van een pentekening in zwart, bijgewerkt met witte verf.","Mechanische afdruk van een pentekening in zwart, bijgewerkt met witte verf."
8fd60bb1-dd7d-5cb8-b1a4-e3df5d86094d,tg:lhpr:11887_#1,e22_ProductionTechniqueNote,1,kenmerken.lhtechvrijic,bijna fotografische weergave als clichédruk.,bijna fotografische weergave als clichédruk.
f73bf61b-e06b-5eb8-a1cb-487cb857d9fb,tg:lhpr:9464_#1,e22_ProductionTechniqueNote,1,kenmerken.lhtechvrijic,"Mechanische afdruk van een pentekening in zwart, bijgewerkt met witte verf.","Mechanische afdruk van een pentekening in zwart, bijgewerkt met witte verf."
61ae8e12-b03c-5462-b17f-ba535af35efa,tg:lhpr:1610_#1,e22_ProductionTechniqueNote,1,kenmerken.lhtechvrijic,Reprografie van origineel,Reprografie van origineel
d5b7a9bf-0030-5868-a200-41ddd403c2bc,tg:lhpr:3108_#1,e22_ProductionTechniqueNote,1,kenmerken.lhtechvrijic,mechanische afdruk van pentekening.,mechanische afdruk van pentekening.
7fb3ecd5-5570-5459-beac-c70bf2d1be7c,tg:lhpr:9481_#1,e22_ProductionTechniqueNote,1,kenmerken.lhtechvrijic,"Mechanische afdruk van een pentekening, bijgewerkt met witte verf.","Mechanische afdruk van een pentekening, bijgewerkt met witte verf."
a7e4135b-e342-50f3-8950-1be35cb9884f,tg:lhpr:2526_#1,e22_ProductionTechniqueNote,1,kenmerken.lhtechvrijic,Gravure op papier,Gravure op papier
2cf1cb16-7960-577a-8c06-d49ca186566b,tg:lhpr:3144_#1,e22_ProductionTechniqueNote,1,kenmerken.lhtechvrijic,Blablabla,Blablabla
b75c8c11-7027-5d52-a362-0a884c6f577e,tg:lhpr:9491_#1,e22_ProductionTechniqueNote,1,kenmerken.lhtechvrijic,"Mechanische afdruk van een pentekening, bijgewerkt met witte verf.","Mechanische afdruk van een pentekening, bijgewerkt met witte verf."
e7f5eea9-0a2a-540a-9f4c-e25d04e2bc8d,tg:lhpr:9438_#1,e22_ProductionTechniqueNote,1,kenmerken.lhtechvrijic,"Mechanische afdruk van een pentekening in zwart, bijgewerkt met witte verf.","Mechanische afdruk van een pentekening in zwart, bijgewerkt met witte verf."
7674e3b3-78c4-564e-b27d-1a4feaef9caf,tg:lhpr:9550_#1,e22_ProductionTechniqueNote,1,kenmerken.lhtechvrijic,"Mechanische afdruk van een pentekening in zwart, bijgewerkt met witte verf.","Mechanische afdruk van een pentekening in zwart, bijgewerkt met witte verf."
993188b2-1fef-5800-bed9-6a3463dfd083,tg:lhpr:9988_#1,e22_ProductionTechniqueNote,1,kenmerken.lhtechvrijic,galvanoglyphie op papier,galvanoglyphie op papier
a856b4c2-cf7c-5f97-845a-a83da6e79293,tg:lhpr:12906_#1,e22_ProductionTechniqueNote,1,kenmerken.lhtechvrijic,Loodsnede,Loodsnede
0e493b75-b6e1-5fac-9d33-1bf8a127e55f,tg:lhpr:9532_#1,e22_ProductionTechniqueNote,1,kenmerken.lhtechvrijic,"Mechanische afdruk van een pentekening in zwart, bijgewerkt met witte verf.","Mechanische afdruk van een pentekening in zwart, bijgewerkt met witte verf."
f9c71d45-9c29-5ea9-8db3-d2651e3d4067,tg:lhpr:12113_#1,e22_ProductionTechniqueNote,1,kenmerken.lhtechvrijic,Ingekleurd.,Ingekleurd.
4d07ba40-8ee8-5b40-9513-9afa12532df6,tg:lhpr:3542_#1,e22_ProductionTechniqueNote,1,kenmerken.lhtechvrijic,Reproductie op papier,Reproductie op papier
8e8c7fb3-300e-578e-bcc7-7abc9e97072d,tg:lhpr:1601_#1,e22_ProductionTechniqueNote,1,kenmerken.lhtechvrijic,Reprografie van origineel,Reprografie van origineel
bc3d830a-22e6-5e90-bb19-03f0dca36846,tg:lhpr:9443_#1,e22_ProductionTechniqueNote,1,kenmerken.lhtechvrijic,"Mechanische afdruk van een pentekening, bijgewerkt met witte verf.","Mechanische afdruk van een pentekening, bijgewerkt met witte verf."
9fc1f140-9a95-5df4-94fb-4bb89eededfb,tg:lhpr:9453_#1,e22_ProductionTechniqueNote,1,kenmerken.lhtechvrijic,"Mechanische afdruk van een pentekening, bijgewerkt met witte verf.","Mechanische afdruk van een pentekening, bijgewerkt met witte verf."
bc356593-2b68-5bf5-bce5-8c07aac5d667,tg:lhpr:11023_#1,e22_ProductionTechniqueNote,1,kenmerken.lhtechvrijic,Houtsnede op kurk,Houtsnede op kurk
cf8707b7-5324-5228-a413-cdb9d89a68c0,tg:lhpr:3516_#1,e22_ProductionTechniqueNote,1,kenmerken.lhtechvrijic,Reproductie op papier,Reproductie op papier
bd9eb850-fe02-5518-bdd0-dbaff349b26f,tg:lhpr:9498_#1,e22_ProductionTechniqueNote,1,kenmerken.lhtechvrijic,"Mechanische afdruk van een pentekening, bijgewerkt met witte verf.","Mechanische afdruk van een pentekening, bijgewerkt met witte verf."
0663546e-b90d-502f-8c80-d6dcb2b8ccfc,tg:lhpr:9488_#1,e22_ProductionTechniqueNote,1,kenmerken.lhtechvrijic,"Mechanische afdruk van een pentekening, bijgewerkt met witte verf.","Mechanische afdruk van een pentekening, bijgewerkt met witte verf."
fa90a123-5c31-50d1-a7b6-47a6fdfe3748,tg:lhpr:4953_#1,e22_ProductionTechniqueNote,1,kenmerken.lhtechvrijic,Reproductie op papier,Reproductie op papier
93c4a473-b7b2-5b0f-a005-67bd0c2922cc,tg:lhpr:9431_#1,e22_ProductionTechniqueNote,1,kenmerken.lhtechvrijic,"Mechanische afdruk van een pentekening, bijgewerkt met witte verf.","Mechanische afdruk van een pentekening, bijgewerkt met witte verf."
8c63eaa8-d605-5a75-9c23-c6337689678f,tg:lhpr:9264_#1,e22_ProductionTechniqueNote,1,kenmerken.lhtechvrijic,"Mechanische afdruk in kleur, van pentekening.","Mechanische afdruk in kleur, van pentekening."
4ec172df-123a-5c1d-89f9-6ef04eb00dae,tg:lhpr:9504_#1,e22_ProductionTechniqueNote,1,kenmerken.lhtechvrijic,"Mechanische afdruk van een pentekening, bijgewerkt met witte verf.","Mechanische afdruk van een pentekening, bijgewerkt met witte verf."
31a68cba-2088-54cb-8e2f-81485433f295,tg:lhpr:9514_#1,e22_ProductionTechniqueNote,1,kenmerken.lhtechvrijic,"Mechanische afdruk van een pentekening, bijgewerkt met witte verf.","Mechanische afdruk van een pentekening, bijgewerkt met witte verf."
a07f061c-3787-506b-9b15-e5b454e2fdbc,tg:lhtk:5364_#1,e22_ProductionTechniqueNote,1,kenmerken.lhtechvrijic,Tekening in grafietpotlood,Tekening in grafietpotlood
194a0ea2-2037-513d-998f-13f8841e9b97,tg:lhtk:4235_#1,e22_ProductionTechniqueNote,1,kenmerken.lhtechvrijic,vilstift op papier,vilstift op papier
05d42c58-b718-582a-8ee6-e6aee4684131,tg:lhtk:4873_#1,e22_ProductionTechniqueNote,1,kenmerken.lhtechvrijic,Tekening met zwarte balpen,Tekening met zwarte balpen
a6db98a0-7fa1-5a07-b66d-a9fdca26eb84,tg:lhtk:5492_#1,e22_ProductionTechniqueNote,1,kenmerken.lhtechvrijic,Tekening met chineze inkt.,Tekening met chineze inkt.
81563005-e0b2-527c-ba69-c356c597ec4a,tg:lhtk:4774_#1,e22_ProductionTechniqueNote,1,kenmerken.lhtechvrijic,Tekening met zwarte balpen op papier,Tekening met zwarte balpen op papier
7817ce46-74cf-5029-93bc-0b9aab92c187,tg:lhtk:4764_#1,e22_ProductionTechniqueNote,1,kenmerken.lhtechvrijic,Tekening met zwarte balpen,Tekening met zwarte balpen
220babe1-2c27-5ec6-bf80-a056ca195d5d,tg:lhtk:4924_#1,e22_ProductionTechniqueNote,1,kenmerken.lhtechvrijic,Tekening met zwarte balpen,Tekening met zwarte balpen
957caa15-6d1e-5328-bd41-7c3c4a687ebb,tg:lhtk:4887_#1,e22_ProductionTechniqueNote,1,kenmerken.lhtechvrijic,Tekening met zwarte balpen,Tekening met zwarte balpen
2cdac467-bb64-5641-959b-10df5125b28e,tg:lhtk:4897_#1,e22_ProductionTechniqueNote,1,kenmerken.lhtechvrijic,Tekening met zwarte balpen,Tekening met zwarte balpen
f232dc8d-308d-5d73-bf55-864c6732c08d,tg:lhtk:4946_#1,e22_ProductionTechniqueNote,1,kenmerken.lhtechvrijic,Tekening met zwarte balpen,Tekening met zwarte balpen
ef5f5180-420c-5912-9045-5971e439f9a1,tg:lhtk:4956_#1,e22_ProductionTechniqueNote,1,kenmerken.lhtechvrijic,Tekening met zwarte balpen,Tekening met zwarte balpen
2710d01d-3c72-5536-9179-7a43150ae48b,tg:lhtk:4960_#1,e22_ProductionTechniqueNote,1,kenmerken.lhtechvrijic,Tekening met zwarte balpen,Tekening met zwarte balpen
232db91b-83fc-5a18-add1-2383385803ee,tg:lhtk:8482_#1,e22_ProductionTechniqueNote,1,kenmerken.lhtechvrijic,Tekening met potlood op beige papier.,Tekening met potlood op beige papier.
74f3a73d-54fe-5196-819e-8f518518ba3d,tg:lhtk:9092_#1,e22_ProductionTechniqueNote,1,kenmerken.lhtechvrijic,"lijntekening, vermoedelijk rechtstreeks op computer gemaakt of met computer vergroot.","lijntekening, vermoedelijk rechtstreeks op computer gemaakt of met computer vergroot."
c870cf78-d922-5301-8a07-53aa8a0dcad4,tg:lhtk:2815_#1,e22_ProductionTechniqueNote,1,kenmerken.lhtechvrijic,"pen, aquarel en potlood op papier","pen, aquarel en potlood op papier"
b4fbf54a-328b-5c82-ba22-19c45c640941,tg:lhtk:4902_#1,e22_ProductionTechniqueNote,1,kenmerken.lhtechvrijic,Tekening met zwarte balpen,Tekening met zwarte balpen
6ce2bbbc-20ad-5313-bd65-2cebe572e5c0,tg:lhtk:15534_#1,e22_ProductionTechniqueNote,1,kenmerken.lhtechvrijic,Balpen op karton,Balpen op karton
47b17581-9a2d-5ffc-b82b-ea24f61a604f,tg:lhtk:8414_#1,e22_ProductionTechniqueNote,1,kenmerken.lhtechvrijic,Lijntekening met potlood en perforaties op bruin papier voor het overbrengen op de muur.,Lijntekening met potlood en perforaties op bruin papier voor het overbrengen op de muur.
7609e9ea-419c-52d8-881e-ff60a3b221bb,tg:lhtk:8476_#1,e22_ProductionTechniqueNote,1,kenmerken.lhtechvrijic,Tekening met potlood op beige papier.,Tekening met potlood op beige papier.
43d67e5e-801f-5541-8345-2202fedf21e6,tg:lhtk:2637_#1,e22_ProductionTechniqueNote,1,kenmerken.lhtechvrijic,viltstift op karton,viltstift op karton
ff33229c-b360-5849-a54c-1d2012626cdf,tg:lhtk:5342_#1,e22_ProductionTechniqueNote,1,kenmerken.lhtechvrijic,"Tekening met pen, oost-indische inkt","Tekening met pen, oost-indische inkt"
8d728adb-082d-5c93-a674-85daaa6af0fd,tg:lhtk:5100_#1,e22_ProductionTechniqueNote,1,kenmerken.lhtechvrijic,tekening met zwarte balpen,tekening met zwarte balpen
cdf26777-3db6-5fe7-b1a7-14beb79f7f3b,tg:lhtk:2522_#1,e22_ProductionTechniqueNote,1,kenmerken.lhtechvrijic,Bister.,Bister.
6e3ba376-1ddd-53dc-95cc-fe0bd1f28b1e,tg:lhtk:5047_#1,e22_ProductionTechniqueNote,1,kenmerken.lhtechvrijic,Pentekening met oost-indische inkt,Pentekening met oost-indische inkt
81804a2f-d2d1-51ce-a547-e9aafa91c372,tg:lhtk:5353_#1,e22_ProductionTechniqueNote,1,kenmerken.lhtechvrijic,Pentekening met oost-indische inkt,Pentekening met oost-indische inkt
7dfb178e-0f23-5587-841d-f787b998594c,tg:lhtk:4659_#1,e22_ProductionTechniqueNote,1,kenmerken.lhtechvrijic,Sjabloon,Sjabloon
0b121c9e-eb2b-595d-8b69-d488280592e2,tg:lhtk:5343_#1,e22_ProductionTechniqueNote,1,kenmerken.lhtechvrijic,"Tekening met pen, oost-indische inkt","Tekening met pen, oost-indische inkt"
1f8112c7-beb0-5456-8939-8275137f728e,tg:lhtk:4798_#1,e22_ProductionTechniqueNote,1,kenmerken.lhtechvrijic,Tekening met zwarte balpen,Tekening met zwarte balpen
80b37b4b-80f5-54de-879c-a00dceaad7f1,tg:lhtk:5292_#1,e22_ProductionTechniqueNote,1,kenmerken.lhtechvrijic,Tekening met oost-indische inkt op papier en kleurpotlood op kalkpapier,Tekening met oost-indische inkt op papier en kleurpotlood op kalkpapier
dcbb0c9d-3ded-5f2c-9973-98f5da0ad8aa,tg:lhtk:9478_#1,e22_ProductionTechniqueNote,1,kenmerken.lhtechvrijic,Paarse viltstift op papier.,Paarse viltstift op papier.
0f5ad56f-ff11-51a8-b438-41b0bc504f7f,tg:lhtk:3824_#1,e22_ProductionTechniqueNote,1,kenmerken.lhtechvrijic,Balpen op karton,Balpen op karton
b1805837-21a5-5ce0-b127-7787b07af233,tg:lhtk:599_#1,e22_ProductionTechniqueNote,1,kenmerken.lhtechvrijic,getekend met een soort pasta op triplex,getekend met een soort pasta op triplex
68252055-03e9-54f9-b077-1cbca5208243,tg:lhtk:4234_#1,e22_ProductionTechniqueNote,1,kenmerken.lhtechvrijic,vilstift op papier,vilstift op papier
d97a743b-7f90-57e8-9a5d-f0e37f2c1294,tg:lhtk:4765_#1,e22_ProductionTechniqueNote,1,kenmerken.lhtechvrijic,Tekening met zwarte balpen,Tekening met zwarte balpen
66931b3d-2d8b-522f-9127-bbd56e5b1ba4,tg:lhtk:5493_#1,e22_ProductionTechniqueNote,1,kenmerken.lhtechvrijic,Tekening met chineze inkt.,Tekening met chineze inkt.
2054f2e4-9bcc-599f-b0cc-71bbd0ffbf9e,tg:lhtk:3594_#1,e22_ProductionTechniqueNote,1,kenmerken.lhtechvrijic,getekend op hout van sigarenkist.,getekend op hout van sigarenkist.
e73807c7-d79b-51c3-99d5-d49f66277883,tg:lhtk:4925_#1,e22_ProductionTechniqueNote,1,kenmerken.lhtechvrijic,Tekening met zwarte balpen,Tekening met zwarte balpen
9d350650-97df-52e6-8c61-ac75e8fb2c81,tg:lhtk:4896_#1,e22_ProductionTechniqueNote,1,kenmerken.lhtechvrijic,Tekening met zwarte balpen,Tekening met zwarte balpen
3b444fe8-ea8a-56f6-9f30-ee808c1bc782,tg:lhtk:4901_#1,e22_ProductionTechniqueNote,1,kenmerken.lhtechvrijic,Tekening met zwarte balpen,Tekening met zwarte balpen
11ffa49d-60f3-5f80-b40d-fbb26fef2736,tg:lhtk:9473_#1,e22_ProductionTechniqueNote,1,kenmerken.lhtechvrijic,Paarse viltstift op bruin papier.,Paarse viltstift op bruin papier.
743046cc-ec16-55d9-b62d-bbb1acaddfdd,tg:lhtk:4869_#1,e22_ProductionTechniqueNote,1,kenmerken.lhtechvrijic,Tekening met blauwe balpen,Tekening met blauwe balpen
67657ff7-106a-522a-b860-6e1e8bdb58bb,tg:lhtk:5274_#1,e22_ProductionTechniqueNote,1,kenmerken.lhtechvrijic,Tekening met oost-indische inkt op papier en kleurpotlood op kalkpapier,Tekening met oost-indische inkt op papier en kleurpotlood op kalkpapier
c7cc78ba-621a-57fb-ac9f-b1cd79dc10b9,tg:lhtk:5102_#1,e22_ProductionTechniqueNote,1,kenmerken.lhtechvrijic,tekening met zwarte balpen,tekening met zwarte balpen
9ea80902-2f46-5e72-8527-b81dd5e03b67,tg:lhtk:8481_#1,e22_ProductionTechniqueNote,1,kenmerken.lhtechvrijic,Tekening met potlood op grijs papier.,Tekening met potlood op grijs papier.
882f12df-0c5a-5f4b-bcf1-ee7e6ba568b4,tg:lhtk:4963_#1,e22_ProductionTechniqueNote,1,kenmerken.lhtechvrijic,Tekening met zwarte balpen,Tekening met zwarte balpen
a1b6ee04-21b9-5cbb-8e40-f55299e231e1,tg:lhtk:5341_#1,e22_ProductionTechniqueNote,1,kenmerken.lhtechvrijic,Tekening met pen en penseel,Tekening met pen en penseel
89e224e0-cf1c-5c65-9b4e-616c373c53db,tg:lhtk:8619_#1,e22_ProductionTechniqueNote,1,kenmerken.lhtechvrijic,Collage van houtskooltekening samen met een foto.,Collage van houtskooltekening samen met een foto.
d14983ef-0a92-58e9-bc23-8a92db8d371f,tg:lhtk:4767_#1,e22_ProductionTechniqueNote,1,kenmerken.lhtechvrijic,Tekening met zwarte balpen,Tekening met zwarte balpen
237b392e-2fb2-51d3-8326-0913498b1330,tg:lhtk:5491_#1,e22_ProductionTechniqueNote,1,kenmerken.lhtechvrijic,Tekening met chineze inkt op papier.,Tekening met chineze inkt op papier.
770e80a2-5fe7-5851-ad6b-e84887e67af9,tg:lhtk:4812_#1,e22_ProductionTechniqueNote,1,kenmerken.lhtechvrijic,Tekening met blauwe balpen,Tekening met blauwe balpen
2e6fd851-ffb1-5b36-b9f6-536240f0fbf7,tg:lhtk:4918_#1,e22_ProductionTechniqueNote,1,kenmerken.lhtechvrijic,Tekening met zwarte balpen,Tekening met zwarte balpen
f64620f9-c794-5945-a734-f2cfcea2c17f,tg:lhtk:4908_#1,e22_ProductionTechniqueNote,1,kenmerken.lhtechvrijic,Tekening met zwarte balpen,Tekening met zwarte balpen
10bf4261-13bd-5f4b-96c1-487ad86927d7,tg:lhtk:4870_#1,e22_ProductionTechniqueNote,1,kenmerken.lhtechvrijic,Tekening met blauwe balpen,Tekening met blauwe balpen
b9363cfc-9e0f-5a87-928d-5f57bb9f17f4,tg:lhtk:4715_#1,e22_ProductionTechniqueNote,1,kenmerken.lhtechvrijic,Tekening met zwarte balpen,Tekening met zwarte balpen
71eaecf0-d760-55df-b417-52cfbc2fd1e6,tg:lhtk:4758_#1,e22_ProductionTechniqueNote,1,kenmerken.lhtechvrijic,Tekening met zwarte balpen op papier,Tekening met zwarte balpen op papier
709516f1-6652-53b2-9ce5-ad21bff71fc3,tg:lhtk:3614_#1,e22_ProductionTechniqueNote,1,kenmerken.lhtechvrijic,"Tekening met trekpen, ingeschilderd met plakkaatverf.","Tekening met trekpen, ingeschilderd met plakkaatverf."
22f8ca32-7c53-5b92-b4b6-28002af35636,tg:lhtk:5289_#1,e22_ProductionTechniqueNote,1,kenmerken.lhtechvrijic,Tekening met oost-indische inkt op papier en kleurpotlood op kalkpapier,Tekening met oost-indische inkt op papier en kleurpotlood op kalkpapier
579eecbd-b601-5910-b7bb-21bb26eea8d9,tg:lhtk:4927_#1,e22_ProductionTechniqueNote,1,kenmerken.lhtechvrijic,Tekening met zwarte balpen,Tekening met zwarte balpen
1f1492e6-5c11-59b0-8928-121826afc55d,tg:lhtk:4813_#1,e22_ProductionTechniqueNote,1,kenmerken.lhtechvrijic,Tekening met zwarte balpen,Tekening met zwarte balpen
4eee6ec0-7437-5783-9206-63e02a5a5d31,tg:lhtk:15478_#1,e22_ProductionTechniqueNote,1,kenmerken.lhtechvrijic,Knipwerk: Schaduwportret met zwart papier.,Knipwerk: Schaduwportret met zwart papier.
cb723879-86b6-5e24-bab0-1cc5063fee13,tg:lhtk:4714_#1,e22_ProductionTechniqueNote,1,kenmerken.lhtechvrijic,Tekening met zwarte balpen,Tekening met zwarte balpen
be129ffb-768b-54dd-a200-4efc2a865f75,tg:lhtk:4909_#1,e22_ProductionTechniqueNote,1,kenmerken.lhtechvrijic,Tekening met zwarte balpen,Tekening met zwarte balpen
0c8369e0-7bcd-556f-a694-31821e316996,tg:lhtk:4919_#1,e22_ProductionTechniqueNote,1,kenmerken.lhtechvrijic,Tekening met zwarte balpen,Tekening met zwarte balpen
77dce089-b5a4-5a8f-9399-a781b138f054,tg:lhtk:4759_#1,e22_ProductionTechniqueNote,1,kenmerken.lhtechvrijic,Tekening met zwarte balpen op papier,Tekening met zwarte balpen op papier
beb88518-f6e3-5717-a6b5-59d6f09cef4d,tg:lhtk:4895_#1,e22_ProductionTechniqueNote,1,kenmerken.lhtechvrijic,Tekening met zwarte balpen,Tekening met zwarte balpen
8ec78092-2414-5134-9668-030f72742a28,tg:lhtk:4944_#1,e22_ProductionTechniqueNote,1,kenmerken.lhtechvrijic,Tekening met zwarte balpen,Tekening met zwarte balpen
ef2111e8-238b-549b-9ee1-746bb15b4e3c,tg:lhtk:2695_#1,e22_ProductionTechniqueNote,1,kenmerken.lhtechvrijic,"aquarel, inkt en collage op papier","aquarel, inkt en collage op papier"
8d26bd9d-33fd-5806-bbac-ede29984bdcc,tg:lhtk:9454_#1,e22_ProductionTechniqueNote,1,kenmerken.lhtechvrijic,"21 x 17,6","21 x 17,6"
190305d5-f787-57c7-a3de-0dfb81344896,tg:lhtk:4926_#1,e22_ProductionTechniqueNote,1,kenmerken.lhtechvrijic,Tekening met zwarte balpen,Tekening met zwarte balpen
e2df08e5-879c-567d-a07b-2ee0e49849b2,tg:lhtk:4868_#1,e22_ProductionTechniqueNote,1,kenmerken.lhtechvrijic,Tekening met blauwe balpen,Tekening met blauwe balpen
dd39317c-6184-58a6-9450-ecec0dfaf95c,tg:lhtk:4910_#1,e22_ProductionTechniqueNote,1,kenmerken.lhtechvrijic,Tekening met zwarte balpen,Tekening met zwarte balpen
1e657dec-b932-5e6c-a96e-dbb717145c42,tg:lhtk:9472_#1,e22_ProductionTechniqueNote,1,kenmerken.lhtechvrijic,Paarse viltstift op bruin papier.,Paarse viltstift op bruin papier.
a8c0a9ee-8cc8-5be4-afc4-6fb817eba99f,tg:lhtk:4900_#1,e22_ProductionTechniqueNote,1,kenmerken.lhtechvrijic,Tekening met zwarte balpen,Tekening met zwarte balpen
bcb61c97-66fc-590e-877d-dd6340b96151,tg:lhtk:4962_#1,e22_ProductionTechniqueNote,1,kenmerken.lhtechvrijic,Tekening met zwarte balpen,Tekening met zwarte balpen
bf9eacb6-6ab6-5eeb-a264-53f64ddf94d7,tg:lhtk:5265_#1,e22_ProductionTechniqueNote,1,kenmerken.lhtechvrijic,Tekening met oost-indische inkt op papier en kleurpotlood op kalkpapier,Tekening met oost-indische inkt op papier en kleurpotlood op kalkpapier
4513d5e0-fd80-55ad-bd6e-9d35422110a9,tg:lhtk:8480_#1,e22_ProductionTechniqueNote,1,kenmerken.lhtechvrijic,Tekening met potlood op beige papier.,Tekening met potlood op beige papier.
e8bb3263-201c-5412-a308-d11712eda703,tg:lhtk:8474_#1,e22_ProductionTechniqueNote,1,kenmerken.lhtechvrijic,Tekening met potlood op beige papier.,Tekening met potlood op beige papier.
250e8d28-ccec-5d3a-8ddf-790250621444,tg:lhtk:5281_#1,e22_ProductionTechniqueNote,1,kenmerken.lhtechvrijic,Tekening met oost-indische inkt op papier en kleurpotlood op kalkpapier,Tekening met oost-indische inkt op papier en kleurpotlood op kalkpapier
443f64c1-fcad-576d-90f1-f7c8d4b09e1d,tg:lhtk:5054_#1,e22_ProductionTechniqueNote,1,kenmerken.lhtechvrijic,Pentekening met oost-indische inkt,Pentekening met oost-indische inkt
2d20b7f3-a9e3-5480-8a0f-5b651ff04132,tg:lhtk:6048_#1,e22_ProductionTechniqueNote,1,kenmerken.lhtechvrijic,"met Oost-Indische inkt en plakaatverf, ingekleurd met sjablonen, op proefdruk van de tekst","met Oost-Indische inkt en plakaatverf, ingekleurd met sjablonen, op proefdruk van de tekst"
a384ebf4-e4cb-5527-823a-220d3f66a4bc,tg:lhtk:9312_#1,e22_ProductionTechniqueNote,1,kenmerken.lhtechvrijic,"Mechanische afdruk van pentekening, met de hand ingekleurd met waterverf.","Mechanische afdruk van pentekening, met de hand ingekleurd met waterverf."
ad21fbfe-5c1b-5712-863c-1b4164359ce2,tg:lhtk:5284_#1,e22_ProductionTechniqueNote,1,kenmerken.lhtechvrijic,Tekening met oost-indische inkt op papier en kleurpotlood op kalkpapier,Tekening met oost-indische inkt op papier en kleurpotlood op kalkpapier
5dcaf01f-1d2e-5525-a7c2-a69540df36c3,tg:lhtk:5294_#1,e22_ProductionTechniqueNote,1,kenmerken.lhtechvrijic,Tekening met oost-indische inkt op papier en kleurpotlood op kalkpapier,Tekening met oost-indische inkt op papier en kleurpotlood op kalkpapier
b709fa83-3733-5687-b277-eab1c1c9c0c0,tg:lhtk:8471_#1,e22_ProductionTechniqueNote,1,kenmerken.lhtechvrijic,Tekening met potlood op beige papier.,Tekening met potlood op beige papier.
06becd7d-d9b1-5ae7-9324-6df1d1b2cd45,tg:lhtk:4755_#1,e22_ProductionTechniqueNote,1,kenmerken.lhtechvrijic,Tekening met zwarte balpen op papier,Tekening met zwarte balpen op papier
fe020e97-8717-52ae-a786-99297bacb01f,tg:lhtk:4899_#1,e22_ProductionTechniqueNote,1,kenmerken.lhtechvrijic,Tekening met zwarte balpen,Tekening met zwarte balpen
9c9caae0-a814-5e77-8864-096b525ef7aa,tg:lhtk:5051_#1,e22_ProductionTechniqueNote,1,kenmerken.lhtechvrijic,Pentekening met oost-indische inkt,Pentekening met oost-indische inkt
eb57fc4b-8a45-5b8f-9824-b1c0062ee89a,tg:lhtk:4958_#1,e22_ProductionTechniqueNote,1,kenmerken.lhtechvrijic,Tekening met zwarte balpen,Tekening met zwarte balpen
55058d2d-a344-5c44-89ea-c7d038bb7c4a,tg:lhtk:3943_#1,e22_ProductionTechniqueNote,1,kenmerken.lhtechvrijic,Bijgetekend met oost-ondische inkt en gouach op afdruk op papier,Bijgetekend met oost-ondische inkt en gouach op afdruk op papier
8cb4f1b4-493c-5965-b854-9f625132b95f,tg:lhtk:4905_#1,e22_ProductionTechniqueNote,1,kenmerken.lhtechvrijic,Tekening met zwarte balpen,Tekening met zwarte balpen
51dbdca8-31a9-50c0-bbe8-ae075dc78ab8,tg:lhtk:6637_#1,e22_ProductionTechniqueNote,1,kenmerken.lhtechvrijic,Fotokopie,Fotokopie
d9f26792-43bb-5112-bf24-c0b5548cacb1,tg:lhtk:5246_#1,e22_ProductionTechniqueNote,1,kenmerken.lhtechvrijic,Tekening met oost-indische inkt op papier en kleurpotlood op kalkpapier.,Tekening met oost-indische inkt op papier en kleurpotlood op kalkpapier.
e06ac6a7-2fbf-57e4-8751-b8b5db81c0b2,tg:lhtk:4880_#1,e22_ProductionTechniqueNote,1,kenmerken.lhtechvrijic,Tekening met zwarte balpen,Tekening met zwarte balpen
2c0ea5eb-d10c-5898-b1d6-84b4412aa6cf,tg:lhtk:5058_#1,e22_ProductionTechniqueNote,1,kenmerken.lhtechvrijic,Tekening met zwarte balpen,Tekening met zwarte balpen
f58f1192-2be4-5613-96ab-deaf77f6426b,tg:lhtk:5048_#1,e22_ProductionTechniqueNote,1,kenmerken.lhtechvrijic,Pentekening met oost-indische inkt,Pentekening met oost-indische inkt
8643b343-9b48-54b5-8594-e08f7f0d5e2e,tg:lhtk:9441_#1,e22_ProductionTechniqueNote,1,kenmerken.lhtechvrijic,Tekening met calligrafie,Tekening met calligrafie
6a1bf2f8-291d-5979-ae12-196a2da9212e,tg:lhtk:4797_#1,e22_ProductionTechniqueNote,1,kenmerken.lhtechvrijic,Tekening met zwarte balpen,Tekening met zwarte balpen
ee227fae-2c4f-582a-b863-86b25f59ac00,tg:lhtk:8468_#1,e22_ProductionTechniqueNote,1,kenmerken.lhtechvrijic,Tekening met potlood op beige papier.,Tekening met potlood op beige papier.
3e7e8607-0c63-5c56-84f9-576e271a2aa1,tg:lhtk:8478_#1,e22_ProductionTechniqueNote,1,kenmerken.lhtechvrijic,Tekening met potlood op beige papier.,Tekening met potlood op beige papier.
b945e102-4ad1-56a2-896c-78106dedc441,tg:lhtk:5093_#1,e22_ProductionTechniqueNote,1,kenmerken.lhtechvrijic,Tekening met zwarte balpen,Tekening met zwarte balpen
b48732df-b5ed-51b6-8a23-83a2bc124a64,tg:lhtk:4232_#1,e22_ProductionTechniqueNote,1,kenmerken.lhtechvrijic,vilstift op hout,vilstift op hout
b0cb9710-c34d-580e-982f-7a2dc346c710,tg:lhtk:4874_#1,e22_ProductionTechniqueNote,1,kenmerken.lhtechvrijic,Tekening met zwarte balpen,Tekening met zwarte balpen
3d8addac-2a94-5fac-be0b-e57d27d138ad,tg:lhtk:5257_#1,e22_ProductionTechniqueNote,1,kenmerken.lhtechvrijic,Tekening met oost-indische inkt op papier en kleurpotlood op kalkpapier,Tekening met oost-indische inkt op papier en kleurpotlood op kalkpapier
c510b577-2dd9-552a-b54f-1d0bba788380,tg:lhtk:6323_#1,e22_ProductionTechniqueNote,1,kenmerken.lhtechvrijic,Foto van bijgewerkte foto.,Foto van bijgewerkte foto.
fbd73df0-be3e-5a29-a1db-f30573073c0b,tg:lhtk:5049_#1,e22_ProductionTechniqueNote,1,kenmerken.lhtechvrijic,Pentekening met oost-indische inkt,Pentekening met oost-indische inkt
f6c29c57-ddc9-5849-a274-c43b6f08c74c,tg:lhtk:5059_#1,e22_ProductionTechniqueNote,1,kenmerken.lhtechvrijic,Tekening met zwarte balpen,Tekening met zwarte balpen
cb91f9ef-4307-5c06-ace1-28fdf33d1c8b,tg:lhtk:4796_#1,e22_ProductionTechniqueNote,1,kenmerken.lhtechvrijic,Tekening met zwarte balpen,Tekening met zwarte balpen
889590a8-da2f-556c-b5e2-e6bcec5b9d21,tg:lhtk:9440_#1,e22_ProductionTechniqueNote,1,kenmerken.lhtechvrijic,foto met knipwerk.,foto met knipwerk.
566d8a61-303c-5765-876a-7bdc6beee411,tg:lhtk:8479_#1,e22_ProductionTechniqueNote,1,kenmerken.lhtechvrijic,Tekening met potlood op beige papier.,Tekening met potlood op beige papier.
f0a1d717-dbb0-5b25-a0f8-96eddc3e6a4a,tg:lhtk:8469_#1,e22_ProductionTechniqueNote,1,kenmerken.lhtechvrijic,Tekening met potlood op beige papier.,Tekening met potlood op beige papier.
a1742ea6-91e0-540c-a5b7-1cd3590c09d6,tg:lhtk:4762_#1,e22_ProductionTechniqueNote,1,kenmerken.lhtechvrijic,Tekening met zwarte balpen,Tekening met zwarte balpen
a6fad036-71d3-50f6-abf7-55551416f994,tg:lhtk:4772_#1,e22_ProductionTechniqueNote,1,kenmerken.lhtechvrijic,Tekening met zwarte balpen,Tekening met zwarte balpen
a7e1d3e7-5a00-5901-8bfb-1d7813ed3233,tg:lhtk:5278_#1,e22_ProductionTechniqueNote,1,kenmerken.lhtechvrijic,Tekening met oost-indische inkt op papier en kleurpotlood op kalkpapier,Tekening met oost-indische inkt op papier en kleurpotlood op kalkpapier
5d20926b-82dc-5972-b339-f9196df233c2,tg:lhtk:545_#1,e22_ProductionTechniqueNote,1,kenmerken.lhtechvrijic,ingegrift in hout en ingekleurd.,ingegrift in hout en ingekleurd.
e5876a54-27d0-5cc4-917a-9bc11bf00e0f,tg:lhtk:3593_#1,e22_ProductionTechniqueNote,1,kenmerken.lhtechvrijic,getekend op hout van sigarenkist.,getekend op hout van sigarenkist.
d3f0ce51-4092-5dba-9102-29eb5f739ad5,tg:lhtk:15184_#1,e22_ProductionTechniqueNote,1,kenmerken.lhtechvrijic,gefixeerd,gefixeerd
7ce22a14-a288-5e3f-b68f-f67527be3d85,tg:lhtk:4233_#1,e22_ProductionTechniqueNote,1,kenmerken.lhtechvrijic,vilstift op papier,vilstift op papier
894ef2a5-6ca3-5599-84fc-b7a1bd9e2c28,tg:lhtk:8470_#1,e22_ProductionTechniqueNote,1,kenmerken.lhtechvrijic,Tekening met potlood op beige papier.,Tekening met potlood op beige papier.
9fa522dd-fed4-58e2-9fe1-662cd45c50b9,tg:lhtk:4949_#1,e22_ProductionTechniqueNote,1,kenmerken.lhtechvrijic,Tekening met zwarte balpen,Tekening met zwarte balpen
84eb47bb-e1dc-5530-bb59-468c03fa4159,tg:lhtk:4959_#1,e22_ProductionTechniqueNote,1,kenmerken.lhtechvrijic,Tekening met zwarte balpen,Tekening met zwarte balpen
ffb56925-a059-5996-b41d-872fd9b7122c,tg:lhtk:4898_#1,e22_ProductionTechniqueNote,1,kenmerken.lhtechvrijic,Tekening met zwarte balpen,Tekening met zwarte balpen
5cbad128-d561-5fa0-a62b-bd66c6d1bb6b,tg:lhtk:5050_#1,e22_ProductionTechniqueNote,1,kenmerken.lhtechvrijic,Pentekening met oost-indische inkt,Pentekening met oost-indische inkt
0881445d-039f-51bd-bc86-c8839ba4c2d9,tg:lhtk:5040_#1,e22_ProductionTechniqueNote,1,kenmerken.lhtechvrijic,Tekening met zwarte balpen,Tekening met zwarte balpen
a0579430-035c-57b3-b732-4b0f6c990a63,tg:lhtk:15179_#1,e22_ProductionTechniqueNote,1,kenmerken.lhtechvrijic,Oliekrijt - veelkleurig.,Oliekrijt - veelkleurig.
15278e20-d94b-5938-913d-b8373fb0b116,tg:lhtk:2653_#1,e22_ProductionTechniqueNote,1,kenmerken.lhtechvrijic,viltstift op karton,viltstift op karton
4ed15a25-4117-5d81-8c7a-6d5095de3615,tg:lhtk:4914_#1,e22_ProductionTechniqueNote,1,kenmerken.lhtechvrijic,Tekening met zwarte balpen,Tekening met zwarte balpen
dffde920-c596-5c18-99db-08fdaafe6452,tg:lhtk:3523_#1,e22_ProductionTechniqueNote,1,kenmerken.lhtechvrijic,"zegel, potlood op papier","zegel, potlood op papier"
d3d84ad0-08c3-5cc0-aced-2104319738dc,tg:lhtk:4248_#1,e22_ProductionTechniqueNote,1,kenmerken.lhtechvrijic,vulpen op papier,vulpen op papier
52ffabab-a941-58fb-a298-6f94c1051ec5,tg:lhtk:5261_#1,e22_ProductionTechniqueNote,1,kenmerken.lhtechvrijic,Tekening met oost-indische inkt op papier en kleurpotlood op kalkpapier,Tekening met oost-indische inkt op papier en kleurpotlood op kalkpapier
3ea067c4-0755-5010-8ee5-69dceb58f51f,tg:lhtk:5237_#1,e22_ProductionTechniqueNote,1,kenmerken.lhtechvrijic,"Tekening met oost-indische inkt op papier en kleurpotlood op kalkpapier,","Tekening met oost-indische inkt op papier en kleurpotlood op kalkpapier,"
171140b8-5187-5a17-b962-72fc3da3e0c9,tg:lhtk:5080_#1,e22_ProductionTechniqueNote,1,kenmerken.lhtechvrijic,Tekening met zwarte balpen,Tekening met zwarte balpen
1b59e884-03ff-5904-be2e-08e2d42a0371,tg:lhtk:3389_#1,e22_ProductionTechniqueNote,1,kenmerken.lhtechvrijic,Reproductie van origineel.,Reproductie van origineel.
3e068f69-2ba0-54cb-bb04-ed674161dcd0,tg:lhtk:4930_#1,e22_ProductionTechniqueNote,1,kenmerken.lhtechvrijic,Tekening met zwarte balpen,Tekening met zwarte balpen
6911d581-923e-5358-ba26-3357d6af5f46,tg:lhtk:4867_#1,e22_ProductionTechniqueNote,1,kenmerken.lhtechvrijic,Tekening met blauwe balpen,Tekening met blauwe balpen
e6ae2d37-a34a-53e0-bb38-185b812db857,tg:lhtk:4770_#1,e22_ProductionTechniqueNote,1,kenmerken.lhtechvrijic,Tekening met zwarte en blauwe balpen,Tekening met zwarte en blauwe balpen
d01e9a00-861f-5181-a8a6-820b117432a9,tg:lhtk:4823_#1,e22_ProductionTechniqueNote,1,kenmerken.lhtechvrijic,Stifttekening,Stifttekening
9225b750-ff02-546a-a4ab-10088225109c,tg:lhtk:9439_#1,e22_ProductionTechniqueNote,1,kenmerken.lhtechvrijic,papieren envelop,papieren envelop
5e216467-2c84-55bf-8e2f-a09bf61cee38,tg:lhtk:9062_#1,e22_ProductionTechniqueNote,1,kenmerken.lhtechvrijic,Reproductie van tekening.,Reproductie van tekening.
e26fc301-918c-5a87-85e3-aebf8c3ea896,tg:lhtk:5052_#1,e22_ProductionTechniqueNote,1,kenmerken.lhtechvrijic,Pentekening met oost-indische inkt,Pentekening met oost-indische inkt
40782909-5334-57a5-84c4-ce596ad3fd7c,tg:lhtk:4756_#1,e22_ProductionTechniqueNote,1,kenmerken.lhtechvrijic,Tekening met zwarte balpen op papier,Tekening met zwarte balpen op papier
e8798be6-6d69-5631-a81d-6bd9d78376a5,tg:lhtk:5030_#1,e22_ProductionTechniqueNote,1,kenmerken.lhtechvrijic,Tekening met zwarte balpen,Tekening met zwarte balpen
8f98b106-4db5-55a6-ad18-67b7851c23d5,tg:lhtk:9178_#1,e22_ProductionTechniqueNote,1,kenmerken.lhtechvrijic,Knipwerk: Schaduwportret met zwart papier.,Knipwerk: Schaduwportret met zwart papier.
3a97d55a-6672-570d-84a1-f463b46754e3,tg:lhtk:5297_#1,e22_ProductionTechniqueNote,1,kenmerken.lhtechvrijic,Tekening met oost-indische inkt op papier en kleurpotlood op kalkpapier,Tekening met oost-indische inkt op papier en kleurpotlood op kalkpapier
df0fbc13-b790-5542-bfa0-2d7b6e849ebb,tg:lhtk:4769_#1,e22_ProductionTechniqueNote,1,kenmerken.lhtechvrijic,Tekening met zwarte balpen,Tekening met zwarte balpen
594f43e9-63bc-5f14-877e-a5961eb6114a,tg:lhtk:6634_#1,e22_ProductionTechniqueNote,1,kenmerken.lhtechvrijic,Fotokopie,Fotokopie
1582e2f1-bb05-5423-9260-ff2e21af384b,tg:lhtk:4906_#1,e22_ProductionTechniqueNote,1,kenmerken.lhtechvrijic,Tekening met zwarte balpen,Tekening met zwarte balpen
70a57f14-6ad1-514d-ba2f-164cc16a3105,tg:lhtk:9474_#1,e22_ProductionTechniqueNote,1,kenmerken.lhtechvrijic,Paarse viltstift op bruin papier.,Paarse viltstift op bruin papier.
b196ae39-2a4c-51a7-b642-340c50b9cd9c,tg:lhtk:5053_#1,e22_ProductionTechniqueNote,1,kenmerken.lhtechvrijic,Pentekening met oost-indische inkt,Pentekening met oost-indische inkt
6a18143e-eded-534b-b757-f32ca8f500d0,tg:lhtk:4757_#1,e22_ProductionTechniqueNote,1,kenmerken.lhtechvrijic,Tekening met zwarte balpen op papier,Tekening met zwarte balpen op papier
8a9f26f1-45e1-5e3f-b142-4b17bcf1af65,tg:lhtk:4832_#1,e22_ProductionTechniqueNote,1,kenmerken.lhtechvrijic,Tekening met zwarte en bruine viltstift,Tekening met zwarte en bruine viltstift
7fb0e515-5f72-5c4c-b0c7-2b5a129feda0,tg:lhtk:5088_#1,e22_ProductionTechniqueNote,1,kenmerken.lhtechvrijic,Tekening met zwarte balpen,Tekening met zwarte balpen
a6446ac9-f867-535e-893b-c9abe535f9db,tg:lhtk:5286_#1,e22_ProductionTechniqueNote,1,kenmerken.lhtechvrijic,Tekening in oost-indische inkt op papier en kleurpotlood op kalkpapier,Tekening in oost-indische inkt op papier en kleurpotlood op kalkpapier
bc726a52-a1ae-5e82-a756-fc85160d6f80,tg:lhtk:4928_#1,e22_ProductionTechniqueNote,1,kenmerken.lhtechvrijic,Tekening met zwarte balpen,Tekening met zwarte balpen
d1b95e9d-af68-5618-b4e0-68c2d024a53b,tg:lhtk:4965_#1,e22_ProductionTechniqueNote,1,kenmerken.lhtechvrijic,Tekening met zwarte balpen,Tekening met zwarte balpen
fa7e6765-eb1e-50d0-9f7f-4b51d1011ecc,tg:lhtk:4055_#1,e22_ProductionTechniqueNote,1,kenmerken.lhtechvrijic,"balpen op papier, blauw","balpen op papier, blauw"
e3c44776-4314-5303-9e79-073c4d0e9a14,tg:lhtk:4768_#1,e22_ProductionTechniqueNote,1,kenmerken.lhtechvrijic,Tekening met zwarte balpen,Tekening met zwarte balpen
8628e3f6-877e-5712-9adc-ecebcd0861d8,tg:lhtk:4917_#1,e22_ProductionTechniqueNote,1,kenmerken.lhtechvrijic,Tekening met zwarte balpen,Tekening met zwarte balpen
907bc847-69a1-52fa-a0df-21c1d49710f3,tg:lhtk:4907_#1,e22_ProductionTechniqueNote,1,kenmerken.lhtechvrijic,Tekening met zwarte balpen,Tekening met zwarte balpen
f5a5e9b6-c9e6-53eb-a678-e3243a2f648b,tg:lhtk:5081_#1,e22_ProductionTechniqueNote,1,kenmerken.lhtechvrijic,Tekening met zwarte balpen,Tekening met zwarte balpen
28676c39-6022-5241-994c-4477676aee34,tg:lhtk:4943_#1,e22_ProductionTechniqueNote,1,kenmerken.lhtechvrijic,Tekening met zwarte balpen,Tekening met zwarte balpen
4d683bc6-1749-5f11-b54e-0c0b9d8b9b60,tg:lhtk:546_#1,e22_ProductionTechniqueNote,1,kenmerken.lhtechvrijic,ingegrift in hout en ingekleurd.,ingegrift in hout en ingekleurd.
e6bc34e5-a7be-5a09-8253-cc846219495a,tg:lhtk:4761_#1,e22_ProductionTechniqueNote,1,kenmerken.lhtechvrijic,Tekening met zwarte balpen,Tekening met zwarte balpen
3a54aa70-4b1f-5fea-9b00-6a101de7683b,tg:lhtk:4771_#1,e22_ProductionTechniqueNote,1,kenmerken.lhtechvrijic,Tekening met zwarte balpen,Tekening met zwarte balpen
